id	off	dup	jp	en	kr
MSG:0:0	00026E		0402cd3bff04001b8e1c153f0c00	<02>Save<00>?¶	<02>세이브<00>할까요?¶
MSG:0:1	00027C		0402cd3bff040001fbab1c0a0402e1e2e73bc53bfc04009c0a0292158411ab17a81a110c00	<02>Saving<00>...\nDo not touch the\n<02>Memory Card<00>¶	<02>세이브<00> 중입니다\n<02>메모리 카드<00>를\n빼지 마세요¶
MSG:0:2	0002A1		01c501b3015f0f0706efe80c00	GP{7:06}Gil¶	소지금 {7:06}길¶
MSG:0:3	0002AE		0f0402cd3bff0400850271028d1b8e1b1f00	<02>Save<00> failed.	 <02>세이브<00>에 실패했습니다
MSG:0:4	0002C0		0402e1e2e73bc53bfc04009e0a1a1abc82118e1d9d00	There is no\n<02>Memory\nCard<00>.	<02>메모리 카드<00>가\n꽂혀 있지 않습니다
MSG:0:5	0002D6		0f890f110a0f11111300	Yes\nNo	 예\n 아니오
MSG:0:6	0002E0		ac8802af8c019f978e1c153f0c00	Floor?¶	몇 층으로 내려갈까요?¶
MSG:0:7	0002EE		d3e6277da885bf3c9d070000	A trap!{7:00}	함정이지롱~{7:00}
MSG:0:8	0002FA		0f0f0f158eac0f0f0f0c00	Furnace¶	   용광로   ¶
MSG:0:9	000305		e7cac1c7e85f27c7cc0c00	Recycle¶	리사이클 박스¶
MSG:0:10	000310		118080800a199dac89849da83c00	Whooa<\n{D}What\nhappened?	아야야야\n이번엔 또 뭐야~
MSG:0:11	00031E		849da82c01c201768801e215950d0a9d3f0a01c201768801e2a8bc823f00	Wah!{D}\nIn front\nof the inn?{D}\nWhy?	뭐야,여관 앞이잖아{D}\n응?\n여관 앞이라고?
MSG:0:12	00033C		8eb72ca88e1a99808ebc1f929d890a1bbf129e84111500	Nothing we\ncan do about{D}\nbeing\ntricked.	뭐,속아 넘어간 건\n어쩔 수 없지
MSG:0:13	000353		ac12939610880217ebe6023301ae880ad05dc95f9e1988f8edf45ded880ad6cb961b118400	The straw\nhat chocobo\nseems to be{D}\nthe keeper\nof the\ndungeon.	아무래도 저 밀짚모자 쓴\n초코보가 이 던전의\n주인인 것 같아
MSG:0:14	000378		1e9d84191fb719881a110aac12ab92111100	We best\nmove on.	그런 건 이제 와서\n아무래도 좋아
MSG:0:15	00038A		9512892c1088f8edf45ded880a01fb8589e9c084c0c1d2e09e0aacbc80bd97109815921b999d0abc821983a89500	The main\nthing is,\nthere is\nprobably{D}\ntreasure\ninside that\ndungeon...	요컨대,저 던전\n안에는 레어 아이템이\n잔뜩 있을지도 모른다\n이거지
MSG:0:16	0003B8		1e99a4bd2cc4e98901c0911e12840a83199a9c01f81b82179815961a0d0a04040b040089f8edf45ded850a019f978211178885021e02408401e6010c0a9c01dc139a950d0a1e99a4bdb78700	Anyway,\nwhile I\nfind us a{D}\nplace to\nstay,you\nshould{D}\nprepare to\nexplore,\n<04>{B}<00>!	그럼,난 살 만한 곳을\n찾아볼 테니까{D}\n<04>{B}<00>,넌 던전에\n내려갈 준비를 해 둬{D}\n그럼 나중에 봐
MSG:0:17	000404		93b70a1196bc1bbd1100	Hello,\nthere!	여어\n어서 와
MSG:0:18	00040E		026e027c01768c9512191e0a84859c026e027c1b8e1bbf1200	Welcome\nto my{D}\nForge.\nWant to\nfuse?	합성소에 잘 왔어\n뭘 합성할까?
MSG:0:19	000427		018fa8873f0d0a1abc16881ca2170a0265025b84e23bf0e7880a02a20282bc82888900	You\nfriends\nwith{D}\nthe hypermoogle\nfrom{D}\nbefore?	너구나?{D}\n아까 그 엄청\n활기찬 모그리의\n친구라는 게
MSG:0:20	00044A		0265025b84e23bf0e784960a01ef01fe8802528c019ebc1f950d0a102c1e121e120d0a1e881280022e9bbc1f0a01c802159c1c9815960d0a1e888316850a0241821799958400	That\nenergetic{D}\nmoogle\nwent to{D}\nsee the\nmayor.{D}\nMy shop\nopens soon{D}so please\ncome by{D}\nthen!	활기찬 모그리라면\n촌장님 댁에 갔어{D}\n아,맞다 맞다{D}\n조만간 색다른\n장사를 시작할 테니까{D}\n그때\n와 줘
MSG:0:21	000490		01ef01fe88025215113f0d0a5fc78819880252881ca00a01a5880252a8950d0a1e19880404db2627c704001a9d9e0a198801ef8801ef01fe1a00	The mayor?{D}\nGo left\nfrom here!{D}\nThe villagemayor,{D}\n<04>Fawkes<00>\nis there.	촌장님 댁 말이야?{D}\n우리 집 바로\n왼쪽 집이야{D}\n거기 <04>포크<00> 씨가\n이 마을 촌장이지
MSG:0:22	0004CA		8ea81988025902549e0a020a1584119da800	My\nmachine{D}\nis not\nrunning.	아직 이 기계가\n안 움직여
MSG:0:23	0004DC		1988025902541ca0850acafe821b8e129da80d0a8485151111c0c1d2e09e0a84111584b700	My machine\nis rusty.{D}\nIf there\nwas an{D}\nitem to\nhelp...	이 기계는 금방\n녹이 슬어 버려{D}\n뭔가 좋은 아이템\n없으려나
MSG:0:24	000501		101010102c100a1e1e2c1e88c53bfc890a84842c849da8113f00	Ahhhh,\nthat!{D}\nThat\ncard! Whatis that?	아아아아,아\n그그,그 카드는\n뭐,뭐야?
MSG:0:25	00051B		024c12950a1999a4bd841100	Not\nthis.	아니야\n이게 아니야
MSG:0:26	000527		1414210a1999892100	Ah,\nthis!	오오!\n이건!
MSG:0:27	000530		93bcb2971e12a80a1999a82100	This\nwill{D}\ndo it!	역시 그렇군\n이거야!
MSG:0:28	00053D		018f210a1ca2119519992100	You!\nAmazing!	너!\n이거 굉장해!
MSG:0:29	000549		10bc210af2e1ed00	Ah!	앗!\n미안
MSG:0:30	000551		c53bfc2c15bc82850a0153bc80bdbc1f9500	Sorry!{D}\nI ended\nup{D}\nusing thecard.	카드,멋대로\n써 버렸어
MSG:0:31	000563		ab922c025902549e020a111f15960a03401b821799958400	But now,\nit runs!{D}\nForgive\nme!	그래도 기계가 움직였으니\n용서해 줘
MSG:0:32	00057B		1e88159b97850a31017da818ca3bfecc1c98159600	As an\napology{D}\nuse it\nonce,free.	그 대신\n1번은 공짜로 해 줄게
MSG:0:33	000590		102c19880259025488031a012a9c0a1b828415bc1f958400	Ah,I\nnever{D}\nexplained\nit...	아,이 기계 설명을\n안 했지
MSG:0:34	0005A8		1e122c198802590254191e9e0ac7eb83c7eb9c01a4a6820a02b51b11c7eb851c9802590254a800	This\nmachine can\nfuse{D}\ntogether\ntwo of\nyour tools.	그래,이 기계야말로\n도구와 도구를 섞어서\n새 도구로 만드는 기계야
MSG:0:35	0005CF		133f0a95179b159684113f00	Eh?\nTell you{D}\nmore?	응?\n잘 모르겠다고?
MSG:0:36	0005DB		133c832c0339035f8502661283a88400	How to say...	음~ 간단히 말하자면
MSG:0:37	0005EB		1e88018f8801b3bc821198d1e10a1e122cd1e19c328111991f960a02b51b11d1e18501de8e99022e9b9800	Those\nTalons you\nhold. Put{D}\ntwo of\nthem in to\ncreate a{D}\nnew one.	네가 가진 그 발톱\n그래,발톱을 2개 넣으면\n새 발톱으로 다시 태어나지
MSG:0:38	000616		1e88018f8801b3bc821198c7e60a1e122cc7e69c328111991f960a02b51b11c7e68501de8e99022e9b9800	Those\nSaddles you\nhold. Put{D}\ntwo of\nthem in to\ncreate a{D}\nnew one.	네가 가진 그 안장\n그래,안장을 2개 넣으면\n새 안장으로 다시 태어나지
MSG:0:39	000641		01e6010cab169892889c328111991f960a02b51b11e2d88501de8e99022e9b989da800	Put two\nequippable{D}\nitems in to\nmake a new\none.	장비품을 2개 넣으면\n새 물건으로 다시 태어나지
MSG:0:40	000664		3d3dd1e13f0a018f2c1e88d1e189ac19ab0a01ba850210991f9da83f00	...\nTalons?\nWhere did{D}\nyou find\nthose\nTalons?	…발톱?\n너,그 발톱은 어디서\n손에 넣은 거야?
MSG:0:41	000681		3d3dc7e63f0a018f2c1e88c7e689ac19ab0a01ba850210991f9da83f00	...\nSaddle?\nWhere did{D}\nyou find\nthose\nTalons?	…안장?\n너,그 안장은 어디서\n손에 넣은 거야?
MSG:0:42	00069E		1e121113ad2c018f0a1e99892c849da8113f0aac19ab01ba850210991f9da83f00	Speaking\nof which\nwhat is{D}\nthat? Where\nis it\nfrom?	그러고 보니,너\n그건 뭐야?\n어디서 손에 넣었어?
MSG:0:43	0006BF		1e9989dadfd13f00	Secret?	그건 비밀?
MSG:0:44	0006C7		025b858498a4bd8411150a025f138217999500	Curious!\nTell me!	궁금하잖아\n알려 줘
MSG:0:45	0006DA		f8e13f00	No?	안 돼?
MSG:0:46	0006DE		123c9d0a025b858498a73c00	Hm...{D}\nHow\nodd.	으음~\n궁금하다~
MSG:0:47	0006EA		849da8bc823f0af8edf45deda8bc823f00	What?\nA dungeon?	뭐라고?\n던전이라고?
MSG:0:48	0006FB		123c9d0a0404c5dfe67b7b04001a9d92027b0364a818ac0af8edf45ded92025b85849884b700	I worry for\n<04>Camillas Dad<00>\nbut also{D}\nthe dungeon\n...	으음~\n<04>카미라 아빠<00>도 걱정이지만\n던전도 궁금하네
MSG:0:49	000721		31017dca3bfecc1c98bc820a036f035ba8bc1f8700	You were\npromised{D}\none free\ntry.	1번 공짜로 해 주기로\n약속했었지
MSG:0:50	000736		1988070081ab111115113f0f0c00	{7:00}	이거 {7:00}개면 될까?¶
MSG:0:51	000744		0700efe80a021e0240a818ac111115843f0f0f0c00	{7:00}	{7:00}길\n필요한데 괜찮겠어?¶
MSG:0:52	000759		01a802c92c8e1001fd01ae9e024a119da80a1088c53bfc88019a1601289e0a841784bc82161f8815843f00	Lately it\nhas not\nworked.{D}\nPerhaps the\nCard has\nworn off?	요즘 또 상태가 안 좋아\n그 카드의 효과가\n다 떨어졌나?
MSG:0:53	000784		1ab72cac9dac9d0241821799950a92bc8314015f9c02e691820d0a0404cad5c004009c19198c01979dab0a11bc1bbf850369961c9da800	You keep\ncoming{D}\nback! After\nsaving more{D}\nmoney,I\nwill ask{D}\n<04>Sania<00> to\nlive here.	자,계속 찾아와 줘\n돈을 더 모아서{D}\n<04>사니아<00>를 여기로 불러\n함께 살 거야
MSG:0:54	0007BB		93bc832c0404cad5c004009e02418217991f950a19991596922c1988140287ab0a026e027c1b8217999500	<04>Sania<00> is\nfinally here!\nKeep fusing{D}\nhere from\nnow on!	드디어 <04>사니아<00>가 와 줬어\n앞으로도 이 가게에서\n합성해 줘
MSG:0:55	0007E6		89a4918e1b820a0404cad5c004008311118e1c00	Hello!{D}\nI am\n<04>Sania<00>.	처음 뵙겠습니다\n<04>사니아<00>라고 해요
MSG:0:56	0007FA		1181920404e6ccc704009e0a141d9b8584bc828e1c00	<04>Rask<00> is\nalways{D}\nhelping\nme.	늘 <04>라스크<00>가\n신세 지고 있어요
MSG:0:57	000810		9b1f1b929e9dad978e1c15960a10841f922c9e9dadbc8217a81a118700	I am doing\nmy best,so{D}\nyou do the\nsame!	저도 열심히 할 테니\n당신도 힘내세요
MSG:0:58	00082D		ac121c983f0a328188026e027c15113f0a1e9983922c338115113f0c00	So,want\nto fuse 2?\nOr 3?¶	어떻게 할래?\n2개 합성?\n아니면 3개?¶
MSG:0:59	00084A		3281880a3381880a939182141700	2\n3\nQuit	2개\n3개\n그만둔다
MSG:0:60	000858		14933f0a1e88c53bfc89849da83f0a80bfbc83015c1d8217999500	Oh? What\nis that\ncard?{D}\nCould I\nsee?	어라?\n그 카드는 뭐야?\n잠깐 보여 줘
MSG:0:61	000873		192c1999892100	What?	이,이건!
MSG:0:62	00087A		10210ff2e1ed0a8e1f93bc1f9500	Sorry!\nI did{D}\nit\nagain!	앗!미안\n또 저질렀어
MSG:0:63	000888		19999c10a19815960a03401b8217999500	Please\nforgive{D}\nme.\nHere.	이걸 줄 테니까\n용서해 줘
MSG:0:64	000899		81110154bc1f9da818ac0a1faf9d015313988301af1200	This was\nmade.{D}\nYou can\nuse it.	그냥 만들어 본 건데\n아마 쓸 만할 거야
MSG:0:65	0008B0		1faf9dc0c1d2e09c31810a01fa035788ac19158c010d9dab1799980d0a02a60202ab892c018f8802528c0a036dbc8217989500	This item\ncan return{D}\nan item to\nyour home.	아마 아이템을 1개\n지상 어딘가로 옮겨 줄 거야{D}\n예정대로라면 너희 집으로\n돌아올 거야
MSG:0:66	0008E3		ac121b1f3f0a8e1fd2e97f5f27c7cc9e119888153f00	What is\nit? Another{D}\nTeleport Box?	무슨 일이야?\n또 텔레포 박스가 필요해?
MSG:0:67	0008F9		89112c1999ab111100	Yes,\nhello.	자,이거면 됐어
MSG:0:68	000902		01b7892c025902549c0a7beb3bc0277d1b1f9da800	I powered\nthe{D}\nmachine.	실은,기계를\n파워업했어
MSG:0:69	000917		026e027c1c988316852ccfd79301b79c0a11bc1bbf8501a4a69819839eab16989da800	When fusing\nyou can also{D}\nadd a seed or\nnut.	합성할 때 씨앗이나 열매를\n같이 섞을 수 있게 됐어
MSG:0:70	00093A		0404c2c1f504009e0adaedd39c17991f9da800	<04>Wiz<00> gave\na hint.	<04>위즈<00>가\n힌트를 줬거든
MSG:0:71	00094D		026e027c1c9883168511bc1bbf8502109998830ad1e193c7e6882c0211011d9c026e01f3ab16980acfd79e1098961b1100	When fusing\nthere is a\nseed to{D}\ncombine abilitiesof Talons and\nSaddles.	합성할 때 같이 넣으면\n발톱이나 안장의 능력을\n합칠 수 있는 씨앗이\n있다나 봐
MSG:0:72	00097E		92bc83920211011d8932811b150a026e027cab16841118ac8400	At most\nup to 2{D}\nabilities\ncan fuse.	다만 능력은 2개까지만\n합성할 수 있지만
MSG:0:73	000998		015c81181f888496849dab920a1f911b828f989da88400	If you\nfind it,{D}\ntry it\nwith many{D}\nthings.	찾으면 뭐든지\n시험해 보라고
MSG:0:74	0009AF		01b78992121ca00252035c9e0a0280131e12848800	Seems my\nfamily{D}\nwill\ngrow soon.	실은 곧 가족이\n늘 것 같아요
MSG:0:75	0009C4		1bad9617af97870a01ae0341bc821ca08501f616178498889500	The children\nwill soon be{D}\nall grown\nup.	오랜만이에요\n아이들은 금방 자라네요
MSG:0:76	0009DE		0404c5c6c00400210d0a19bc808c0241820aa210111a811b841a1100	<04>Kakia<00>!{D}\nCome\nintroduce{D}\nyourself!	<04>카키아<00>!{D}\n이리 와서\n인사드리렴
MSG:0:77	0009FA		192c199d85808900	H...{D}\nhello.	아,안녕하세요
MSG:0:78	000A02		b0ba3c00	...	메롱~
MSG:0:79	000A06		1996210a0404c5c6c004008e80841a112100	Hey!{D}\n<04>Kakia<00>,\nwait!	요 녀석!\n<04>카키아<00>,거기 서!
MSG:0:80	000A18		923c210aa8998503511f88151b9600	Hmph!\nHe takes\nafter...	정말~!\n누굴 닮았담
MSG:0:81	000A27		c4e9153d3d00	Me...	나인가…
MSG:0:82	000A2D		01ae033282bc821f118c9d950aab921f881b119b00	It is\nhard,but{D}\nfun to\nraise{D}\nkids.	아이 키우기는 힘들어요\n그래도 즐거워요
MSG:0:83	000A42		8f9d84027715bc1f18ac0af8edf45ded89030fbc1f8400	Everyone\nis safe.{D}\nThe\ndungeon{D}\nstayed.	모두 무사했지만\n던전은 남았네
MSG:0:84	000A59		f8edf45ded9e109815960a1402879e01ed189699989da800	My store\nstays open{D}\nusing the\ndungeon.	던전이 있으니까\n가게를 계속할 수 있어
MSG:0:85	000A71		8f9d84023901b1ab0a9515bc1f9b00	Glad\nevery{D}\none\nis OK.	모두 무사해서\n다행이에요
MSG:0:86	000A80		f8edf45ded9e841784968417820a9515bc1f88152c9b9815bc1f88150d0a9b1f1b85892c9b159684119b00	I am not\nsure if it{D}\nis good or\nbad that the{D}\ndungeon\nstayed.	던전이 사라지지 않은 게\n잘된 건지,잘못된 건지{D}\n저는 모르겠어요
MSG:0:87	000AAB		f8edf45dedbc8284853f00	What is{D}\na dungeon?{D}\nIs it	던전이 뭐야?
MSG:0:88	000AB6		14921b9a11883f0c00	...cool?¶	재밌어?¶
MSG:0:89	000ABF		a4bd105fc7920a8911bc828f9500	I will\ntry to{D}\ngo in\ntoo!	그럼 나도\n들어가 볼래
MSG:0:90	000ACD		849da80a818e9d84118800	Oh!{D}\nIs it\nboring?	뭐야\n시시해
MSG:0:91	000AD8		3d3d3d3d00	...	……
MSG:0:92	000ADD		f8e1a8950a14015f92bc828416bd00	How{D}\nbad! I\nneed{D}\nmoney!	안 돼\n돈이 없으면
MSG:0:93	000AEC		5fc7892c027f02670176880a0404c2c1f50400bc821112881a00	I am <04>Wiz<00>!{D}\nI run the\nstorage.	나는 창고지기\n<04>위즈<00>라고 해
MSG:0:94	000B06		c6df9e0f0f0f0f0f0f0a04040b0400a8873f00	Are you\n<04>{B}<00>?	혹시 네가\n<04>{B}<00>?
MSG:0:95	000B19		1abc16e23bf0e7880a0404c0d3e604009e161f9500	A moogle,<04>Atla<00>,{D}\ncame by.	아까 모그리\n<04>아트라<00>가 왔었어
MSG:0:96	000B2E		1e881280851f171a9d0ac0c1d2e09c01b3bc820a179815960d0a027f02679c018e188311820a1799bc820266bc821f9500	He said\nsince he\nwill be{D}\nbringing\nitems\nsoon,he{D}\nwanted\nto rent a\nstoreroom.	조만간 아이템을\n잔뜩 가지고\n올 테니까{D}\n창고를 비워 달라고\n하더라고
MSG:0:97	000B5F		921b151b820af8edf45dedab920a015c81181f8815843f00	Maybe\nit is\nitems{D}\nfound in\ndungeons?	혹시\n던전이라도\n찾은 걸까?
MSG:0:98	000B77		14015f9e1f8ebc1f960a8e1f1411ab9500	You need\nmoney!	돈이 모이면\n또 와
MSG:0:99	000B88		1e121e122c5fc7890a027f0267017684881a0d0aac12a8112c027f02679c0a1597828f841115113f00	Right. I\nmanage{D}\nthe store-house.{D}\nNeed some\nstorage?	그래그래,나는\n창고지기야{D}\n어때,창고를\n빌려 보지 않을래?
MSG:0:100	000BB1		318188027f0267852c3130c90ac0c1d2e09e021098881a00	One\nstoreroom{D}\nholds 10\nitems.	창고 1개에 아이템이\n10개 들어가
MSG:0:101	000BC9		ac12a8112c027f026731810a0700efe81a0a15979815113f0c00	Rent one?\n{7:00}	어때,창고 1개\n{7:00}길이야\n빌릴래?¶
MSG:0:102	000BE3		021e02408584bc1f960a168217991f9611111a00	I will\nbe here{D}\nif you\nneed me.	필요해지면\n오면 돼
MSG:0:103	000BF7		8e11ac10973c00	Thanks!	매번 고마워~
MSG:0:104	000BFE		02f918980a02729701c41c0a93919800	Give\nTake\nEnd	맡긴다\n꺼낸다\n그만둔다
MSG:0:105	000C0E		0fc2c1f588027f02670f0c00	Storage¶	 위즈의 창고 ¶
MSG:0:106	000C1A		9212dbc7ea9e11bcb211a89500	Your bag is\nalready full.	이제 주머니가 가득 찼어
MSG:0:107	000C27		108e9790971b8411ab0a94bc17979399ad11111a00	Working\ntoo hard{D}\nis bad.\nRelax\nsome!	너무 무리하지 말고\n천천히 하면 돼
MSG:0:108	000C3C		fce8018f9e198801ef8802b51b1101c00149850a84bc1f881a00	<04>Chip<00> is new\nto living in{D}\nthe village.	도르가 이 마을의\n새 주민이 됐어
MSG:0:109	000C56		159b111101c001499e8b13820a12991b11159f971a00	Glad to\nsee more{D}\ncute new\nresidents!	귀여운 주민이 늘어서\n기쁘기 그지없어
MSG:0:110	000C6C		1e99851b82920404c5dfe67b7b0400890aa811a4bf12af848815b700	I really\nhope that{D}\n<04>Camillas Dad<00>\nis OK.	그나저나 <04>카미라 아빠<00>는\n괜찮은 걸까
MSG:0:111	000C88		0404c5dfe67b7b04009e0a027715bc1f8301afbc1f88850d0a199dac892c0404c0d3e604001500	Just after\n<04>Camillas{D}\nDad<00> was\nsaved,now{D}\n<04>Atla<00>...	<04>카미라 아빠<00>가\n살았다 싶었더니{D}\n이번엔 <04>아트라<00>인가
MSG:0:112	000CAF		102c1e9989029101d013a8870a029101d013932c140336881983890a0404c5dfe604009e179b1b11881a00	Ah,your\nPlant.\n<04>Camilla<00>{D}\nknows\nabout\nplant pots{D}\nand flowers.	아,그건 화분이구나\n화분이나 꽃에 대해선\n<04>카미라<00>가 잘 알아
MSG:0:113	000CDA		0404dfe804001a9d892c0404fce80400018f830a11bc1bbf8517961c9da8bc821a00	<04>Mill<00> is\nliving with{D}\n<04>Chip<00>!	<04>미르<00> 씨는 <04>도르<00> 군과\n함께 산대
MSG:0:114	000CFC		0404fce80400018f922c12991b1e12a89500	<04>Chip<00> seems{D}\nhappy!	<04>도르<00> 군도 기뻐 보여
MSG:0:115	000D0E		0404fce80400018f832c0404dfe804001a9d850a01ae03419e01de8e991f881a0d0a1e9992360297921a00	<04>Mill<00> and\n<04>Chip<00> had{D}\nbabies!{D}\n6 of\nthem!	<04>도르<00> 군과 <04>미르<00> 씨에게\n아이가 태어났어{D}\n그것도 6마리나
MSG:0:116	000D39		1e99851b82920404c0d3e60400890aa811a4bf12af848815b700	I hope\n<04>Atla<00>{D}\nis all\nright.	그나저나 <04>아트라<00>는\n괜찮은 걸까
MSG:0:117	000D53		123c9d0a8e1ff8edf45ded9eab1f9500	Now,\nanother{D}\ndungeon is\nmade.	으음~\n또 던전이 나타났어
MSG:0:118	000D63		ac129396027297034a8e991f88890a029088c5c5cb961b11881a00	This time\na farm{D}\nscarecrow\nwas taken.	아무래도 사로잡힌 건\n밭의 허수아비인가 봐
MSG:0:119	000D7E		318188027b15969b16ab1f0a02fa036aa4bd8411159200	Not just\nthe{D}\ndesire of\none heart.	마음 하나에서 솟아난\n욕망이 아닐지도 몰라
MSG:0:120	000D95		1f171a9d8801c91a8402fa036a9e0a02758ebc82989512840ac1e13bf484881a00	Rather\nit seems\nmany{D}\nsmall\ndesires\ntogether.	수많은 작은 욕망이\n모여 있는 듯한\n느낌이야
MSG:0:121	000DB6		849d8384179b15bc1f881a0d0a1088f8edf45ded890ac5c5cb9c02e91b8202889bbc1f0d0a01ef888f9d8488027b84881a00	Somehow I\nsee. The{D}\nscarecrow\nis a vessel{D}\nfor the\ndungeon to{D}\ntransmit\nour desires.	어쩐지 알 것 같아{D}\n저 던전은\n허수아비를 통해 전해진{D}\n마을 모두의 마음이야
MSG:0:122	000DE8		1e122cf8edf45ded9e0a10bc1f8d129e01ef9e0a01f6161784981b0d0a02e40165920280139815968700	While\na dungeon\nexists,{D}\nthe\ntown grows{D}\nand more\nfriends\narrive.	그래,던전이\n있는 편이 마을이\n커지고{D}\n동료도 늘어나니까
MSG:0:123	000E12		123c9d0a849da8152c02d3014802d8850aa88e1a998211989512843d3d00	It seems\nthe Tyrian\nCrystal is{D}\ndeceiving\nthem.	으음~\n어쩐지 자수정에\n속고 있는 것 같은데…
MSG:0:124	000E30		1196bc1bbd1100	Hello.	어서 오세요
MSG:0:125	000E37		10962c111102a1aa93880ad05dc95fa8198300	Oh,a\nchocobo!{D}\nWhat fine\nfeathers!	어머,깃털이 참 고운\n초코보네요
MSG:0:126	000E4A		dede210a7b7b2cac1985920a1184119b9500	Mom!\nDad is\nmissing!	엄마!\n아빠가 어디에도\n없어
MSG:0:127	000E5C		10963c0aac198c11bc1f880a151b963f00	Oh,wherecould\nhe be?	어머~\n어디 가셨을까?
MSG:0:128	000E6D		029085920a118415bc1f8800	He was\nnot in{D}\nthe\nfield!	밭에도\n없었어
MSG:0:129	000E79		10962c1e121113ad0a10841f7b7b9c015c8e0a1d9dab1b1f3f00	How aboutyou?{D}\nHave you\nseen him?	어머,그러고 보니\n혹시 아이 아빠를\n못 보셨나요?
MSG:0:130	000E93		dffce7880217ebe60a023301ae9c15afbc1f0ad05dc95f8488ab1c9e00	He is a\nchocobo\nwearing{D}\na green\nstraw\nhat.	초록색 밀짚\n모자를 쓴\n초코보인데요
MSG:0:131	000EB0		13210aac19ab015c1f883f00	Oh!\nWhere?	어!\n어디서 봤어?
MSG:0:132	000EBC		10963f0a01c20176ab1c153f0c00	Oh,the\ninn?¶	어머?\n여관이요?¶
MSG:0:133	000ECA		13210a01c2017684883f00	Oh!Theinn?	어!\n여관이라고?
MSG:0:134	000ED5		dede2c8485150a8c9da89b00	Some-\nthing{D}\nis\nfishy,{D}\nMom.	엄마,뭔가\n이상해
MSG:0:135	000EE1		8ea801539b99821184110a01c201768488853d3d00	The inn isnot in{D}\nbusiness\nyet.	아직 영업도 안 하는\n여관인데…
MSG:0:136	000EF6		1e1287ba2c0404c5dfe604000a80bfbc8302a891983f00	Can I\nask a{D}\nfavor,\n<04>Camilla<00>?	그래,<04>카미라<00>\n부탁 좀 해도 될까?
MSG:0:137	000F0D		0404db2627c704001a9d850a1402ac1b821411820a1799983f00	Can you\ntalk to\n<04>Fawkes<00>?	<04>포크<00> 씨께\n이야기 좀\n전해 줄래?
MSG:0:138	000F27		9b15bc1f9b210a019ebc8217989b8700	Got it!\n{D}I will\nbe back!	알았어!\n다녀올게
MSG:0:139	000F37		10960aa2919d841a11870d0a1dbc15170241820a111fa8111f888500	Oh,\nsorry.{D}\nAfter\nyou{D}\ncame all\nthis way.	어머\n미안해요{D}\n모처럼 와\n주셨는데
MSG:0:140	000F53		7b7bbc1f960aac121b1f88151b9600	My,where\nis my{D}\nhusband?	아이 아빠도 참\n어떻게 된 걸까
MSG:0:141	000F62		10960aa2919d841a11870d0a14028788012302ad0a1b8284118800	Oh,sorry.Nothing{D}\nis for\nsale.	어머\n미안해요{D}\n가게 준비를\n못 했어요
MSG:0:142	000F7D		7b7b9e118411830a02159892889e84118800	Papa is\ngone and{D}\nwe have\nnothing{D}\nto sell\neither.	남편이 없으면\n팔 물건이 없어요
MSG:0:143	000F8F		10962c10841f0a84859c92bc8298883f00	Oh,what\nis this?	어머,당신\n뭘 가지고 있어요?
MSG:0:144	000FA0		10962c199911119b9500	How nice.	어머,이거 좋네요
MSG:0:145	000FAA		ac19159601b3bc82161f88150a014096841118ac0a9b1f1b850215bc8217998e1d9d3f00	Not sure\nwhere\nyou bought{D}\nit from,but\nwill you{D}\nsell it?	어디서 가져왔는지\n모르겠지만\n저한테 팔지 않을래요?
MSG:0:146	000FCE		7b7b9e11841115960a02159702299e8417820a198ebc821f8800	We have\nno wares\nwith my{D}\nhusband\ngone.	남편이 없어서\n팔 물건이 없어\n곤란했거든요
MSG:0:147	000FE8		92bc832c119a119a8492889c0a01b3bc82168201781a118700	Please\nbring even{D}\nmore items\nfor us.	앞으로도 여러 가지\n가져와 주세요
MSG:0:148	001001		7b7b89ac198c0a11bc1f88151b963f00	Oh,where\ncould he{D}\nhave\ngone?	아이 아빠는 어디\n간 걸까?
MSG:0:149	001011		8ebc1f177b7bbc1f960aac198c11bc1f88151b960d0a92122c14028785a81c92889e0a841784bc1f888500	Geez,Dad.{D}\nWhere in\nthe world{D}\ndid you\ngo to?{D}\nWe have no\ninventory...	정말 이이도 참\n어디 간 걸까{D}\n이제 가게에 낼 물건도\n다 떨어졌는데
MSG:0:150	00103C		10841f9e2c119a119a8492889c0a92bc82168217999815960a14028792128e1711bc8211989b00	Because you\nhave brought\nmany things{D}\nback,the\nshop is\ndoing well.	당신이 이것저것\n가져다준 덕분에\n가게도 잘되고 있어요
MSG:0:151	001063		0404db2627c704001a9d15960a0324168e1b1f00	<04>Fawkes<00>\ntold me.	<04>포크<00> 씨한테\n들었어요
MSG:0:152	001077		10841f9e01b3bc8217980ac0c1d2e0890d0af8edf45ded159601b3bc820a025abc82161f9288ab0d0a1e88f8edf45ded9c0154bc1f889e0a7b7ba8bc8200	The items you\nbrought were{D}\nfrom the\ndungeon my{D}\nhusband built.	당신이 가져오는\n아이템은{D}\n던전에서 가지고\n돌아온 거고{D}\n그 던전을 만든 게\n남편이라고요
MSG:0:153	0010B5		14033a11ab1c0a9b1f1b1f80887b7b9c0d0a7b7b9c0277188201781a1100	Please,my\nhusband!{D}\n...Please\nsave him!	부탁이에요\n우리 남편을{D}\n남편을 구해 주세요
MSG:0:154	0010D3		3d3d3d3d0a7b7b9c0277188210a1822100	...Save my\nPapa!	……\n아빠를 구해 줘!
MSG:0:155	0010E4		109d84851483841b17820a14a89315847b7b9e3d3d00	My calm,\nmature{D}\npapa...	그렇게 얌전하고\n온화한 아빠가…
MSG:0:156	0010FA		034f892c1403368819831b159b1596841118ac0a848515036e851f829819839e1099ad3d3d00	I really only\nknow about{D}\nflowers. If you\nthink I can{D}\nhelp...	난 꽃밖에 모르지만\n뭔가 도울 일이 있다면…
MSG:0:157	001120		14033a119500	...	부탁해
MSG:0:158	001126		10979e8312870a10841f881415a19500	It is all\nthanks to{D}\nyou!	고마워요\n당신 덕분이에요
MSG:0:159	001136		93bc837b7b92017d01321b82161f9b00	My husband{D}\nis healing.	드디어 남편도 회복됐어요
MSG:0:160	001146		10960a7b7b849602908c01c415181f9b9500	He left\nfor the{D}\nfields.	어머\n남편이라면 밭에 나갔어요
MSG:0:161	001158		0404c0d3e6040080bd9d0aac1284bc80bd1288151b963d3d00	But what\nhappened to{D}\n<04>Atla<00>?	<04>아트라<00>는\n어떻게 되는 걸까…
MSG:0:162	001171		7b7b9c3d3d3d0a10979e831200	Thank\nyou...\nfor my\ndad...	아빠를…\n고마워
MSG:0:163	00117E		9b1f1b85928485150a1401ba0288111a1d8200	Please,\nlet me{D}\nhelp\nsomehow.	나도 뭔가\n돕게 해 줘
MSG:0:164	001191		159bbc1f02918700	Odd{D}\nPlant!	특이한 화분이네
MSG:0:165	001199		f8edf45ded8801fbab0a015c81181f88ab1bbf3f00	Did you\nfind it{D}\nin the\ndungeon?	던전 안에서\n찾은 거지?
MSG:0:166	0011AE		cfd7152c01b79c92bc8284113f0a1e9985023e13980127922c92bc8284113f00	Do you have\nSeeds,Nuts{D}\nor Tonics to\nuse on it?	씨앗이나 열매 없어?\n거기 줄 약도 없어?
MSG:0:167	0011CE		cfd7832c0127ab0a033282828f8e1bbf129500	Try\nusing a{D}\nSeed and\nTonic.	씨앗이랑 약으로\n키워 보자
MSG:0:168	0011E1		0291892c036302081f97880a111183199a8c02e311828300	Place the\nPlant in{D}\nthe\nsunlight.	화분은 햇볕이\n잘 드는 곳에 두고…
MSG:0:169	0011F9		84859c01d01398150190911f960a029101d0138c02109982870d0a019988919dac12899b1f1b9e0a015c82141715968700	Once you\nhave{D}\nchosen what\nto grow{D}\ninsert\nyour Plant.{D}\nLeave the\nrest to me.	뭘 심을지 정하면\n화분에 넣어 줘{D}\n그다음 돌보는 건 내가\n맡을게
MSG:0:170	00122A		8ea82c033789ab8284119b00	Not yet!	아직 싹이 안 났어
MSG:0:171	001236		03379e01c41f9b8700	It grew!	싹이 났네
MSG:0:172	00123F		1699118403368700	Pretty!	예쁜 꽃이네
MSG:0:173	001247		1999bc822cac9d8401b78488151b960a92122c01b3bc82019e17883f0c00	Take this\nnut?¶	이건 어떤 열매일까\n벌써 가져갈 거야?¶
MSG:0:174	001265		03541b82989b950a01b3bc82019e17883f0c00	Ripe!\nTake?¶	잘 익었어\n가져갈 거야?¶
MSG:0:175	001278		92122c027297850241841115960a171abc80bdbc1f9b9500	Darn. It\nrotted.	가지러 안 와서\n썩어 버렸어
MSG:0:176	001290		a2919d870a921202e31701cd01c59e84118800	Sorry\nthere is{D}\nno room.	미안\n더 둘 곳이 없어
MSG:0:177	0012A3		0f0f0f029101d0130f0f0f0c00	Plant¶	   화분    ¶
MSG:0:178	0012B0		ac999c01d01398883f0c00	Seed?¶	뭘 심을래?¶
MSG:0:179	0012BB		ac8801279c023e1398883f0c00	Tonic?¶	어떤 약을 줄래?¶
MSG:0:180	0012C8		1999ab0332829888873f0c00	Grow here?¶	이걸로 키우는 거지?¶
MSG:0:181	0012D4		9b15bc1f9b0a01f601b185033282989b8700	I see.\nI will{D}\ncare\nfor it.	알았어\n소중히 키울게
MSG:0:182	0012E6		dbc7ea9e11bcb211870a02f91882161f963f00	The bag\nis full.{D}\nStore\nitems?	주머니가 가득 찼네\n맡기고 오는 게 어때?
MSG:0:183	0012F9		10979e831200	...	고마워
MSG:0:184	0012FF		8ea82c01b5022a888415ab0a84859e1419bc1f88153d3d00	Still... I\nwonder{D}\nwhat came\nover me...	아직도 내 안에서\n무슨 일이 있었는지…
MSG:0:185	001317		c6c8ed84012885109b1d821b8ebc820a1c8e8415bc1f00	Sorry for\ncausing so{D}\nmuch danger.	위험한 일을 겪게 해서\n미안하네
MSG:0:186	00132E		018f02828502bd9c025f131f01990a02d3024988014802d89c8d97a81b1f9da800	I found a\npurple{D}\ncrystal after\nguiding you.	자네들에게 길을 알려 준 뒤\n보라색 수정을 캐냈다네
MSG:0:187	00134F		01b5022a8801fb852c01b5022aab84110179159e0a01b5022a8801fbab01f6161784bc8211bc1f00	Inside...\nSomething{D}\nthat was not\nme grew{D}\nbigger.	내 안에서,내가 아닌 무언가가\n점점 커져 갔지
MSG:0:188	001377		1e19159602dd892cc6df9e024d021b0a0140bc821198a89a1200	After that\nyou know{D}\nwhat\nhappened.	그다음은 자네가 제일\n잘 알겠지
MSG:0:189	001391		01b5022a88027b888415852c10889512840a027b9e10bc1f8389843d3d3d00	Something\nlike that was{D}\ndeep in my\nheart...	내 마음속에 그런\n마음이 있었다니…
MSG:0:190	0013B0		ac9d84027b85922c02b98303719e10980a1b151b2c03719e02b985849819839e0a10bc82898496841100	The heart\nhas light\nand dark.{D}\nThe most\nimportant\nthing is to{D}\nlighten\ndarkness.	어떤 마음에도 겉과 속이 있지\n하지만 속이 겉이 되는 일은\n있어서는 안 되네
MSG:0:191	0013DA		1b151b2c1088014802d889027b880a02b98303719c02109915139800	The\ncrystal made{D}\nlight\nbecome{D}\ndarkness.	하지만 그 수정은 마음의\n겉과 속을 뒤바꾼다네
MSG:0:192	0013F6		9517027715bc1f9288a80a1e1b822c1c8e841100	You did\nwell to{D}\nhelp. I\nam\nsorry.	용케 살아났군\n그리고,미안하네
MSG:0:193	00140A		018f8802a202829e2c027297034a8e99821b8ebc1f00	Now your\nfriend was{D}\npossessed.	자네 친구가 사로잡히고 말았네
MSG:0:194	001420		01f39e020a1795128584bc1f960a108802909c92bc8301fdb0828f98950d0a0179159b159815921b99841115968400	When I can\nmove,I will\nsearch the{D}\nfield more!\nMaybe I will\nfind something.	몸이 움직이게 되면\n그 밭을 더 조사해 보겠네{D}\n뭔가 알아낼지도 모르니
MSG:0:195	00144F		0404c0d3e6040080bd9d920a04047b7b040092023901b1a8bc1f9b8700	So <04>Atla<00>\nand my{D}\nhusband\nare OK...	<04>아트라<00>도\n<04>남편<00>도 무사했네요
MSG:0:196	00146C		ab922cf8edf45ded898ea80a10989b8700	But the\ndungeon{D}\nstill\nexists.	그래도 던전은 아직\n있네요
MSG:0:197	00147D		01a802c9892cf8edf45ded9e1098889e0a101f978e138501af1382161f9b00	Lately\ndungeons{D}\nexisting\nseems to be{D}\nthe norm.	요즘은 던전이 있는 게\n당연하게 느껴져요
MSG:0:198	00149C		1088f8edf45dedbc82ac121b820a101e1985109888151b96873f00	I wonder\nwhy that{D}\ndungeon is\nover there?	저 던전은 왜\n저기 있는 걸까요?
MSG:0:199	0014B7		0404c0d3e6040080bd9d920a023901b1ab9515bc1f9b8700	I am\nglad <04>Atla<00>{D}\nis OK\ntoo.	<04>아트라<00>도\n무사해서 다행이에요
MSG:0:200	0014CF		0249016d84033693cfd79e0a03328296998214921b9a119b00	Growing\nflowers and{D}\nseeds is\nso neat.	여러 꽃이랑 씨앗을\n키울 수 있어서 재밌어
MSG:0:201	0014E8		a8999211841784bc82841188850af8edf45ded9e109888bc820a022101af025c958700	Nobody is gonebut the\ndungeon is{D}\nstill there.\nMysterious.	아무도 사라지지 않았는데\n던전이 있다니\n신기해
MSG:0:202	00150B		95120a8415841511110252a89500	Man,nice\nhouse.	여어\n꽤 좋은 집이야
MSG:0:203	001519		a899922c01c201768801fb850af8edf45ded9e1098889c0a01409684119512a89500	We should\nensure\nnobody{D}\nelse finds\nthe inn\ndungeon!	아무도 여관 안에\n던전이 있다는 걸\n모르는 것 같아
MSG:0:204	00153B		849da8159b1596841118ac0a1111159da4a89500	No clue why.{D}I have a\ngood{D}\nfeeling.	뭔지 모르겠지만\n느낌이 좋아
MSG:0:205	00154F		a83c0a0283920140968411bc82198389840d0a14023089c4e91f8088e2d8bc820a1983a89500	The reason\nnobody has{D}\nheard of\nthe treasure{D}\nis because\nit is{D}\nwaiting for\nme to{D}\nclaim it!	에휴~\n아무도 모른다는 건{D}\n보물은 우리 차지라는\n거라고
MSG:0:206	001575		8d9d83853c0a9b15bc829d88153f00	Yeeep.{D}\nGet the\npicture?	정말~\n알아듣고 있는 거야?
MSG:0:207	001584		8ebc2c11111500	Bah.	뭐,됐어
MSG:0:208	00158B		19bc808504040b0400880a022501769c012302ad1b8214111f9500	Whatever.\nI had a{D}\nhome set\nup for you,{D}\n<04>{B}<00>!	여기에 <04>{B}<00>의\n방을 마련해 뒀어
MSG:0:209	0015A6		f8edf45ded1596025abc82161f960a1919ab2c025d908311119500	You can use\nit to rest{D}\nafter a\ndungeon.	던전에서 돌아오면\n여기서 쉬면 돼
MSG:0:210	0015C1		83971013a50a025d9dab14111f96ac12a800	Speaking\nof,need{D}\na break?	일단\n쉬어 두는 게 어때
MSG:0:211	0015D3		a4bd1001c201768801e2ab0a8ebc829815968400	I will\nwait{D}\noutside.	그럼 여관 앞에서\n기다릴게
MSG:0:212	0015E7		1e121e122c02e3118214161f110ac0c1d2e0898411153f00	Right.{D}\nNeed me to\nhold items?	맞다,맡겨 두고 싶은\n아이템은 없어?
MSG:0:213	0015FF		1988cfedcc8801fb850ac4e99e02f915bc8214179500	I can keep\nitems in{D}\nthis\ndresser.	이 옷장 안에\n내가 맡아 둘게
MSG:0:214	001615		ab922ccfedcc85890a3130c91b1502109684119500	But only\n10 items{D}\ncan fit\nin here.	하지만 옷장에는\n10개밖에 안 들어가
MSG:0:215	00162A		1f171a9d02e3118214178884960a027f026701768c02ac9c1b8214111f15960a1ebc808c02f918988311119500	If you have\nlots of\nitems,head{D}\nover to the\nstorehouse\nto store them.	많이 맡기려면\n창고지기한테 말해 뒀으니까\n거기 맡기면 돼
MSG:0:216	001657		8485152c02f915bc82141912153f0a1e9983922c01b3bc82019e178815113f00	Wanna deposit\nsomething?{D}\nOr perhaps\nwithdraw?	뭔가 맡아 둘까?\n아니면 가져갈 거야?
MSG:0:217	001677		02f9188214170a01b3bc82019e170a939182141700	Store\nTake\nQuit	맡긴다\n가져간다\n그만둔다
MSG:0:218	00168C		0fc0d3e688cfedcc0f0c00	Dresser¶	 아트라의 옷장 ¶
MSG:0:219	001697		cfedcc8801fb8911bcb211ab1c00	The dresser{D}\nis full.	옷장 안이 가득 찼습니다
MSG:0:220	0016A5		dbc7ea8801fb8911bcb211ab1c00	The bag{D}\nis full.	주머니 안이 가득 찼습니다
MSG:0:221	0016B3		14210a1415139700	Hey!	오!\n어서 와
MSG:0:222	0016BB		ac12a8110a84851510bc1f153f00	So then,\nanything{D}\nhappen?	어때\n뭔가 있었어?
MSG:0:223	0016C9		8b9d8b9d00	Hm!	흠흠
MSG:0:224	0016CE		02db1101bb850a01471101461500	Is\nthat?	빨간 구슬에\n파란 돌이라
MSG:0:225	0016DC		841584150a951a1e12a88400	Magic-\nite?{D}\nSeems\nnice.	꽤\n좋아 보이는데
MSG:0:226	0016E8		93bc83e9c0c0c1d2e0830a0197b09892888501c402be130a1e12a8958400	You have\nfinally\ncome{D}\nacross a\nrare item\ntreasure!	드디어 레어 아이템이라고\n부를 만한 걸 만날\n것 같아
MSG:0:227	001706		8b3c903d3d3d0a01a802d78502bebc1f8316890a0404c5dfe67b7b0400ab0d0a81160243831a991f831685890a0404f45bd5cf3b0400849da800	We met\n<04>Camillas\nDad<00> first.{D}\nBut it\nwas <04>Janita<00>\nat the inn{D}\ninstead.	흐음…\n처음 만났을 때는\n<04>카미라 아빠<00>였고{D}\n떠밀렸을 때는\n<04>자니타<00>였단 말이지
MSG:0:228	001740		8ebc210f111115210ac0c1d2e0119a119a10981b00	What! How isthat? So{D}\nmany items!	뭐!됐어!\n아이템이 잔뜩 있으니까
MSG:0:229	001755		01f6026a16840404c0d3e60400890a0606063d060606063d060606063d060606063d060606063d0a11841100	He is\ngone...{D}\nMy dear\nfriend{D}\n<04>Atla<00>...	사랑하는 <04>아트라<00>는\n{6:06}{6:3D}{6:06}{6:06}·{6:06}{6:06}·{6:06}{6:06}·{6:06}{6:06}·\n이제 없다
MSG:0:230	001781		3d06063d06063d06063d06063d06060d0af2e1ed210f0f00	.{6:06}.{6:06}.{6:06}.{6:06}.{D}\n	·{6:06}·{6:06}·{6:06}·{6:06}·{6:06}{D}\n미안!
MSG:0:231	001799		108e9785014802d89e0a169911a8bc1f15960d0a849da89a128301afbc1f960a9b189b159d841784bc82168200	Sorry! The\ncrystal was{D}\nso pretty,\nI wondered{D}\nwhat it\nwas. No{D}\nclue why.	수정이 너무\n예뻐서{D}\n뭘까 하고 생각했더니\n머리가 이상해져 버렸어
MSG:0:232	0017C6		1a822c10938ebc1f1b0d0a01b789027297034a8e9982988316850a1ca211c1e13bf49c015c1f9da800	That was a\nmistake. I{D}\nsaw an\nincredible{D}\nimage as I\nwas{D}\npossessed.	자,사과는 했으니까{D}\n실은 사로잡혀 있을 때\n굉장한 걸 봤어
MSG:0:233	0017EF		1088014802d8880140014f8801fb850ac4e90282880140968411c0c1d2e00a9e11bcb21110bc1f9da800	The mind\nof the\ncrystal had{D}\nmany items\nI had not\nseen!	그 수정의 지식 속에\n우리가 모르는 아이템이\n잔뜩 있었어
MSG:0:234	001819		1088f8edf45ded8801fb850af627cfc18510989da800	Those are\ndefinitely{D}\nin that\ndungeon!	저 던전 안에\n틀림없이 있어
MSG:0:235	00182F		849da815014096841118ac0a01ef01fe9e1a9e1b821fa700	Not sure\nbut they{D}\nseek the\nmayor.	뭔지 모르겠지만\n촌장이 찾던데
MSG:0:236	001847		838497880404e6ccc70400a818ac0a5fea5fea88025902549c84141b82980a8f1f11a88400	Seems <04>Rask<00> to\nthe left is\nfixing up{D}\nan old\nmachine.	옆집 <04>라스크<00> 말인데\n낡아 빠진 기계를 고치는\n모양이야
MSG:0:237	00186C		c4c1e8ab928699ad0a111188858400	Oil wouldhelp.	기름이라도 바르면\n될 텐데
MSG:0:238	00187B		838497880404e6ccc70400a818ac0a8e1f022d88c53bfc9c01f81b8211980a8f1f11a800	<04>Rask<00> to the\nleft seeks\na different{D}\nCard.	옆집 <04>라스크<00> 말인데\n또 다른 카드를 찾는\n모양이야
MSG:0:239	00189F		849dab922cc0c1d2e09c0a01b5022a8802528c01e89819839e0aab1698961b1100	Seems\nlike no\nmatter{D}\nwhere,it\ncan send\nitems\nhome.	뭐든지 아이템을\n자기 집으로 보낼 수\n있대
MSG:0:240	0018C0		04040b04009e01b3bc820a025abc82161fc0c1d2e09c015c820a8f9d849e2c14ac9a1182989500	<04>{B}<00>,\neveryone is\nsurprised{D}\nto see the\nitems you\nbring back.	<04>{B}<00>,네가 가지고\n돌아온 아이템을 보고\n다들 놀라고 있어
MSG:0:241	0018E7		91a5961b1188832c5eede78488ab0a8f9d848801de018492022e9bbc82161e12a800	They are rare\nand useful,so{D}\nit changed\nthe way of life.	신기하고 편리하니까\n다들 생활도 바뀌겠어
MSG:0:242	001909		ac9dac9dc0c1d2e09c021599ad0ac4e9028288023a01e292021599821798a700	At this\nrate,we{D}\nneed to\nmarket our{D}\nnames,too.	아이템을 척척 팔면\n우리 이름도 알려질 거야
MSG:0:243	001929		ac9dac9dc0c1d2e09c021599ad0a01f6015f01b3801a00	If we keep\nselling,we{D}\nwill be rich!	아이템을 척척 팔면\n큰 부자야
MSG:0:244	001940		01a3020588f8edf45ded3d3d3d0a109989023901958501ed118211983d3d3d00	The next\ndungeon...{D}\nwill go on\nforever...	이번 던전은…\n끝없이 이어져 있어…
MSG:0:245	001960		03129b979e0239113d3d3d0a1e9d84d5c4c19e1c9800	It seems...\nendless.	끝이 없어…\n그런 냄새가 나
MSG:0:246	001976		1e99a4bd100a019ebc828f95121500	Well,whynot take{D}a look?	그럼\n가 볼까
MSG:0:247	001985		8c3c0a1997bd11119300	! This\nis all?	헤에~\n이거 좋은데
MSG:0:248	00198F		023602088501c201768801fb9e0af8edf45ded1e8892880a8584bc82989da800	The\ninside of\nthe inn{D}\nreally IS\na dungeon!	정말로 여관 안이\n던전 그 자체가\n돼 버렸어
MSG:0:249	0019AF		a4bd101f889da8950a04040b04002100	It is up\nto you,{D}\n<04>{B}<00>!	그럼 부탁해\n<04>{B}<00>!
MSG:0:250	0019BF		c4e9892c01ef8801fb9c017dbc820a0279029a9c02759183179500	I will\ngather{D}\ninfo around\nthe village.	난 마을을 돌면서\n정보를 모아 둘게
MSG:0:251	0019DA		ac121b1f3f0d0aa811a4bf12afa8bc82210a849d83158498bc822100	What? Are\nyou OK?{D}\nSomething\nhappen?	왜 그래?{D}\n괜찮다니까!\n어떻게든 될 거야!
MSG:0:252	0019F6		951b951b0a9e9dadbc8217999500	OK,then!{D}\nDo your\nbest!	좋아좋아\n힘내라고
MSG:0:253	001A04		14112ca811a4bf12af153f00	Hey,you\nall right?	이봐,괜찮아?
MSG:0:254	001A10		025b9c0271bc1f960a19198c02f0ad1a991fbc823f00	You fainted\nand ended{D}\nup here?	정신을 잃었더니\n여기로 날아왔다고?
MSG:0:255	001A26		ac1284bc829da83f00	What\nhappened?	어떻게 된 거야?
MSG:0:256	001A2F		3d3d3d3d8ebc1111150aa811a4bf12af1e12a81b8400	...Well.{D}\nAt least\nyou are OK.	……뭐,됐어\n괜찮아 보이니까
MSG:0:257	001A45		1e99ab11119288890a10bc1f88153f00	So,did\nyou{D}\nfind any-thing?	그래서 좋은 건\n있었어?
MSG:0:258	001A55		84210f849da8bc82213f0a01b38002299e841784bc8298a8bc822100	What!\nReally!? Your{D}\nitems are\ngone!	뭐!뭐라고!?\n소지품이 없어졌다고!
MSG:0:259	001A71		849d8219bc1f0aac1297ab2ca811a4bf12af849da800	What the\nhey? At least{D}\nyou are OK!	이런 세상에\n그래서 멀쩡했구나
MSG:0:260	001A87		04040b04002c819f890a849d83151b8201b5011dab0f0d0a025abc8217989da89500	<04>{B}<00>.{D}\nNext time,\ntry to{D}\nget back\non your\nown.	<04>{B}<00>,다음엔\n어떻게든 혼자 힘으로{D}\n돌아오라고
MSG:0:261	001AA9		1e12a4bd8411833d3d00	Counting{D}\non you!	안 그러면…
MSG:0:262	001AB3		1f889da89500	Bye!	부탁해
MSG:0:263	001AB9		199d85808900	Hello.	안녕하세요
MSG:0:264	001ABF		01b789cfedcc88121b9a850aa811a484e4feeb9e024380820a1b8ebc1f88ab1c00	I dropped myimportant\nring.	실은 옷장 뒤에\n소중한 반지를 떨어뜨리고\n말았어요
MSG:0:265	001AE0		8485152c1111c0c1d2e0890a84119288ab1bbf12153f00	Would you\nhappen to{D}\nhave any\ngood items?	뭔가 좋은 아이템은\n없을까요?
MSG:0:266	001AF7		1988c0c1d2e0ab890a0272991e128510978e1d9d8700	Seems this\nitem can{D}\nnot be\ntaken.	이 아이템으로는\n못 꺼낼 것 같네요
MSG:0:267	001B0D		102c1999892100	This!	아,이건!
MSG:0:268	001B14		10979e8312a2a3118e1c0a93bc8302729819839eab168e1b1f00	Thank you\nmuch. Now{D}\nit could be\ntaken.	고맙습니다\n드디어 꺼낼 수 있었어요
MSG:0:269	001B2E		1a1a9315ab1c9e0a1403729c121883bc8217a81a1100	It is not\nmuch but{D}\nhave this\nas thanks.	약소하지만\n답례를 받아 주세요
MSG:0:270	001B44		11933c0f109915960a171d8584bc821b8ebc823d3d00	No,from\nthere. It{D}\nbecame a\nhabit...	아니~ 그 뒤로\n버릇이 돼 버려서…
MSG:0:271	001B5A		84158415111101efab1c0a1999159692bc8301f616170a84971e12ab1c8700	This nice\nvillage\nwill keep{D}\ngrowing.	꽤 좋은 마을이에요\n앞으로 더 커질\n것 같네요
MSG:0:272	001B79		83199aab2c1988c53bfc890a01a801a0ab1c00	By the\nway,Doom{D}\nCard is\ngreat!	그런데 이 카드는\n최고예요
MSG:0:273	001B8C		3202af15962c3102af8c159d1f9d850a14979819839eab169888ab1c159600	Using it\nyou can{D}\neasily go\nfrom 2F to{D}\n1F!	2층에서 1층으로 간단히\n내려갈 수 있으니까요
MSG:0:274	001BAB		ab922c01a802d7853202af85118411830a01fa023b859197199dab1b8e118e1c00	But if\nyou are not on{D}\n2F you\nend up in{D}\nthe ground!	하지만 처음에 2층에 없으면\n땅에 파묻혀 버려요
MSG:0:275	001BCC		198801ef8591a5961b11c0c1d2e09e0a0215969982119883032411820a8abc191b82168e1b1f8800	I heard\nthere were\nrare items{D}\nso I moved\nhere!	이 마을에서 신기한 아이템을\n판다고 들어서\n이사 왔어요
MSG:0:276	001BF4		108801ae852c16161e12840ac0c1d2e09e015c811599ad111188ab1c9e00	I want\nto find an{D}\nitem to help\nmy child.	우리 아이에게 들을 만한\n아이템을 찾으면 좋겠는데요
MSG:0:277	001C12		1988fce9c1ed880236ab0a198801ae858015969c0a9b188217a81a1100	Use the\nDrain\nbook to{D}\ngive\npower to\nmy{D}\nchild.	이 드레인 책으로\n이 아이에게 힘을\n나눠 주세요
MSG:0:278	001C2F		108301ca1bab0265025b850a849888ab1c00	They are\nnearly{D}\nbetter.	조금만 더 있으면\n기운을 차릴 거예요
MSG:0:279	001C41		10b73d3d3d00	Ah...	아아…
MSG:0:280	001C47		0265025b840249853d3d00	Better!	혈색이 돌아와요…
MSG:0:281	001C52		10979e8312a2a3118e1c00	Thank you.	고맙습니다
MSG:0:282	001C5D		ac121403729c1b82111188939600	How can I{D}\nrepay you?	뭐라고 감사드려야 할지
MSG:0:283	001C6B		108801aebc1f960a0144abd33bfc8584bc820a023d9dab11989dab1c00	My\nchild\nbecame a{D}\ntoad to\nplay in a\nfountain.	우리 애가 글쎄\n샘에서 두꺼비가 돼서\n놀고 있지 뭐예요
MSG:0:284	001C88		140338ab2c023dae1f1184b700	I want{D}\nto go play.	밖에서 놀고 싶다~
MSG:0:285	001C95		14034380bd9d890a022101af025c84c0c1d2e09e02438082980af8edf45ded8c023dae85111788ab1bbf3f00	Maybe my\nbrother went\nto check the{D}\ndungeon with\nthe mysterious\nitems?	오빠는\n신기한 아이템이 떨어져 있는\n던전에 놀러 가는 거지?
MSG:0:286	001CC1		101f1b92019e161f1184b700	I want{D}\nto go!	나도 가고 싶다~
MSG:0:287	001CCD		9bb7110a14034380bd9d10979e831200	Wah!{D}\nThanks,\nbrother!	와아\n오빠 고마워
MSG:0:288	001CDD		1415101a9d9e870a109d8e97d33bfc8584bc82023daf84bc8200	Mom said less\nplaying as a{D}\ntoad in\nfountains.	엄마가 말이야\n두꺼비가 돼서 너무 놀지 말래
MSG:0:289	001CF7		15849701f6168401ef850a84bc1f9b8700	This\nvillage{D}\nwill\nkeep{D}\ngrowing.	꽤 큰 마을이\n됐네요
MSG:0:290	001D08		8ea88ea80a159b989b8700	I willknow{D}\nsome\nday.	아직도\n변할 거예요
MSG:0:291	001D13		8ea82c159b9883199a9e0a10989b9500	I am\ncloser to{D}\nknowing!	아직 변할 곳이\n있어요
MSG:0:292	001D23		921201ca1b8485150a159b989b9500	Soon,\nI will{D}\nunder-\nstand!	조금 더 뭔가\n변할 거예요
MSG:0:293	001D32		1ca2119b0a1cad961b1101ef8700	The\nvillage{D}\nis\ngreat,no?	굉장해요\n멋진 마을이네요
MSG:0:294	001D40		0181152c018f1f808502bebc1f88890a1919a8bc1f8400	This is\nwhere we{D}\nmet,yes?	분명,자네들을 만난 게\n여기였지
MSG:0:295	001D57		0404c0d3e60400018f890a023901b1a89a12153d3d3d00	Will <04>Atla<00>\nbe OK...?	<04>아트라<00> 군은\n무사할까…
MSG:0:296	001D6E		9b1f1b892c198802909c0a92bc8301f616171b820d0a198801ef9c941f15850a1b1f1188a89500	I want to\nexpand thefield for\nour{D}\nvillage!	나는 이 밭을\n더 넓혀서{D}\n이 마을을 풍요롭게\n만들고 싶다네
MSG:0:297	001D95		c5c5cb9e841784bc821b8ebc1f00	A scarecrow\nis missing.	허수아비가 없어져 버렸어
MSG:0:298	001DA3		028392027297034a8e998211841188850af8edf45ded892c1e198510980d0aac121b828488153d3d3d00	Nobody is\npossessed\nbut a{D}\ndungeon is\nstill over\nthere...	아무도 사로잡히지 않았는데\n던전은 저기 있어{D}\n어째서일까…
MSG:0:299	001DCD		f8edf45ded890283158802fa036a9c9283850a1e1985026c9e980d0aab892c02838802fa036a8488153d3d00	Dungeons are\nbased on{D}\ndesires,but\nI wonder{D}\nwhose desires\nthese are?	던전은 누군가의 욕망을\n바탕으로 펼쳐지지{D}\n그럼 누구의 욕망일까…
MSG:0:300	001DF9		c15eedd39c015c8e1c153f0c00	See event?¶	SEE EVENT?¶
MSG:0:301	001E06		849d93879d840a8ea893bc8200	I am\ndoing{D}\nsome\nthing.	WAIT\nNOT DONE YET
MSG:0:302	001E13		ac999c11a4989d933f0c00	Which one?¶	WHICH ONE?¶
MSG:0:303	001E1E		1811a3118916be12dbe6f00f0acbd4e7c4dbe6f00f0f121303570ac3c0ea8802360f0f0f0f839101b00affe7edc788c53bfc0f153c01100a9b16014888c53bfc0f0fad1803350ae2d5cf3b1a9dc6edcb0f0f02320acaedf83b8802360f0f0f0f0f0f0a93919300	Shop flag\nScenario flag\nAero Book\nBlink Card\nSpring Card\nMonitor\nThunder Book\nExit	SHOP FLAG\nSCENARIO FLAG\nAERO BOOK\nBLINK CARD\nSPRING CARD\nMONITOR OFF\nTHUNDER BOOK\nEXIT
MSG:0:304	001E85		3030300a3130300a3135300a3230300a3235300a3330300a93919300	000\n100\n150\n200\n250\n300\nEnd	000\n100\n150\n200\n250\n300\nEXIT
MSG:0:305	001EA1		1a111bbf0afce810830aa811329b0aa811339b0a93919300	Start\nChip\nPart 2\nPart 3\nEnd	START\nCHIP AFTER\nPART 2\nPART 3\nEXIT
MSG:0:306	001EB9		30300a31300a32300a33300a34300a35300a93919300	00\n10\n20\n30\n40\n50\nEnd	00\n10\n20\n30\n40\n50\nEXIT
MSG:0:307	001ECF		30300a33300a35300a37300a93919300	00\n30\n50\n70\nEnd	00\n30\n50\n70\nEXIT
MSG:0:308	001EDF		e2d5cf3b1a9d8981159b8411ab0c00	Do not use¶	NO MONITOR¶
MSG:0:309	001EEE		0f30300a0f31300a0f32300a0f33300a0f34300a0f35300a0f36300a0f37300a0f38300a0f39300a3130300a93919300	00\n10\n20\n30\n40\n50\n60\n70\n80\n90\n100\nEnd	 00\n 10\n 20\n 30\n 40\n 50\n 60\n 70\n 80\n 90\n100\nEXIT
MSG:0:310	001F1E		9512191e210a191297bd17887fc1edd3892c023693d1e12cc7e69c0a035701ba85033282981983ab1c0ae0e79c1b8281bc198ea585d2e97fc53bfcab01ef8c0a025abc824c569c10a18e1bbf120a0f0f0f0f0f0f0f159d1bbe120f01fb01ef02cc024d0f959700	Welcome! It is\neffective to make\nsure you raise\nBooks,Talons,{100}\nSaddles. Increase\nyour level without{D}\noverdoing it by\nusing Teleport\nCards to return to\nthe village.\n-Director Nakamura\nKouichi	환영합니다!\n공략 포인트는 책,발톱,안장을\n잘 키우는 것입니다\n무리하게 파고들지 말고 텔레포 카드로\n마을에 돌아와 LV를 올립시다\n    감수 나카무라 코이치
MSG:1:0	008240	MSG:0:0	0402cd3bff04001b8e1c153f0c00	<02>Save<00>?¶	<02>세이브<00>할까요?¶
MSG:1:1	00824E	MSG:0:1	0402cd3bff040001fbab1c0a0402e1e2e73bc53bfc04009c0a0292158411ab17a81a110c00	<02>Saving<00>...\nDo not touch the\n<02>Memory Card<00>¶	<02>세이브<00> 중입니다\n<02>메모리 카드<00>를\n빼지 마세요¶
MSG:1:2	008273	MSG:0:2	01c501b3015f0f0706efe80c00	GP{7:06}Gil¶	소지금 {7:06}길¶
MSG:1:3	008280	MSG:0:5	0f890f110a0f11111300	Yes\nNo	 예\n 아니오
MSG:1:4	00828A	MSG:0:8	0f0f0f158eac0f0f0f0c00	Furnace¶	   용광로   ¶
MSG:1:5	008295	MSG:0:9	e7cac1c7e85f27c7cc0c00	Recycle¶	리사이클 박스¶
MSG:1:6	0082A0		1c118e1d3b9d210a02168e971f119dab1c18ac3b00	Excuse me!{D}\nI would likea room!	저기요~!\n묵고 싶은데요~
MSG:1:7	0082B5		142c93bc8302411f8400	Here\nat last.	오,드디어 왔군
MSG:1:8	0082BF		1abc16159601979dab989da818ac0a8415841501c4821984119da8950d0a04040b040092024d01c68501979dab17999500	I called\nfor a while{D}\nbut nobody\nis coming.{D}\n<04>{B}<00>,you\ncall too!	아까부터 부르는데\n좀처럼 안 나와{D}\n<04>{B}<00>도 같이 불러 줘
MSG:1:9	0082F0		10993f0a109d1f890a1abc16883d3d00	Oh,you\nagain.	어라?\n당신은\n아까 그…
MSG:1:10	008300		016e020f1b951215830a01afbc1f962c109d1f9e0a01e7bc8211bc1f9dab8400	I was\ngoing to\nguide you,{D}but you\nran off!	안내해 주려고\n했더니,당신이\n뛰어가 버려서 말이지
MSG:1:11	008320		8b3c9d3d3d0a8eb711119300	Hmph.\nFine.	흐응…\n뭐,됐어
MSG:1:12	00832C		1bad96170a198801ef8511820d0ae9c0c0c1d2e00a01f81b1c9815960d0a022501762c01f51b829500	I am\ngonna be{D}hunting\nrarities{D}around\nhere,so\n{D}lend me\na room!	당분간\n이 마을에 있으면서{D}\n레어 아이템을\n찾을 거니까{D}\n방 좀 빌려줘
MSG:1:13	008355		e9c0c0c1d2e03f00	Rarity?	레어 아이템?
MSG:1:14	00835D		91a5961b110ac0c1d2e0880a1983a89500	Very\nrare\nitems!	희귀한\n아이템\n말이야
MSG:1:15	00836E		1e12ab1c150a841584151111ab1c870d0aab890a1980968814022501768c00	Is that\nso?{D}\nSounds\nnice.{D}\nYour\nroom is{D}\nthis way.	그래요\n꽤 좋네요{D}\n그럼\n이쪽 방으로
MSG:1:16	00838D		1ab72c1919ab1c0aab892ca294bc1797ac12a73d3d00	Well,here\nit is.{D}\nEnjoy your\nstay...	자,여기예요\n그럼,편히 쉬세요…
MSG:1:17	0083A3		9b3bbc210a849da83c064600	Wah!\nWhat<{6:46}	으악!\n뭐야~{6:46}
MSG:1:18	0083AF		01af1201ee022a2cc0c1d2e001f81b9c0a1a1d82939a120d0a01de160173ae969999ad843d3d0a89bc89bc893d3d00	Find\nthe treasure{D}\nyour heart\ndesires!{D}\nIf you\nmake it out{D}\nalive.{D}\nHahaha...	마음껏 아이템을\n찾게 해 주마{D}\n살아남을 수 있다면 말이지…\n하하하…
MSG:1:19	0083DE		1182823d3d00	Ow...	아야야…
MSG:1:20	0083E4		842c849da83f0a19198900	W,{D}\nwhere\nare we?	뭐,뭐야?\n여긴
MSG:1:21	0083EF		14110f04040b0400210a01278f1f1184889e0a0243808298a72100	Hey,\n<04>{B}<00>!{D}\nThis looks\nlike a\nTonic!	어이 <04>{B}<00>!\n약 같은 게\n떨어져 있어!
MSG:1:22	00840A		1abc1e170a889dab8f9512a62100	We shouldtry it!	당장\n마셔 보자고!
MSG:1:23	008418		01f601cc0223a8bc820a015c82849500	Seems\nfine.	괜찮다니까\n봐 봐
MSG:1:24	008428		ac99ac993d3d00	Right.	어디 보자…
MSG:1:25	00842F		143c0a7f3bcb5deda8953c3d3d00	Ahh<\nA Potion!	오~\n포션이야~…
MSG:1:26	00843D		142c10bc8085920179159e3d3d00	Oh! {D}\nThat way...	오,저쪽에도 뭔가가…
MSG:1:27	00844B		14210a01a30205892c14015fa83b210d0aac1293962c02411f15119e0a10bc1f15928400	Oh!\nMoney!{D}\nComing\nhere was{D}\nworth it\nafter all!	오!\n이번엔 돈이다!{D}\n아무래도 온 보람이\n있었나 봐
MSG:1:28	00846F		01e5022e9b96a5020e1184b73c0d0a849da8159b159d841118ac0a1919892cf8edf45ded8801fba80d0a1e1b822c1116849702300229a800	Dull as\nusual,I{D}\nsee< I am\nnot sure{D}\nbut since\nthis is a{D}\ndungeon,it\nhas treasure.	여전히 둔하구나~{D}\n뭔지는 모르겠지만\n여긴 던전 안이야{D}\n게다가 느닷없이 보물이라고
MSG:1:29	0084A7		a8b73c210a8dbc9d83020e1184b70d0a8112198389842c191985890a017915e9c084c0c1d2e09e0a012bbc8298bc821983a8950d0a8d9d83853c0a9b15bc829d88153f00	Whoa,were\nyou born\nyesterday?{D}\nThere are\nrare items\naround{D}\nhere for\nsure!	에휴~!\n진짜 둔하다니까{D}\n그러니까,여기에는\n뭔가 레어 아이템이\n잠들어 있다는 거야{D}\n정말~\n알아듣고 있는 거야?
MSG:1:30	0084EB		9d3f0f1099893f00	Hm?	응?저건?
MSG:1:31	0084F3		9b9b9b2c849da83c2100	Whoa!{D}\nWha<t?!	으아아,뭐야~!
MSG:1:32	0084FD		9d3f0a849da8d05dc95f153d3d00	Huh?\nChocobo?	응?\n뭐야,초코보잖아…
MSG:1:33	00850B		8cbc3f0ad05dc95f3f00	Eh?	엥?\n초코보?
MSG:1:34	008515		842c849dab199d8483199a850ad05dc95f9e1198881a00	Wh...{D}\nWhy is\nthere a{D}\nchocobo\nhere?	어,어째서 이런 곳에\n초코보가 있는 거야
MSG:1:35	00852C		8c3f0f5fc715113f0a5fc7892c0404c7e93be80400bc821112881a00	Eh? Who am I?\nI am <04>Krehl<00>.	엥?나 말이야?\n나는 <04>크레르<00>라고 해
MSG:1:36	008548		ab2cc6df893f0aac1293bc820a19198c161f881a3f00	And\nyou? How\ndid you{D}\nget in\nhere?	그래서,너는?\n어떻게\n여기 온 거야?
MSG:1:37	00855E		1e12151101c201768801fb1596150abc822c849da8111e97bd2100	Is that\nso! From{D}\ninside the\ninn? Huh!	여관 안에서 왔다고?\n…잠깐,그게 뭐야!
MSG:1:38	008579		0217ebe6023301ae88d05dc95f150a1f118c9d841983850a84bc82161f84b700	A chocobo\nin a\nstraw hat{D}\nseems to\nbe in\ntrouble.	밀짚모자 쓴 초코보라\n큰일이\n나기 시작했네
MSG:1:39	008599		ab922cac121b820ac6c8ed8483199a8c0a019f97821798881a3f00	But why\nare you\ndown in{D}\nsuch a\ndangerousplace?	그런데 어째서\n위험한 곳으로\n내려오는 거야?
MSG:1:40	0085B4		8cba3c0fe23bf0e78391a5961b110ac0c1d2e09c01f81b829888150d0a1f1b15852c191984960a109815928700	Ehh! A\nmoogle sent{D}\nyou to find\ntreasures?{D}\nThey may be\naround here!	헤에~ 모그리랑 희귀한\n아이템을 찾고 있구나{D}\n확실히,여기라면\n있을지도 몰라
MSG:1:41	0085E1		91a5961b11ab01af1101c41b1f18ac0a19198801fb85892c0236bc8211120ac0c1d2e09e10989da800	Speaking of,\nI recall\na treasure{D}\ncalled a\nBook in\nhere!	희귀하다니까 생각났는데\n여기 안에는 책이라는\n아이템이 있어
MSG:1:42	00860A		1e8802369c013890832c022101af025c840a8015969eab98881a0d0a01ba850210991f960a01389dab8f988311111a00	If you\nread books,{D}\nthey emit\nstrange{D}\npower! If\nyou find{D}\none,do try\nit!	그 책을 읽으면 신기한\n힘이 나와{D}\n손에 넣으면\n읽어 보라고
MSG:1:43	00863A		01a802d7892c01c91a848015961b150a01c4841118ac0d0a01388f02c199821798832c92bc8301f616840a8015969eab989512858498881a00	At first,\nonly small{D}\npower emits.\nBut,as you{D}\nget better at\nreading,its{D}\npower gets\nstronger.	처음엔 작은 힘밖에\n안 나오지만{D}\n읽다 보면 익숙해져서 더 큰\n힘이 나오게 돼
MSG:1:44	008673		14bc832c921201b40165a80aa4bd102c025b9c02221882019f97989da89500	Ah,look at\nthe time! Be{D}\ncareful as\nyou go down!	이런,벌써 시간이네\n그럼,조심해서 내려가
MSG:1:45	008692		9b210f9b9b9b212100	Wah!{D}\nWawah!	와!와와와!!
MSG:1:46	00869B		8e2c8e1f11989500	You{D}\nagain!	또,또 있어
MSG:1:47	0086A3		8cbc3f0a019f9782161fa818bc823f00	Eh? Just\nstopping{D}\nby?	엥?\n그냥 내려왔을 뿐이라고?
MSG:1:48	0086B3		8cbc3f0a1999892c848515bc823f00	Eh? What\nis this,{D}\nyou ask?	엥?\n이게 뭐냐고?
MSG:1:49	0086C2		199989870a0402e7cac1c7e85f27c7cc04000abc821112881a00	This is\ncalled a\n<02>Recycle{D}\nBox<00>.	이건 말이야\n<02>리사이클 박스<00>라고 해
MSG:1:50	0086DC		8cbc3f0aac1293bc822c0153128815bc823f00	Eh? How do\nyou use it?	엥?\n어떻게 쓰냐고?
MSG:1:51	0086EF		8b8b3c9d0aac121c9815831112831a00	Fufufu...{D}\nHow,\nindeed.	후후~응\n어떻게 하냐면
MSG:1:52	0086FF		c0c1d2e09c328102109999ad0a1111881a00	Put in 2\nitems...	아이템을 2개 넣으면\n돼
MSG:1:53	008711		c0c1d2e09c328102109998830ac0c1d2e09e318101c4821798881a00	Then,those\ntwo items{D}\nare turned\ninto one!	아이템을 2개 넣으면\n아이템이 1개 나와
MSG:1:54	00872D		a4bd108700	Bye!	그럼 안녕
MSG:1:55	008732		102c1e121e1200	Ah...	아,맞다 맞다
MSG:1:56	008739		d1e1932cc7e6890a80bd9d8301e6010c1b82988815843f00	Ah,right.\nAre you{D}\nequipping\nTalons or{D}\nSaddles?	발톱이나 안장은\n제대로 장비하고 있어?
MSG:1:57	008751		01e6010c1b8411830a9317851f1f84119500	It must\nbe{D}\nequipped\nto help!	장비하지 않으면\n소용없어
MSG:1:58	008763		93b70a951710128700	You\nagain.	여어\n자주 만나네
MSG:1:59	00876C	MSG:1:48	8cbc3f0a1999892c848515bc823f00	Eh? What\nis this,{D}\nyou ask?	엥?\n이게 뭐냐고?
MSG:1:60	00877B		c6df922c1997841187ba00	So nosy!	너도,참 질리지도 않네
MSG:1:61	008786		199989870a0402158eac04000abc821112881a00	This\nis a\n<02>Furnace<00>.	이건 말이야\n<02>용광로<00>라고 해
MSG:1:62	00879A		19999c0153bc820ad1e1932cc7e6884c569c0a10a198881a00	It raises\nlevels of\nTalons and{D}\nSaddles.	이걸로\n발톱이나 안장의 LV를\n올리는 거야
MSG:1:63	0087B3		0153110231892c19121a00	How?	쓰는 법은 이래
MSG:1:64	0087BE		8ea502d791852c161f131f110ad1e1152cc7e69c031baf00	First pick\na Talon{D}\nor Saddle\nto raise.	먼저,단련하고 싶은\n발톱이나 안장을 골라
MSG:1:65	0087D6		0310852c1518026e9b1d980ad1e1152cc7e69c031baf00	Next,\npick one{D}\nto merge\nit with.	다음에,섞을\n발톱이나 안장을 골라
MSG:1:66	0087ED		1e1b822c158eac850a017c9c811898881a00	You then\nlight{D}\nthe\nfurnace.	그리고,용광로에\n불을 붙이는 거야
MSG:1:67	0087FF		8cbc3f0aac1293bc82017c9c0a8118988815bc823f00	Eh? How\ndo you\nlight it?	엥?\n어떻게 불을\n붙이냐고?
MSG:1:68	008815		1e9989872c02369c015312881a00	Use a book.	그건 말이야,책을 쓰는 거야
MSG:1:69	008823		ac99ab92111115960a0153bc828f98881a00	Any\nbook is{D}\nfine. Tryit out.	아무거나 좋으니까\n써 봐
MSG:1:70	008835		ac9915ab2c017c9e81179500	Make fire!	어느 책으로든 불이 붙어
MSG:1:71	008841		d1e189d1e1020b01adab0d0ac7e689c7e6020b01adab0a1518026e9b1d98881a00	Try Talon\n/Talon or{D}\nSaddle/\nSaddle{D}\ncombos.	발톱은 발톱끼리{D}\n안장은 안장끼리\n섞는 거야
MSG:1:72	008862		191293bc822cac9dac9d0a0162171b829417881a00	Do that\nand they{D}\ngradually\nimprove.	이렇게 해서 점점\n강하게 만드는 거야
MSG:1:73	008877		9b15bc1f15843f00	Got it?	알겠어?
MSG:1:74	00887F		87ba2c02db1101bb9c0a015c8415bc1f15113f00	Hey,ever\nseen a{D}\npearl?	있잖아,빨간 구슬\n못 봤어?
MSG:1:75	008893		1dbc1517015c81181f88850a0243831b80bdbc1f881a00	I worked\nto find{D}\none,but\ndropped it.	모처럼 찾았는데\n떨어뜨려 버렸어
MSG:1:76	0088AA		8eb71111930a8e1f015c8115981a00	Whateverthough.{D}\nI can\nget more{D}later.	뭐,됐어\n또 찾을 수 있겠지
MSG:1:77	0088B9		8cbc3f0a01bbbc828485bc823f00	Eh? What\nis a{D}\npearl?	엥?\n구슬이 뭐냐고?
MSG:1:78	0088C7		022101af025c848015969e0a83a4199196991f0a02db1101bb1a00	Pearls\ncontain\nmystic{D}\npowers\nwithin.	신기한 힘이\n갇혀 있는\n빨간 구슬이야
MSG:1:79	0088E2		015311023189873d3d00	And...	쓰는 법은 말이야…
MSG:1:80	0088EC		8cbc3f0a02dd85111284bc823f00	Eh? Say\nno more?	엥?\n먼저 말하지 말라고?
MSG:1:81	0088FA		8eb78eb700	Tsk.	뭐 어때
MSG:1:82	0088FF		015311023189870a01e501ba85af811899ad0a1111881a00	I can\nexplain.\nIt is{D}\nfine.{D}\nTo use,{D}\ntoss it\nat an\nenemy.	쓰는 법은 말이야\n상대에게 부딪치면\n돼
MSG:1:83	008917		c6dfa8bc1f960a01e501ba85019b15bc820a1899ad1111881a00	Face\ntoward\na foe,{D}\nthen\nkick it.	너라면\n상대를 향해\n차면 돼
MSG:1:84	008931		1099892c1111953c00	That{D}\nwill do!	그거 좋아~
MSG:1:85	00893A		1e121e120a1a96850147110146920a1098881a00	There isMagicitealso...	맞다 맞다\n파란 돌도\n있어
MSG:1:86	00894E		1099920a11119da89584b73c00	It is\nnice,too.	그것도\n좋단 말이지~
MSG:1:87	00895B		0140971f113f00	Eh?	알고 싶어?
MSG:1:88	008962		8eb72c032416849500	What?	뭐,들어 봐
MSG:1:89	00896B		01471101460a19998e1f2c841584150a015c8115968411881a00	Explain?\nOK,I can.{D}\nMagicite\nis very\nuncommon.	파란 돌\n이것도 좀처럼\n안 보여
MSG:1:90	008985		1999892c015312a818ab0a022101af025c8419839e141998881a00	Using it,\nsomething{D}\nmysterious\nhappens.	이건 쓰기만 해도\n신기한 일이 일어나
MSG:1:91	0089A0		1999191e0a91a5961b11c0c1d2e01a00	With that,\nit is{D}\nquite rare.	이거야말로\n희귀한 아이템이지
MSG:1:92	0089B0		102c91a5961b11c0c1d2e09c0ae9c0c0c1d2e0bc8211129da8bc183f00	So then,\nthose items{D}\nare referred\nto as{D}\nrare items.	아,희귀한 아이템을\n레어 아이템이라고 했던가?
MSG:1:93	0089CD		0249016d02ac1b821411820a849da818ac1a00	We have\ntalked{D}\nabout a\nlot.	이것저것 말해 놓고\n뭐하지만
MSG:1:94	0089E0		f8edf45ded8801fb8c0a019f9782179888890d0a8dac8dac851b1f8d129e0a11118301af129500	Do be\ncareful{D}\nwith how\ndeep you{D}\ntravel\ninto the{D}\ndungeon.	던전 안으로\n내려오는 건{D}\n적당히 하는 게\n좋을 것 같아
MSG:1:95	008A07		e0e71da5850a01ef8c92ac989da89500	Exit if\nit gets{D}\nrough!	무리하지 말고\n마을로 돌아가
MSG:1:96	008A17	MSG:1:54	a4bd108700	Bye!	그럼 안녕
MSG:1:97	008A1C		8cbc3f0a9212015c81181fbc823f00	See ya!\nEh? You{D}\nalready\ngot it?	엥?\n벌써 찾았다고?
MSG:1:98	008A2B		84158415939887ba00	Not too\nshabby!	제법인데
MSG:1:99	008A34		1099191e0a91a5961b11c0c1d2e01a00	With that\nit is{D}\nquite\nrare.	그거야말로\n희귀한 아이템이지
MSG:1:100	008A44		111183199a8500	Timely!	마침 잘 왔어
MSG:1:101	008A4B		01b789872cf45bedd9e09e0a310297036b11034a9da8881a00	It seems\na hamster{D}\ngot lost.	실은,잔햄이\n1마리 들어와 버렸어
MSG:1:102	008A64		109b8282f8edf45ded15960a03739901c41e12831b1f960d0a80bf12ac2ce2edcccf3b850a01c4179b1b821a0d0a14ac9a11820aac19158c019ebc80bdbc1f881a00	He panicked\nwhen he{D}\nsaw a\nmonster,so{D}\nhe ran.	서둘러 던전에서\n데리고 나가려 했더니{D}\n마침 몬스터와\n딱 마주쳐서{D}\n놀라서\n어딘가로 가 버렸어
MSG:1:103	008AA6		10102c1e121e120af45bedd9e0bc8288898700	Ah,when\nit comes{D}\nto\nhamsters...	아,맞다 맞다\n잔햄이란 건 말이야
MSG:1:104	008AB9		80111a17822cddebddeb1b82820a1484158802a19e036511881a00	They are\ntiny and furry{D}with white\nbelly fur.	작고,폭신폭신하고\n배에 난 털이 하얘
MSG:1:105	008AD4		8cbc3f0a1e12a4bd8411bc823f00	Eh? No\nluck,huh?	엥?\n그게 아니라고?
MSG:1:106	008AE2		ac121b822c1988f8edf45ded850a0210bc8219991f8815bc823f00	Why did it\nenter the{D}\ndungeon,you\nask?	어떻게 이 던전에\n들어올 수 있었냐고?
MSG:1:107	008AFD		f45bedd9e0892c026a033b027b9e016217820aac1985ab92030a9998881a00	Hamsters are\ncurious and{D}\nwander all\nover.	잔햄은 호기심이 강해서\n어디든 나타나
MSG:1:108	008B1C		015c81181f960a0277188210a1828700	Help\nhim if{D}\nyou\nsee him.	찾으면\n도와줘
MSG:1:109	008B2C		83199aab2cc6df0aac1293bc82c0c1d2e09c0a01b3bc821198881a00	By the\nway,how\nare you{D}\nholding\nitems?	그런데,너\n아이템을 어떻게\n가지고 있는 거야
MSG:1:110	008B48		dbeddbed0a0333026f8801fb85c0c1d2e09c0210991f0adbc7ea9c01b3bc8211989da800	Right. The\nbag inside\nyour{D}\nfeathers.	흠흠\n깃털 속에 아이템을 넣은\n주머니를 가지고 있구나
MSG:1:111	008B6C		1e9984962c19120a921201ca1b0333026f9c026ca18200	So,\nextend{D}\nyour\nfeathers.	그럼,이렇게\n깃털을 조금 더 펼쳐 봐
MSG:1:112	008B83		1e121e1200	Ah...	그래 그래
MSG:1:113	008B88		1999ab2c921201ca1b0adbc7ea85c0c1d2e09e0a0210989512858498881a00	Now,you\ncan hold\nmore{D}\nitems in\nyour bag.	이제 조금 더\n주머니에 아이템이\n들어가게 됐어
MSG:1:114	008BA7		9515bc1f0a023901b1a89500	Glad\nyou{D}\nare\nOK.	다행이다\n무사해
MSG:1:115	008BB3		a4bd105fc7890a02949c01fa03578c01e8bc8211179500	Then,I\nwill take{D}\nhim to\nthe exit.	그럼 나는\n이 녀석을 지상에 데려다줄게
MSG:1:116	008BCA		c6df922ce0e71b8411ab0a92acbc821411ab9500	Be sure\nto return{D}\nin one\npiece{D}\ntoo.	너도 무리하지 말고\n돌아와
MSG:1:117	008BDE		118192a28a1116850a10979e8312a2a3118e1c00	Thanks\nfor your{D}\nbusiness.	늘 찾아 주셔서\n감사합니다
MSG:1:118	008BF2		9b1f171b2c1988f8edf45ded8801fbab0a01c802159c1b82118e1c00	I run a shop\ninside of{D}\nthis dungeon.	저는 이 던전 안에서\n장사를 하고 있습니다
MSG:1:119	008C0E		0404c5dfe67b7b04003f0a89823f0f0f0f0f00	Who?	<04>카미라 아빠<00>?\n글쎄요?
MSG:1:120	008C21		9b1f171b91890f0f0f0f0a0404f45bd5cf3b04008303581b8e1c00	<04>Camillas\nDad<00>? No,{D}\nMy name\nis <04>Janita<00>.	저는\n<04>자니타<00>라고 합니다
MSG:1:121	008C3C		016f01992c14015c01409714169c00	I know{D}\nyou...	앞으로 잘 부탁드립니다
MSG:1:122	008C4B		1a822c02dd8dac03581b8e1b1f9512850a9b1f171b892c01c802159c1a1d820a111fa8118214978e1c00	As I\nmentioned\nbefore,{D}\nI run a shop.	그럼,방금 말씀드린 대로\n저는 장사를\n하고 있습니다
MSG:1:123	008C75		8485152ca20210970123849288890aa2a3118e1d9d153f00	Is there\nanything{D}\nyou would\nlike to buy?	뭔가 필요한 물건은\n없으신가요?
MSG:1:124	008C8D		10979e8312a2a3118e1b1f00	Thank you.	감사합니다
MSG:1:125	008C99		1a822c0310017d891181034b0a1402879c017f118214168e1bbf123f00	Well,when\nshould I{D}\nopen up shop\nnext time?	그럼,다음엔 언제쯤\n가게를 열어 둘까요?
MSG:1:126	008CB6		14033e023f88a2033c036a9c0a1412159e112c111f1b8e1c0c00	What do\nyou desire?¶	손님의 희망을\n여쭙겠습니다¶
MSG:1:127	008CD0		8e1f2c1402be111b8e1bbf1200	Let us{D}\nmeet again.	또 뵙겠습니다
MSG:1:128	008CDD		02af1796111083ab0c00	floors¶	층쯤 뒤에¶
MSG:1:129	008CE7		ab892c9b1f171b888d12ab0a1402879c017f118214168e1bbf1200	Then,I\nwill go{D}\nahead and\nopen up{D}\nshop.	그럼,제 쪽에서\n가게를 열어 두지요
MSG:1:130	008D02		102c111f111f00	Owowow!	아,찾았다
MSG:1:131	008D09		f45bedd9e0880404fce80400018f15960a10a5159792881a00	I got\nthis from{D}\n<04>Chip<00>.	잔햄 <04>도르<00> 군한테서\n맡아 온 물건이야
MSG:1:132	008D22		0277188217991f140372850a19999c03601b8202fa1b11bc8200	Take it as\nthanks for{D}\nfinding\nhim.	구해 준 답례로\n이걸 전해 달래
MSG:1:133	008D3C		1999890a0402d9e0ddc127cce804000abc821112881a00	This is\na <02>Ham\nWhistle<00>.	이건\n<02>햄 호루라기<00>라고 해
MSG:1:134	008D53		19999c035917830404fce80400018f9e0a40c0d3e688cfedcc6015960ac0c1d2e09c318101b3bc821682179998881a00	Blow it and <04>Chip<00>\nwill get an\nitem from inside{D}\n<02>Atlas Dresser<00>.	이걸 불면 <04>도르<00> 군이\n「아트라의 옷장」에서\n아이템을 1개 가져다줘
MSG:1:135	008D83		ac12a8113f0a1ca211a89a1200	Nice,\nhuh?	어때?\n굉장하지
MSG:1:136	008D90		8111ab852cdbc7ea9201b3bc82161f881a00	Oh,your bag.	하는 김에,주머니도 가져왔어
MSG:1:137	008DA2		1999a8832c92bc83c0c1d2e09e021098881a00	Want to carry{D}\nmore items?	이거면 아이템이 더 들어가
MSG:1:138	008DB5		1e121e122c1e1293bc8200	Right...	그래 그래,그렇게
MSG:1:139	008DC0		129d2c1e99ab1111881a00	There.{D}\nHow is it?	응,그러면 돼
MSG:1:140	008DCB		a4bd102c0181158503601b1f15968700	I will hand{D}\nthis back.	그럼,확실히 전했다
MSG:1:141	008DDB		149314930a199d8483199a8eab0a0241821b8e12838900	Well\nwell!{D}\nYou made\nit here!	이런 이런\n이런 곳까지\n와 버리시다니
MSG:1:142	008DF2		1b151b2c80bfbc83034c978e1b1f870a198801f38801b3800352892c02fa036a9e01ca841188ab0a1111f8edf45ded9e2cab168e1d9dab1b1f9500	How troubling.{D}\nThe owner of\nthis body has\nfew desires. It{D}\nmakes for a\ndisappointing\ndungeon.	하지만,조금 곤란하군요\n이 몸의 주인은 욕망이 적어서\n좋은 던전이 안 만들어졌어요
MSG:1:143	008E2D		8e101111ab1bbf120a1dbc15172c1411ab111fa8111f88ab1c15960a149282841b9c1b841899ad2c84978e1d9d8700	But I suppose\nit is fine. You\ncame all the{D}\nway,so I will\ndo my part.	뭐,좋습니다\n모처럼 와 주셨으니\n대접을 해야겠지요
MSG:1:144	008E5C		ab892c01821b9dab111fa8168e1bbf1200	Then,let us\nhave some{D}\nfun!	그럼,즐겨 주시지요
MSG:1:145	008E6D		01de160173ae969999ad843d3d0a89bc89bc893d3d0c00	If you live!\nHahaha...¶	살아남을 수 있다면 말이지…\n하하하…¶
MSG:1:146	008E84		93100a8e1f161f8700	Ah,\nyou{D}\ncame\nback.	여어\n또 왔네
MSG:1:147	008E8D		0404c5dfe67b7b04009e0a027715bc1f8301afbc1f888500	<04>Camillas\nDad<00> is{D}\nsafe...	<04>카미라 아빠<00>가\n살았다 싶었더니
MSG:1:148	008EA5		0310890404c0d3e60400153d3d00	But now,{D}\n<04>Atla<00>...	이번엔 <04>아트라<00>인가…
MSG:1:149	008EB3		c5e98802fa036a8901f6161e12a815960af8edf45ded9201f61611a89a128700	His\ndungeon is{D}\nquite large,\nas are his{D}\ndesires.	그 녀석은 욕망이 커 보이니까\n던전도 크겠지
MSG:1:150	008ED3		8cbc3f0a849dab1e9d84850a179b1b119da8bc823f00	Eh?{D}\nHow do I\nknow\nthat?	엥?\n왜 그렇게\n잘 아냐고?
MSG:1:151	008EE9		132c132c133c830a1e2c1e99893c00	Er,uh\nwell...	어,어,어~\n그,그건~
MSG:1:152	008EF8		83199aab2100	Well!	그건 그렇고!
MSG:1:153	008EFE		02b51b17015c81181fc0c1d2e09c0a01b3bc82161f881a00	Anyway! I\nbrought a{D}\nnewly-\ndiscovered{D}\nitem.	새로 찾은 아이템을\n가져왔어
MSG:1:154	008F16		1faf9d2c029101d013a8830a01af129da818ac1a00	It seems\nto be a{D}\npotted\nplant.	아마,화분인 것\n같은데
MSG:1:155	008F2B		95179b159684119da89500	Not sure!	잘 모르겠어
MSG:1:156	008F36		0404c5dfe6040085032411828f988311119500	Ask <04>Camilla<00>.	<04>카미라<00>한테 물어보면 돼
MSG:1:157	008F49		c5d8f45d890a03369e026a16a815960d0a1988c0c1d2e0880153110231920a9b159815921b9984111a00	She loves\nflowers.{D}\nShe may knowwhat to do{D}\nwith it.	그 애는\n꽃을 좋아하니까{D}\n이 아이템 쓰는 법도\n알지 몰라
MSG:1:158	008F73		a4bd10870a5fc78801dd01f389dadfd11a00	My identityis secret.{D}\nBye!	그럼 안녕\n내 정체는 비밀이야
MSG:1:159	008F85		8b9d2c8b9d00	Hm...	흠,흠
MSG:1:160	008F8B		84988dac3d3d00	Yes...	그렇군…
MSG:1:161	008F92		9d3f00	Eh?	응?
MSG:1:162	008F95		c6df150a80bfbc838ebc828700	Wait a\nmoment.	너구나\n잠깐 기다려
MSG:1:163	008FA2		19999e191284bc828200	This,here.	이게 이렇게 돼 있고
MSG:1:164	008FAC		1a96851999921912ab00	Then,this!	게다가 이것도 이래서
MSG:1:165	008FB6		191284bc8298833d3d00	Then...	이렇게 되면…
MSG:1:166	008FC0		123c9d2c1ca21100	Amazing!	으음~,굉장해
MSG:1:167	008FC8		92120140bc829815921b99841118ac0a158eac9e7beb3bc0277d1b8298881a00	I think I\nunderstand.{D}\nThis <02>furnace<00>\nis powering{D}\nup.	이미 알지도 모르지만\n용광로가 파워업했어
MSG:1:168	008FE8		cfd79211bc1bbf85026e027c1c98830a119a119a022e03351c98951284881a00	Using a\nseed,it can{D}\nmake many\nthings!	씨앗도 같이 합성하면\n여러 가지로 변하나 봐
MSG:1:169	009008		ab922cac12022e03351c988815890a93bc828f8411838700	To find\nhow,{D}\nyou must\ntry and see.	하지만,어떻게 변할지는\n해 봐야 알아
MSG:1:170	009020	MSG:1:54	a4bd108700	Hm.	그럼 안녕
MSG:1:171	009025		0404e6ccc7040085920a025f13821415841183873d3d00	<04>Rask<00>\nshould be{D}\ntold as\nwell...	<04>라스크<00>한테도\n알려 줘야겠네…
MSG:1:172	00903C		89bc210a842c842c849dab928411881a00	Wah! It\nit is{D}\nnothing...	헉!\n아,아,아무것도 아니야
MSG:1:173	00904D		1e2c1e121113ad0a198801e29b1f1b1fdbc7ea890aac12a8113f00	A,anyway\nhow is\nthe bag I{D}\ngave you\nearlier?	그,그러고 보니\n저번에 준 주머니는\n어때?
MSG:1:174	009068		9d3f0a3232c92c021098bc823f00	Hm? It\nholds 22?	응?\n22개 들어간다고?
MSG:1:175	009076		1e97bd14151b110a80bd9d8301b3bc82a2969d00	Strange.{D}\nHold it\nthis way.	그거 이상하네\n제대로 들어 봐
MSG:1:176	00908A	MSG:1:112	1e121e1200	Ah...	그래 그래
MSG:1:177	00908F		8d962c92bc830210989512850a84bc1f881a00	Right.\nThere,now{D}\nit can\nhold more.	봐,더 들어가게\n됐어
MSG:1:178	0090A2		14930aa2af1a1f1b8214978e1b1f00	It has been\na while.	어머\n오랜만입니다
MSG:1:179	0090B1		0404f45bd5cf3b0400ab1c00	I am\n{D}<04>Janita<00>.	<04>자니타<00>입니다
MSG:1:180	0090BD		10841f1a8e922c140265025b849512ab00	You look well.	손님도 건강해 보이시네요
MSG:1:181	0090CE		893f0a198801f3ab1c1500	Hm?{D}\nThis\nbody?	네?\n이 몸 말입니까
MSG:1:182	0090D9		13132c10841f881402a202820a0404c0d3e604001a9dab1c00	Right. It\nis your{D}\nfriend,\n<04>Atla<00>.	네,당신의 친구\n<04>아트라<00> 씨입니다
MSG:1:183	0090F2		133c830a0404c5dfe67b7b04001a9d3f0aab1b1fbc183f00	Hmm?{D}\n<04>Camillas\nDad<00> who?	음~\n<04>카미라 아빠<00> 씨?\n였던가요?
MSG:1:184	00910A		1088151f83892c1796b09288850a849684111796110d0a1cad961b1102fa036a9c0a01b3bc821496998e1c9500	Compared to\nhim,this{D}\nperson\npossesses{D}\nmuch greater\ndesires.	그분과는 비교도\n안 될 만큼{D}\n멋진 욕망을\n가지고 계시답니다
MSG:1:185	009137		1a822c01a303638901799c0a1402c591ab1bbf12153f00	Now,\nwhat is{D}\nit you\nwant{D}\ntoday?	그럼,오늘은 무엇을\n찾으시나요?
MSG:1:186	00914E		10210a111183199a8500	Timely!	아!\n마침 잘 왔어
MSG:1:187	009158		1b151b2cc6df890a1181921181922c111183199a8500	But with\nyou,it is{D}\nalways good\ntiming!	그런데,너는\n늘 딱 좋을 때 오네
MSG:1:188	00916E		102c1e121e120a8e1ff45bedd9e09e3102970a8e9f99199da8881a00	Ah\nright. One\nhamster{D}\nis still\nlost\ninside.	아,맞다 맞다\n또 잔햄이 1마리\n섞여 들어왔어
MSG:1:189	00918A		1c8e841118ac920a8e1f2c0277188210a1829500	Sorry to\nask,but{D}\ncould you\nhelp?	미안하지만\n또 도와줘
MSG:1:190	00919E		8d9d83853c0aac198c11bc1f881a00	Truly<\nWhere{D}\nis it?	정말~\n어디 간 거야
MSG:1:191	0091AD		8c3f0a848584853f00	Eh?\nWhat!?	엥?\n뭐야 뭐야?
MSG:1:192	0091B6		103c210d0a3d3d3d87829800	!{D}\nAsleep!	아~!{D}\n……자고 있어
MSG:1:193	0091C2		8d968d960a025a98881a00	Come\nnow!	자자\n돌아가자
MSG:1:194	0091CD		015c8118821799820a10979e831200	Thanks\nfor{D}\nfinding\nher.	찾아 줘서\n고마워
MSG:1:195	0091DC	MSG:1:130	102c111f111f00	Ah!	아,찾았다
MSG:1:196	0091E3		c6df921997841187ba00	So nosy!	너도 참 질리지도 않네
MSG:1:197	0091ED		0404c0d3e604009e027b03643f00	<04>Atla<00>...	<04>아트라<00>가 걱정돼?
MSG:1:198	0091FB		c5e99e2cc6df85033888031702559c0a015c1d8217991f3f00	Worried for\nhim,huh?{D}\nIs it\nbecause{D}\nhe showed\nyou the{D}\noutside\nworld?	그 녀석이 너한테 바깥세상을\n보여 줬다고?
MSG:1:199	009214		1e12153c0a0236020889c1c1e3d1849da800	How nice\nof him...	그렇구나~\n사실은 좋은 녀석이네
MSG:1:200	009226		c5e9831198830a119a119a1098bc823f00	Is\neverything{D}OK\nbetween{D}\nyou?	그 녀석이랑 있으면\n이런저런 일이 있다고?
MSG:1:201	009237		8eb72c1e97bd108801db0256a815960a119a119a1098a89a121a00	His\npersonality{D}\ncan cause a\nlot of{D}\ntrouble.	뭐,그런 성격이니까\n이런저런 일이 있겠지
MSG:1:202	009252		1e121e123d3d3d00	Mm...	맞다 맞다…
MSG:1:203	00925A		10993f00	Eh?	어라?
MSG:1:204	00925E		849da8bc183f00	What?	뭐였더라?
MSG:1:205	009265		d9d9d9d90a84859c1b85161f9da8bc183f00	Hahaha.\nWhy am I{D}\nhere,you\nask?	하하하하\n뭐 하러 왔더라?
MSG:1:206	009277		8eb711111a0aa4bdb7873c00	Pay\nno{D}\nmind.\nBye!	뭐,됐어\n그럼 안녕~
MSG:1:207	009283		143c1100	Hey!	어~이
MSG:1:208	009287		01af1101c41b1f9500	Oh!	생각났어
MSG:1:209	009290		19999c03601c1f91850a161f881a00	I am\nhere to{D}\ngive\nthis!	이걸 주려고\n왔어
MSG:1:210	00929F		5fc79e1181920a0153bc821198dbc7ea1a00	This is\nthe bag{D}\nI always\nuse.	내가 늘\n쓰는 주머니야
MSG:1:211	0092B1		1999abc0c1d2e09e0a333203468eab01b38298881a00	This bag\ncan hold{D}\nup to 32\nitems.	이거면 아이템을\n32개까지 가질 수 있어
MSG:1:212	0092C7		5fc789c5e6f89e01f6161115960a921201ca1b1f171a9d01b3829818ac8700	I can carry\nway more{D}\nbecause of\nmy size...	나는 몸이 크니까\n조금 더 많이 가질 수 있지만
MSG:1:213	0092E6		c6df8496333203468eab0a01b38299ada4be12af9da89a121a00	But 32 is\nprobably{D}\ngood for\nyou!	너라면 32개까지\n가질 수 있으면 충분하겠지
MSG:1:214	009300	MSG:1:54	a4bd108700	Bye!	그럼 안녕
MSG:1:215	009305		3d3d0181151999a8180aa8bc1f95873f00	Is that\nall?	…분명\n이것뿐이었지?
MSG:1:216	009316		10210f1e121e120a1999199900	Ah!\nThis!	아!맞다 맞다\n이거 이거
MSG:1:217	009323		92123181029101d0139c0a015c81181f881a00	Another\nplant!	화분을 1개 더\n찾았어
MSG:1:218	009336		19198c2c02e3118214178700	Here!	여기에 놓아둘게
MSG:1:219	009342		0404c5dfe67b7b04009e0a027297034a8e990d0a0404c0d3e604009e0a027297034a8e991f00	<04>Camilla<00>had her{D}\nfather\ntaken.{D}\nAnd now<04>Atla<00>.	<04>카미라 아빠<00>가\n사로잡히고{D}\n<04>아트라<00>가\n사로잡혔어
MSG:1:220	009368		f8edf45ded9e01de8e9982161f00	A dungeon{D}\nwas made.	던전이 생겨났어
MSG:1:221	009376		02d3014802d885027297034a8e991fe2d8880a02fa036a9c928385f8edf45ded9c01549800	Wishes of\nthe Tyrian{D}\nCrystal\nvictims form{D}\ndungeons.	자수정에 사로잡힌 자의\n욕망을 바탕으로 던전을 만들어
MSG:1:222	00939B		5fc7892c19999c92120a0179020592015c82161f881a00	I have\nseen{D}\nthis many\ntimes.	나는 이걸 벌써\n몇 번이나 봐 왔어
MSG:1:223	0093B2		02d3014802d8892cf8edf45ded8801fb8c0a0210bc82161fe2d88802ad014f930a034d9c018a110272bc8201f61617849800	The Tyrian\nCrystal\ngrows as it{D}\nabsorbs the\nspirit of\nthose who{D}\nenter.	자수정은 던전 안으로\n들어온 자의 의식과\n영혼을 빨아들여 커져
MSG:1:224	0093E4		1f171a9d018a110272981f91850a0249016d84c0c1d2e09c0243831b820a037011034a90881a00	To absorb\na lot,it\nmakes items{D}\nto entice\nothers to\nenter.	많이 빨아들이려고\n여러 아이템을 떨어뜨려\n꾀어 들이는 거야
MSG:1:225	00940B		1e1b8289a4189800	Then...	그리고 터져
MSG:1:226	009413		89a4188201b5022a88022a01d79c0a031702558cad968e17881a00	It bursts,\nspreading{D}\nover the\nworld.	터져서 자기 분신을\n세상에 흩뿌리는 거야
MSG:1:227	00942E		191985109802d3014802d89e0a01a80199883181a8bc1f88851a00	This\nTyrian{D}\nCrystal\nis the{D}\nfinal\none.	여기 있는 자수정이\n마지막 1개였는데
MSG:1:228	009449		108801ef88ac1915850a012bbc8211989512840a169e1b821f881a00	I knew\nit slept{D}\nin the\nvillage.	저 마을 어딘가에\n잠들어 있는 것\n같았어
MSG:1:229	009465		ab922c02908801fb83890a01af9b8415bc1f9500	I never\nexpected{D}\nthe\nfields.	하지만,밭 속일 줄은\n몰랐어
MSG:1:230	009479		a899159e027297034a8e999801e2850a849d83151b82015c811801c41e12830a01afbc821f88851a00	I think it\nmust be\nfound,before{D}\nit pulls in\nsomeone\nelse!	누군가 사로잡히기 전에\n어떻게든 찾아내려고\n했었는데
MSG:1:231	0094A2		a2919d950a8e16199da4bdbc821a00	Sorry\nfor invol-{D}ving you.	미안해\n끌어들여서
MSG:1:232	0094B1		15849701d4118700	Deep...	꽤 깊네
MSG:1:233	0094B9		c6dfbc821ca2119500	Amazing!	너 정말 굉장해
MSG:1:234	0094C2		199d8402ae01d4178eab0a1798849d821a00	Truly,youmade it{D}\nso deep!	이렇게 깊은 곳까지\n오다니
MSG:1:235	0094D4		0404c0d3e6040092027b0364a818ac0ac0c1d2e09291a5961b113f00	Worried for\n<04>Atla<00>,{D}\nbut so\nmany items,{D}\nhm?	<04>아트라<00>도 걱정이지만\n아이템도 신기해?
MSG:1:236	0094F0		c6dfbc8211118400	You...	너는 좋겠다
MSG:1:237	0094F8		5fc7892c0404c7e93be80400830a023a88bc82981899ac1a0d0a02360208892c01b5022a9e02838488150a9b15bc828411881a00	You are\nnice. I{D}\ngo by\n<04>Krehl<00>,but{D}\neven I do\nnot know{D}\nwho I am.	나는 <04>크레르<00>라고\n자칭하고 있지만{D}\n사실은 내가 누군지\n몰라
MSG:1:238	00952C		102cf2e1ed0a9b1597931c17031a012a1c98831a00	Ah,sorry.\nI will{D}\nexplain\nclearly.	아,미안\n알기 쉽게 설명하자면
MSG:1:239	009541		5fc7892c01280167911f83160a1cab85f8edf45ded8801fb85111f881a00	When I awoke,\nI was{D}\nalready inside\nthe dungeon.	나는 눈을 떴을 때\n이미 던전 안에 있었어
MSG:1:240	00955F		9b159815113f00	Get it?	알겠어?
MSG:1:241	009566		5fc7892c1988f8edf45ded8801fbab0a01de8e991f881a00	I was born\ninside of{D}\nthis dungeon.	나는 이 던전 안에서\n태어났어
MSG:1:242	00957E		01791588036e01289c92bc8200	My duty...	무언가의 역할을 가지고
MSG:1:243	00958B		ab9201a802c984881a0a1e88036e01289e9b15bc82161f888900	I have\nforgotten{D}\nwhat my duty\nis.	하지만 요즘이야\n그 역할을 알게 된 건
MSG:1:244	0095A5		5fc789872c02d3014802d885027297034a8e990a01b5022a88027b9c87a48ea196991fe2d89e0a018b119c95af027b1e88928884881a00	I am the\ncorrupted\nheart of one{D}\ntaken by the\nTyrian\nCrystal. It{D}\ncries for\nhelp.	나는 말이야,자수정에 사로잡혀\n마음이 비틀린 자가\n구원을 청하는 마음 그 자체야
MSG:1:245	0095DC		1f1b15855fc7892cf8edf45ded8801fb830a01fa03579c01b502a485019e160241ab169818ac0d0a027d12198389ab168411881a00	Maybe it is\npossible for{D}\nme to travel\nfrom the{D}\ndungeon to your\nworld,but I{D}\nam weak.	확실히 나는 던전 안과\n지상을 맘대로 오갈 수 있지만{D}\n싸울 수는 없어
MSG:1:246	009611		5fc788036e0128892c018b119c01f81c0ac9d3849da89500	My duty is\nto search{D}\nfor rescue.	내 역할은 구원을 찾는\n거야
MSG:1:247	009629		c6df9c027718822c018b119c0a020c17198384881a00	You can\nhelp me{D}\nget out\nto safety.{D}\nGot that?	너를 도와서 구원으로\n이끄는 거야
MSG:1:248	00963F		9b15bc1f3f00	Well?	알겠어?
MSG:1:249	009645		123c9d3d3d0a92bc83159d1f9d850a8e839198831a00	So... To\nbe more\nblunt...	으음…\n더 간단히\n정리하자면
MSG:1:250	00965B		0404c0d3e60400892cc6df85018b119c0a02c5918211980d0a5fc7892c1e881401ba0288119c1c98889e0a036e012884881a00	You must\nsave <04>Atla<00>{D}\nto help\nme...	<04>아트라<00>는 너한테 구원을\n바라고 있어{D}\n나는 그걸 돕는 게\n역할이야
MSG:1:251	00968E		9e9dad9a128700	Good{D}\nluck.	힘내자
MSG:1:252	009695		149314930a8e1f2c10841fab1c1500	Well,\nwell.{D}\nYou again.	이런 이런\n또 당신입니까
MSG:1:253	0096A4		1e9d84851988c5e6f89e0a01f601458488ab1c153f00	Is this\nbody{D}\ntruly that\nprecious{D}\nto you?	그렇게 이 몸이\n소중한가요?
MSG:1:254	0096BA		1988c5e6f88910841f88198384ac0a8e8392852c0349138289118e1d9d9500	It certainly\ndoes not{D}\nseem to\nhave any{D}\nattachment to\nyou.	이 몸은 당신 따위\n제대로 생각하지 않아요
MSG:1:255	0096D9		b09d9784d05dc95f831b150a03491382118e1d9d9500	It just\nsees you{D}\nas a\nuseful{D}\nchocobo.	편리한 초코보로만\n생각하고 있어요
MSG:1:256	0096EF		1e9989809e122100	Liar!	그건 아니야!
MSG:1:257	0096F7		0404c0d3e60400890a1e9d8419838901afbc828411881a00	<04>Atla<00> would\nnever think{D}\nthat way!	<04>아트라<00>는\n그런 생각 안 해
MSG:1:258	00970F		10979e8312870a0404fce80400018f00	Thanks,\n<04>Chip<00>!	고마워\n<04>도르<00> 군
MSG:1:259	00971F		849d83150a8e8510bc1f1a00	We\nmade it{D}in\ntime.	어떻게든\n늦지 않았어
MSG:1:260	00972B		01afbc8284113f00	A lie?	생각하지 않는다고?
MSG:1:261	009733		1e122c10841f88198384ac0a84859201afbc828e1d9d9500	No...{D}\nI truly\nthink{D}\nnothing of\nyou.	그래요,당신 따위\n아무 생각도 안 해요
MSG:1:262	00974B		1111930a5fc785892c9b1598881a00	That is\nwrong. I{D}\nknow it.	아니\n나는 알아
MSG:1:263	00975A		c4dec385027297034a8e991fe2d81f80880a027b159601de8e9982161f5fc7a8159600	Because I\nam one born{D}\nof the hearts\nof those you{D}\ntook over.	너한테 사로잡힌 자들의\n마음에서 태어난 나니까
MSG:1:264	00977D		1181921181920aa202ca0247023fab1c0a0404c7e93be80400018f00	Your duty\nis noble,\n<04>Krehl<00>.	늘 늘\n수고가 많으십니다\n<04>크레르<00> 군
MSG:1:265	009799		ab922c19198eab850a1b829296118e1bbf12158700	But,it\nends now.	하지만,여기까지만\n해 주셔야겠군요
MSG:1:266	0097AE		89112c199d85808900	Hello.	네,안녕하세요
MSG:1:267	0097B7		02d79182ab1c873f00	Newbie?	처음이시죠?
MSG:1:268	0097C0		ab892c80bfbc83031a012a9c0a1b8e1bbf1200	Allow\nme to{D}\nexplain.	그럼,잠깐 설명을\n해 드릴게요
MSG:1:269	0097D3		01b3bc821198efe89c0a1988f13be00123880accea27d37fc1edd38c0a026802571b8217a81a118400	Gil can\nbe\ntraded for\nSlot{D}\nPoints.\nYou need\nthose to\nplay.	가지고 계신 길을\n이 게임용\n슬롯 포인트로\n교환해 주세요
MSG:1:270	0097FC		efe883ccea27d37fc1edd383880a02680257892c19809688c5c2edcf3b00	Trade your\nGil for{D}\nSlot Points\nat this{D}\ncounter.	길과 슬롯 포인트\n교환은 이쪽 카운터
MSG:1:271	00981A		ccea27d37fc1edd39c0ac0c1d2e083026802571c9888890a19809688c5c2edcf3b00	Trade your\nSlot\nPoints for{D}\nitems at\nthis\ncounter.	슬롯 포인트를\n아이템과 교환하는 건\n이쪽 카운터
MSG:1:272	00983C		9b15978e1b1f153f0c00	Got that?¶	아시겠어요?¶
MSG:1:273	009846		ab892ca294bc179700	Have fun!	그럼,즐겁게 노세요
MSG:1:274	00984F		8ea5892c93bc828f8e1bbf129500	Try this.	우선,해 보세요
MSG:1:275	00985D		ac9983026802571b8e1c153f0c00	Which?¶	어느 것과 교환할까요?¶
MSG:1:276	00986B		0194015088d1e10f0f0f0f0f0f33303030500aefe888d1e10f0f0f0f0f0f38303030500a11931b88d1e10f0f0f0f3130303030500ae627c63bc7ea3b0f0f0f3135303030500acb5bfc3bc7ea3b0f0f0f3330303030500a0194015088c7e60f0f0f0f0f0f35303030500ac0df5ce927d3e1c1e80f3130303030500ac5c2edcf3be1c1e80f0f33303030305000	Genji Talon 3000\nGil Talon  8000\nHeal Talon 10000\nLuck Talon 15000\nShadwTalon 30000\nGenji Sadl 5000\nAmuletSadl 10000\nCountrSadl 30000	겐지의 발톱     3000P\n길의 발톱      8000P\n치유의 발톱    10000P\n럭키 클로     15000P\n섀도 클로     30000P\n겐지의 안장     5000P\n아뮬렛 메일    10000P\n카운터 메일    30000P
MSG:1:277	0098F7		dbc7ea9e11bcb211ab1c8700	Bag is full.	주머니가 가득 찼네요
MSG:1:278	009903		0f31ccea27d37fc1edd30f3a0f313030efe80a11158dacccea27d37fc1edd38c022e138e1c153f0c00	100GP: 1 Slot Point\nHow many?¶	 1슬롯 포인트 :100길\n몇 슬롯 포인트로 바꿀까요?¶
MSG:1:279	00992C		efe89e0281978e1d9d9500	Not enough	길이 부족해요
MSG:1:280	009937		9212ccea27d37fc1edd38992828e1d9d9500	No Slot Points	슬롯 포인트를 더 못 가져요
MSG:1:281	009949		ccea27d37fc1edd39e0281978e1d9d9500	No Slot Points	슬롯 포인트가 부족해요
MSG:1:282	00995A		ccea27d37fc1edd30f0700500c00	Slot Points:{7:00}¶	슬롯 포인트 {7:00}P¶
MSG:1:283	009968		3d3d3d3d3d3d3d00	......	…………
MSG:1:284	009970	MSG:0:300	c15eedd39c015c8e1c153f0c00	See event?¶	SEE EVENT?¶
MSG:1:285	00997D		01a303638883199a8919198eaba895210a01ed16890403313201913233036304008eab031cbc828287210a0f0ae7cd27d35fcfed9c03341b8217a81a110c00	That is all for\ntoday! Wait\nuntil <03>1Feb. 23<00>\nto continue!{D}\nPlease reset.	오늘은 여기까지야!\n<03>12월 23일<00>까지 기다려 줘!\n \n리셋 버튼을 눌러 주세요¶
MSG:1:286	0099BC		032f03310330032e00	{32F}{331}{330}{32E}	○△□×
MSG:1:287	0099C5		0f159d1bbe120f01fb01ef02cc024d959701e102880a40d05dc95f88022101af025c84f8edf45ded600a1401821b8f111fa8188e1b1f153f0a8ea82c7de9c19c1b1f19839e84118311120231890a400227024188cbe9ed6092141c1c911b8e1c0a959a1b17872100	A message from\nDirector Koichi\nNakamura:Did you\nenjoy Chocobos\nMystery Dungeon?\nI also recommend{D}\nMystery Dungeon:\nShiren the\nWanderer for\nthose who did not\nplay it yet.	감수 나카무라 코이치의 선전\n「초코보의 이상한 던전」\n즐거우셨나요?\n아직 플레이해 보지 않은 분께는\n「풍래의 시렌」도 추천합니다\n잘 부탁해요!
MSG:2:0	0101A2		f8edf45ded01de01848901f39e02c20236210f0f0f02f801de029c108b99980fe2edcccf3b2100	Health  is vitalfor the dungeon.Has wilddemeanor	던전 생활은 체력이 기본!야성미 넘치는 몬스터!
MSG:2:1	0101C9		939b96158401f3ab0f7de87de81a8e951218bc1912f3c9840fe2edcccf3b00	Its tinysquishy body    wobbles as it   wanders.	말랑한 몸으로 출렁출렁 떠도는 꽤 약한 몬스터
MSG:2:2	0101E8		1cad9311020a16880fe2edcccf3b0f0f0fd05dc9dec502c9aa16eeffe7831590e52100	A super fast foewho usesfancy   movementto bite!	재빠른 몸놀림의 몬스터 쪼르르 다가와 덥석 물어!
MSG:2:3	01020B		8984991fd3c91596d427d19c0206a1980f159b1111c5c41b1fc1e384e3d100	Tosses anut fromafar. Iscute butunkind.	떨어진 곳에서 너트를 던지는 귀여운 얼굴의 얄미운 녀석
MSG:2:4	01022A		02e0111a9e1b80bd0f10bc800f7ecf7ecf19bc800f7ecf7ecf027801ba025b8e8e840f0f01b502a40149ab1c021902c6014900	Its finsslap theground  while itseeks a fight.	싸움을 찾아서 여기저기 철벅철벅 제멋대로인 자유로운 반어인
MSG:2:5	01025D		159b11111596bc82012602e19c1c9884210f415442e7cd27d388d53bfce89c0f01b4016d0116bc821798f72100	It lookscute,butit can  use pinsto resetyour ATB	귀엽다고 방심 금물!ATB 리셋 바늘을 가끔 쏜다!
MSG:2:6	01028A		01f60128016102e502ad029a210fdbebdbeb0224159dab01e501ba9c015c811897bd1b81191701999c0f0f02e811017d1c00	Floats {100}chases  any foe it sets eyes on.	왕눈알 주의보!둥실둥실 떠다니다 상대를 찾으면 끈질기게 쫓아온다
MSG:2:7	0102BC		016301f39c8b989b1d0f13928802c591820f0f1a1c961201620203210fc9c2e685021098830f018601e30235011ca82100	Strong  foe thatwanders{100}hides ina shell!	거대한 몸을 떨며 먹이를 찾아 떠도는 강적!등껍질에 숨으면 완벽 방어!
MSG:2:8	0102ED		025b8ea0993f0f016c88f8edf45ded02f7210f015c839982111f960fc1cfc1012810129b9500	Fire galwho hitsif you  stare!	변덕쟁이?불꽃의 던전 아가씨!넋 놓고 보다간 따끔한 맛을 봐
MSG:2:9	010313		7f27c5e7017f111f0f012802cd9e7fc1edd321011501167f3bf5920f0f7f3bc53bdb25c1cca80fca7fd2edf83b00	Face is made of holes!  It has apoker   face.	뻥 뚫린 눈과 입이 포인트!공격할 때도 포커페이스인 사보텐더
MSG:2:10	010341		f8edf45ded8802aeab017e1b1101b70113210f0f02f48e97bd01b70113031e851a9980bd12a72100	Careful!You may become alab rat!	던전 안에서 수상한 실험!잡히면 실험대에 오를걸!
MSG:2:11	010369		1c98ac11d1e19e0fefe6e78302cc98210f1392889c02c591820ff8edf45ded8501c090025e02988802f802d6a82100	Fearsomewild foew/ sharpclaws.Itscours  for prey	날카로운 발톱이 번쩍 빛난다!먹이를 찾아 던전에 사는 공포의 야수!
MSG:2:12	010398		02f102e98801150116a4bd0ffde6fde68498a81884158415015184841101320184e2edcccf3b0f017c88011501169e02a3019aa800	Attacks break itbut it  reforms.Use fire	보통 공격으로는 흩어질 뿐 좀처럼 안 죽는 부활 몬스터 불 공격이 효과적!
MSG:2:13	0103CD		f8edf45dedab0f0f1a9b11ab119801ae89f83ce9848895210f020988c5e6cc9c0f0f181b1518989be52100	What is that    racket?!Beware  my crow!	던전에서 떠드는 게 누구야!머리 위 까마귀를 덤비게 할 거야!
MSG:2:14	0103F8		01d601c402c402f6213f0f0fc0c1d2e002debc820f95bc8217980f0f0f861c8f88d2c78589025b9c81189a212100	Phantom thief?! Beware, he takesitems!	신출귀몰!?아이템을 노리고 다가오는 도둑질 솜씨를 조심해!!
MSG:2:15	010426		020a1689141e119e0f7bebdbe8011501160f0f024002e502ad210f0f0f0fa48e9d88014602099e0fd05dc95f9c02de122100	Slow,butstrong! Aims itsskull atchocobos	느리지만 강력한 공격 주의!단단한 돌머리로 초코보를 노린다!
MSG:2:16	010458		01e6010c9ccafe1a1d98c1e384e3d10f0f0f879d131685889883cceac2858498f72100	Can rustgear andslow youdown!	장비를 녹슬게 하는 얄미운 녀석 끈적이를 밟으면 슬로가 된다!
MSG:2:17	01047B		030003018801fbab890f0f1cad931ac0277d21d9edde3b02f301ba850f7fc57fc51f1f17210f00	Quick indarknessand usesa hammer	어둠 속에서는 속도 업!망치를 한 손에 들고 콩콩 때린다!
MSG:2:18	0104A2		02451f115ffb233b9c161b8e1d820f0f0f016202030f015c811897bdd9e7c6e70f02e79021016202ff01b5032788024d0116a800	Icy bodycreaks, tough   foes,it seeks!	차가운 몸을 삐걱이며 강적을 찾으면 신나서 덤빈다!자랑하는 괴력의 일격!
MSG:2:19	0104D6		5fede3e702ccbc820f1a8e95110117170f0f02e40165920f0197af0197af02eee2edcccf3b2100	It glowsin dark {100} calls allies!	희미하게 빛나며 떠돌아다닌다 동료도 부르는 수수께끼 몬스터!
MSG:2:20	0104FD		811182179818ac0f01150116891b84110f0fc9eb1702391193830f012602e19c1c98830f0f02ebbc820f01b50135a821024002e502ad212100	Follows without attacks.Feigns  innocentbehavior	따라오지만 공격은 안 한다 무섭지 않다고 방심하면 화가 나서 자폭!요주의!!
MSG:2:21	010536		022d023a01171702e6015f013421efe89e8d1b1897bd01e491851f141d2100	Win moreGil if  beaten  quickly!	별명은 걸어 다니는 저금통!길을 원하면 빨리 쓰러뜨려!
MSG:2:22	010555		01c402be1283c9ebc10f7bebdbe801630149210ff03bab84a0bc820f0162024685c1cfc12100	A giant who is  scary tocross   paths   with.	만나면 무서운 괴력 거인!주먹으로 때리면 엄청 아프다!
MSG:2:23	01057B		1911818502be12830fc0ede627c63b0f0f939801b10f1cb0829ec1e384e3d100	Does baddeeds ifyou meetit.	이 녀석을 만나면 운이 없다 하는 짓마다 얄미운 녀석
MSG:2:24	01059B		fdc1c488011d880f0f014711e2edcccf3b0f015c151883809ebc8201620203a8f62100	Biomech.Strongerthan it looks!	바이오의 힘을 가진 파란 몬스터 보기와 달리 강적이야!
MSG:2:25	0105BE		1cad9311020a16830f0174030502fc0f1280a81bd53bfce801150116210f80bfbcb397c1e384e2edcccf3b2100	Shoots  pin fromafar.   Trouble-some    monster!	재빠른 움직임과 원거리에서 쏘는 바늘 공격!조금 얄미운 몬스터!
MSG:2:26	0105EB		1a9b96867f27d38502c089023911210f0f0f939801b193bc1f960f01cb13821b8e120f0f022101af025ce2edcccf3b00	If you  stir it,it may  make youvanish!	건드리지 않는 항아리엔 해가 없다!할 일을 하면 사라지는 신기한 몬스터
MSG:2:27	01061B		0230013485151799820f1392889c031c81210f14ac151b035701ba840f02ee88e2edcccf3b21031512deccc79e0f0f0221025b029ca8f62100	A threathides inchests. Unnerveswith itslooks.	보물 상자에 숨어 먹이를 기다린다!웃는 가면이 섬뜩해!
MSG:2:28	010654		14e5feab84118885c9edd5d0eb210f0f031088dbeac08c0f0fa2016e020f3c21210f0ff627cfc102390203880f0221015101d7e2edcccf3b00	A guide to the  stairwayyou did not ask for.	부르지도 않았는데 안녕하세요!다음 층으로 안내~!!절대 무적!
MSG:2:29	01068D		c5dfe67b7b880f0f027b9ce2d03bdb850f022101af025c84011d9e0f0f022e03351b1f027000	Made of CamillasDads    desire.	카미라 아빠의 마음을 바탕으로 신기한 힘이 변한 모습
MSG:2:30	0106B3		015c811598830f0f0f1b8119170fa5bc8302e8bc8217980f0f0f010e01e3881f9185890f018101b7850f1f141d2100	Persistsin its  chase.  Finish  it off!	들키면 끈질기게 계속 쫓아온다 안전을 위해 확실히 쓰러뜨려!
MSG:2:31	0106E2		01de025b9c8796120f0f0158012988e2edcccf3b021d02479c121898830f027d11819611f62100	Wilted  tree whocauses  fatigue!	생기를 노리는 마른 나무 몬스터 피로를 받으면 싸우기 힘들어!
MSG:2:32	010709		01c99e968401f3ab0f0f011501160feecbeecb21c93be89c1a99988302e401659e8b1398f72100	It callsfor helpand hitsw/ body!	작은 몸으로 마구마구 공격!부르면 동료가 늘어나!
MSG:2:33	010730		01e411020a168801150116830206a182179817980feb3b7dccd33bed21027d11851711f7210f8a16bf12014e2100	Quickly attacks with itsWarp    Stone!	빠른 공격과 던져 대는 워프 스톤!싸우기 힘든 비겁한 녀석!
MSG:2:34	01075E		02fc99821182920f0f012602e18901f60203210f0faf9d8e9b1b011501160f02f09dab1798212100	Can hit far awayand spinattack. 	떨어져 있어도 방심은 금물!휘두르기 공격이 날아온다!!
MSG:2:35	010786		fdd3e89c015c81188295bc821680bd0f0ff7edfe3bcf27d0abf7edfe3b9c8b931c00	Stalks  to use  its Tap to make zombies.	싸움을 발견하면 다가와서 좀비 터치로 좀비를 늘린다
MSG:2:36	0107A8		158497025e11210f0f01b5022a884c769e0f0f33153488021301da8801b400	Hits LVsmultipleof 3{100}4.	꽤 무섭다!자기 LV가 3이나 4의 배수일 때
MSG:2:37	0107C7		01981101f39e01d79c010b97011d8e151d850f0f0f011501161b821798210f025e02988801870146016301492100	A giant with a  hard    body!	단단한 몸으로 자신을 지키며 힘껏 공격해 온다!공포의 바위 거인!
MSG:2:38	0107F5		02dd8501ba9c01c41bbd0f1a1512968f01150116ab01f6f8e13bf4210f0f01e501ba851b841897bd02c08902391b213f00	Countersw/deadlyattack. Perhaps best letit be?	먼저 손을 대면 앙갚음 공격으로 큰 대미지!상대하지 않으면 해는 없다!?
MSG:2:39	010826		111fa59601f6026a160f02db9db1e2edcccf3b119a9d84024a1a9c0f93bc828e1c2100	Prank-  loving, tiny anddevious!	장난을 너무 좋아하는 아기 몬스터 온갖 나쁜 짓을 한다!
MSG:2:40	010849		c6e79c8115bc820f1392889c02f4961398f8edf45ded02ae880f023ad9edcf3b00	It giveschase tohunt itsprey.	안개를 써서 먹이를 붙잡는 던전 속의 명사냥꾼
MSG:2:41	01086A		031902c9027d85024002e502ad21cc7c3bfc9c022e1382a4bd8e9c1c982100	Changes speed inbattle!	근접전에 주의!속도를 바꿔 방해한다!
MSG:2:42	010889		c8edc59e01f6026a1621027d1201e501ba9c1181921a9e1b820f0f0f0fc2eac2ea1b82119800	Loves tohunt forfoes to fight!	싸움을 너무 좋아해!싸울 상대를 늘 찾아 어슬렁거린다
MSG:2:43	0108AF		01f6168402cd8301d101ba9e7fc1edd30f0f0f0f02cd02748502e502ad880f0f01d00229e2edcccf3b00	Be wary of its  breath {100}tentacle	커다란 입과 촉수가 포인트 입냄새에 주의!식물 몬스터
MSG:2:44	0108D9		02ee88c0c1d2e00f0ffcc7ea9c1515131f0221025b029c84e3d1210f11968411fcc7ea89e7cac1c7e81b951200	Strange foe who unnerveswith itsskull.	해골을 든 섬뜩한 녀석!필요 없는 해골은 리사이클하자
MSG:2:45	010906		01f39cc7d7961d0f0f1ba5158502c9aa170f012c01db880313880f0f0f94129b178502e502ad2100	Do not  let her tempt   you!	몸을 꼬며 조용히 다가오는 마성의 여자의 유혹에 주의!
MSG:2:46	01092E		f8edf45ded880f0f024002e502ade2edcccf3b02da9801ae9c02c3191c83025e1101280f015c98e52100	Winged  scary-  eyed    beast.	던전의 요주의 몬스터 자는 아이를 깨우면 무서운 꼴을 본다!
MSG:2:47	010958		016202ffab89a415990fe0d09eda27d321217beb3b01c102d4880f0f0163014988e2edcccf3b00	Giant,ispridefulof its  power.	괴력으로 휘두른 채찍이 명중!!힘을 중시하는 거인 몬스터
MSG:2:48	01097F		dbe6dbe612a2911701f6849117a4210f0f01b7890f02510148850f0f014d11961b11f72100	It seemsweak to salty   water!	흐느적흐느적 꿈틀대는 큰 민달팽이!사실 소금물에 약한 모양!
MSG:2:49	0109A4		01f61684012802d5ab0f0f1392889c1a9e1c21158e9997bdc1cfc1013987a58f2100	Toxic   bite.   Its earsfind itsprey.	커다란 눈과 귀로 먹이를 찾는다!물리면 아픈 독쥐!
MSG:2:50	0109C6		02eb978801b50135890f0f5fe095970162011d210f020ba4858f1382920f025e029802055550a8212100	It has abigger  blast   than a  normal  Bomb!	분노의 자폭은 봄보다 강력!똑같아 보여도 공포도 UP!!
MSG:2:51	0109F0		013201841c980151027d01ad2102cb85eecc85830f0f01baa29b1101e501baa82183ac9189017c01ec01dbab01908e97a8f62100	It has asword   and gas attack!	부활하는 죽음의 전사!칼에 가스에 만만찮은 상대!마무리는 불 속성으로!
MSG:2:52	010A24		0151887b3bd2233bab101eae8e1bbf210f01c701859c1a9998830f01f602ca027d212100	A tough battle  if it   summons!	죽음의 파티에서 놀자!소환을 당하면 크게 고전!!
MSG:2:53	010A48		012b978801a69e0f0f0f012b978514831c210f1c98ac11d1e19e0f1392889c02fe17210ff3edef5bc7021902c6014900	Scatterssleepingsand andrakes w/claws!	잠의 모래가 잠재운다!날카로운 발톱이 먹이를 찢는다!잔학한 반어인
MSG:2:54	010A78		016c9e015313980f0f0f02db0249e2edcccf3b0f5ed35ed3121898837cedd015922100	Fiery.  It makessticky  trouble!	불꽃을 쓰는 빨간 몬스터 끈적이를 맞으면 위기일지도!
MSG:2:55	010A9B		024002e502ad21210f0f0fc1e3840f1088ebf30153bc821798f7210f01289c026e9b1d98830f87969b99982100	If seen,it will chase tohit you hard!	요주의!!얄미운 그 기술을 써 온다!눈을 마주치면 노려진다!
MSG:2:56	010AC8		cac1e9cc1a99988302369e0138918411210f9396999801e2850f0f93bc81189a2100	It can  Mute youto stop you fromreading!	사일런스에 걸리면 책을 못 읽는다!당하기 전에 해치워!
MSG:2:57	010AEA		013f02ccc3d7e8ef3b21dd3be73b88011d9c0f1e8801d78501b3bc82980120e2edcccf3b00	A dragonwho has a holy  power.	초광 에너지!홀리의 힘을 몸에 지닌 용 몬스터
MSG:2:58	010B0F		025e029888decb3bed2101e501ba884c76ab0f0f01150116022e0335a8212100	Foes LV changes its move	공포의 머신!상대의 LV에 따라 공격이 변한다!!
MSG:2:59	010B2F		c0d3e688027bab0f0f022e03351b1f02d3014802d82100	Heart ofAtla!	아트라의 마음으로 변한 자수정!
MSG:2:60	010B46		1c98ac11d1e19e0f1392889c0145971a160158012988011d9e0f0f0f01de025b9c12ad122100	Wilted  plant.Itclaws toattack!	날카로운 발톱이 먹이를 찢고 마른 나무의 힘이 생기를 빼앗는다!
MSG:2:61	010B6C		02e401659c8b931d830f819f819fcf27d02102801380bd1201e2850f031d03111d95212100	Beat it before  it callsallies!	동료를 늘리려고 차례차례 터치!늘어나기 전에 퇴치하라!!
MSG:2:62	010B91		020a015488141e1a850f012602e1891c9884210fc0277b3b179612830286859288b1980f0f025b01b380a8f623213f00	Slow butpowerfulwith an intense uppercut	느린 동작에 방심은 금물!어퍼컷을 맞으면 하늘로 오르는 기분!?
MSG:2:63	010BC1		01d5030c88cfd2eedf0f03098512131f02f802d621f8edf45ded020f880fe2edcccf3b8801fbab02c7024a0f8d1998f72100	Crimson-mane foewho     drinks  blood!	진홍빛 갈기에 피에 굶주린 야수!던전 최고의 흉악함!
MSG:2:64	010BF3		111fa59601f6026a162193971f118d12a8111b15969980bd128303041180bd12f72100	A free  spirit. Cries ifscolded.	장난을 너무 좋아해!제멋대로 굴다 혼나면 울어 버린다!
MSG:2:65	010C16		02390266ab01999c0f0f0f8118820241820f0f0f11168497f0cae721022f01fc81161a1c0f0f02588411e2edcccf3b00	Silentlystalks  to slicewith itsknife.	말없이 뒤를 밟아 와서 갑자기 푹!식칼을 찌르는 위험한 몬스터
MSG:2:66	010C46		8f84a29a1b01e10266211cb0829c8e161990025e029888030001a20120210f0167030b021e0240212100	Engulfs all. It brings  death.	몰살 선언!모든 것을 휩쓸어 버리는 공포의 암흑룡!각오하라!!
MSG:2:67	010C70		01d688023a9c01b381013f01203838dbeac09c010b97013f011501169c1797a81c0288031a88e2edcccf3b00	Mythicalmonster of floor88.	신의 이름을 가진 초룡 88층을 지키며 초공격을 퍼붓는 전설의 몬스터
MSG:2:68	010C9C		011717022101af025c01d002292101f602ab02cd02748502e502ad2100	Has bad breath!	걸어 다니는 신기한 식물!엄청난 입냄새에 주의!
MSG:2:69	010CB9		013f0162011d01e60156880f0f01a8031203250119210f0f0f01a80162e2edcccf3b830197ad998211982100	Said to be most powerfulmonster!	초강력 장갑의 최종 병기!최강 몬스터라 불린다!
MSG:2:70	010CE5		03221398017c030e880f0f0135021883030685028a01cd2101f3858e83bc1f0f0f016c8803299e01f610ad99e2edcccf3b02829c0f0314168996122100	Burst inlike a  volcano!Its bodyburns   enemies!	화산의 폭발과 함께 등장!불꽃의 폭풍이 몬스터들을 태운다!
MSG:2:71	010D22		c43beae6159e93170286018e85028a01cd1b0f0f021f88011d9c030802d803352101fa03578c9015bc820f8b971e1ea0212100	In an   aurora  lit sky it rainsice on  the land	오로라 빛나는 하늘에 등장해 얼음의 힘을 지상에 퍼붓는다!!
MSG:2:72	010D55		02420302839f99860f0f028685030a9b990f0f0f016201f684c1c5f5d00f028615960243831b0f0fe2edcccf3b02829c0f02d01788a82100	It sendsa storm that    thunderson its  foes.	천둥 구름 가득한 하늘에 나타나 거대한 번개를 내려 몬스터를 심판한다!
MSG:2:73	010D8D		d1d815960326bc1f0f931a1b1102cc890f0f81818e991f014e9c0f017d01321c9800	Its hornheals   wheneverit is   near.	뿔에서 나오는 부드러운 빛은 감싸인 자를 회복한다
MSG:2:74	010DAF		1e8801d7858e83bc1f01de02a088016c9e0f0f0f024a1b16027b9c0f0f0f0314160323110f0f0f0f1c841484027b9c0f0f11931b8217999800	Its firescorchesevil    hearts  to bringpeace.	몸에 두른 생명의 불꽃이 나쁜 마음을 태우고 순수한 마음을 치유해 준다
MSG:2:75	010DE8		0230014688159e93168581818e991f014e890f0221019c8401cf01f4880f0f017d01328302a602350f0f0fc4dec885027c01fe920f1b931c178498f72100	Its gem shines  a light,aiding  growth  and luck	보석의 빛에 감싸인 자는 나쁜 상태의 회복과 예방 덤으로 성장도 쉬워진다!
MSG:2:76	010E26		01fa032088032015960f0f7bedd0217bedd021016201f684011dab0f0f0f1cb0829c8196861601f601fa9c17a51b820f01f6f8e13bf4212100	Pierces the landas it   destroysits foe.	땅속에서 펀치!펀치!대지를 무너뜨려 큰 대미지!!
MSG:2:77	010E5F		024d0321032b02e10f02d2013e02cb01f601fa9c819686170ff0edf0d5e88802df0f328188016201f601150116ab02771882179998f72100	With itsspear   it can  cleave  the landin two.	일도양단 참철검 대지를 꿰뚫는 궁니르의 창 2가지 공격으로 도와준다!
MSG:2:78	010E97		01471602bf959701c4030a1b1cb0829c888f199001f60307032a9c021801de210f01f602bf02d99c021801de1a1de2edcccf3b0282850ff8e13bf4023e13982100	Emerges from theocean toswallow all.	푸른 바다에서 나타나 모든 것을 삼키는 대해일로 몬스터에게 대미지!
MSG:2:79	010ED8		030001a28803289c0f0f0f8a989e131b02f0af21017f15991f02cd159688016201f684fe3be09e0f03189caf800292160f0f013601681c9800	Flying  on wingsof dark,its beampierces stars.	암흑의 날개를 펄럭이며 난다!입에서 나오는 거대한 빔이 별을 꿰뚫어 부순다
MSG:2:80	010F11		0286018e88012c012e0316159602cc8303068501c4030a1b0fd9d401ea31021821210f19880317881cb08289030f1c92880239170f0f030d188098212100	Heavenlybeing,  it firesfrom itsnose to destroy.	마법진에서 나타나 콧바람 한 방!!모든 것이 남김없이 부서진다!!
MSG:2:81	010F4F		36818802099c1515a11e99a7998802cd1596017c021f02420227030102cc880f011501169c8984810f0f02a5026e1a991f011d9e0f1cb0829c036cb11c2100	6 heads of fire,ice,windthunder,dark,andlight.	6개의 머리에서 불 얼음 번개 바람 어둠 빛의 공격!융합된 힘이 모두를 멸한다!
MSG:2:82	010F8E		9d3f0ac6df89a89915843f00	Huh?{D}\nWho are\nyou?	응?\n자네는 누구인가?
MSG:2:83	010F8E	MSG:2:82	9d3f0ac6df89a89915843f00	Huh?{D}\nWho are\nyou?	응?\n자네는 누구인가?
MSG:2:84	010F8E	MSG:2:82	9d3f0ac6df89a89915843f00	Huh?{D}\nWho are\nyou?	응?\n자네는 누구인가?
MSG:2:85	010F8E	MSG:2:82	9d3f0ac6df89a89915843f00	Huh?{D}\nWho are\nyou?	응?\n자네는 누구인가?
MSG:2:86	010F8E	MSG:2:82	9d3f0ac6df89a89915843f00	Huh?{D}\nWho are\nyou?	응?\n자네는 누구인가?
MSG:2:87	010F8E	MSG:2:82	9d3f0ac6df89a89915843f00	Huh?{D}\nWho are\nyou?	응?\n자네는 누구인가?
MSG:2:88	010F8E	MSG:2:82	9d3f0ac6df89a89915843f00	Huh?{D}\nWho are\nyou?	응?\n자네는 누구인가?
MSG:2:89	010F8E	MSG:2:82	9d3f0ac6df89a89915843f00	Huh?{D}\nWho are\nyou?	응?\n자네는 누구인가?
MSG:2:90	010F8E	MSG:2:82	9d3f0ac6df89a89915843f00	Huh?{D}\nWho are\nyou?	응?\n자네는 누구인가?
MSG:2:91	010F9A		9d3f0a0404db2627c70400899b1f1ba89e0ac6df893f00	Eh?{D}\nI am\n<04>Fawkes<00>.{D}\nWho are\nyou?	응?\n<04>포크<00>는 나네만\n자네는?
MSG:2:92	010FB1		10102c1088e23bf0e7880a02a2a880a88400	Ah,is\nthat{D}\nmoogle yourfriend?	아아,그 모그리의\n친구로군
MSG:2:93	010FC3		1088e23bf0e784960a01c201768502168e99841115960a02529c01f51b821799bc8200	The inn\nhad no\nroom to{D}\nuse,so\nhe demandeda home.	그 모그리라면\n여관에 묵을 수 없으니\n집을 빌려 달라며
MSG:2:94	010FE6		0162024e85018e16025288c5ef9c0a01b3bc8211bc821b8ebc1f9500	But then,\nhe swiped{D}\nmy key\nfrom me!	억지로 빈집 열쇠를\n가져가 버렸다네
MSG:2:95	011002		0153bc82118415bc1f0a0252a815962c018f1f80880a01b502a4850153bc8211119500	The\nhouse was\nvacant{D}\nso feel\nfree to\nuse it.	안 쓰던\n집이니,자네들\n마음대로 써도 되네
MSG:2:96	011025		01c20176892c19881011a80aab161fadbc1597ab0d0a8ea80153bc8211841115968400	The inn\nwas just\nbuilt and{D}\nis not\nready for\nuse yet.	여관은 얼마 전에\n막 지어져서{D}\n아직 안 쓰고 있거든
MSG:2:97	011048		1088e23bf0e784960a01ef8802529c91a0bc8211980a88a4bd841115843f00	I think themoogle was\nwandering{D}\nthe villagehomes.	그 모그리라면\n마을 집들을 돌고\n있지 않을까?
MSG:2:98	011067		ac12a8112c01ef85890a84a49da815843f00	So,\ngotten{D}\nused to\nlife{D}\nhere?	어떤가,마을에는\n익숙해졌나?
MSG:2:99	011079		0404c5dfe67b7b0400892cac198c0a11bc821b8ebc1f88a89a1200	I wonder\nwhere{D}\n<04>Camillas Dad<00>went.	<04>카미라 아빠<00>는 어디로\n가 버린 걸까
MSG:2:100	011094		c6df892c01a802c9119a119a840ac0c1d2e09c2c01b3bc8217980a1e12a8843f00	You brought\nback all\nkinds of{D}\nitems\nlately,huh?	자네,요즘 여러\n아이템을 가져온다던데\n그런가?
MSG:2:101	0110B5		ac19159601b3bc82179888150a02ac1b8217998411153f00	Can you\nsay where{D}\nyou have\nfound them?	어디서 가져오는지\n이야기해 주겠나?
MSG:2:102	0110CD		3d3d3d84988dac0d0a0404c5dfe67b7b0400890a84851585027297034a8e99821b8e110d0a01c2017688017885f8edf45ded9c0a0154bc821b8ebc1f881500	...{D}\nI see. So,\n<04>Camillas Dad<00>{D}\nwas taken\nby something\n{D}and had a\ndungeon\n{D}built under\nthe inn.	…그렇군{D}\n<04>카미라 아빠<00>는\n무언가에 사로잡혀서{D}\n여관 아래에 던전을\n만들어 버렸단 말인가
MSG:2:103	01110C		1b151b2c198802ac0aac1915ab01389da819839e0a10bc1f9512843d3d3d00	But I do\nfeel I\nhave read{D}\nthis\nstory...	하지만,이 이야기\n어디선가 읽은 적이\n있는 것 같은데…
MSG:2:104	01112B		0404e93bf0e60400018f2100	<04>Regla<00>!	<04>레그라<00> 군!
MSG:2:105	011137		89112c02dd01de00	Yes!	네,선생님
MSG:2:106	01113F		198801ef9c035d111f8316850a0218015c1a991f3402d18802369e0a10bc1fa89a123f00	When the\nvillage\nwas founded{D}four\nbooks were\nfound.	이 마을을 개척했을 때\n발견된 4권의 책이\n있었지?
MSG:2:107	011163		89110a01671382118e1c00	Yes,I\nrecall.	네\n기억합니다
MSG:2:108	01116E		80bfbc830a01f81b8217998411153f00	Will you\ntake a{D}\nlook?	잠깐\n찾아 주겠나?
MSG:2:109	01117E		9517025f138217991f870d0a1999ab2c0179159b159815920a1b9984119500	Now we\nmay learn{D}\nsomething.	잘 알려 주었네{D}\n이걸로 뭔가 알 수 있을지도\n모르겠군
MSG:2:110	01119D		133c833d3d3d0aac19ab1b1fbc1887ba00	Hmmm...\nJust{D}\nwhere was\nit?	음…\n어디였더라
MSG:2:111	0111AE		199d8580890a02aa88028b01fbab1c153f00	Hello.{D}\nAre you atraveler?	안녕하세요\n여행 중이신가요?
MSG:2:112	0111C0		841584150265025b840ae23bf0e7ab1c8700	That\nmoogle{D}\nis so\nlively!	꽤 활기찬\n모그리네요
MSG:2:113	0111D2		029489ac121b820a198801ef8501c09088ab0a1bbf12153f00	Why is\nhe\nstaying{D}\nin this\nvillage?	그는 왜\n이 마을에 사는\n걸까요?
MSG:2:114	0111EB		848592025f1382890a1799841188ab1c00	He neversaid.	아무것도\n알려 주지 않아요
MSG:2:115	0111FC		029601ce850a025b8584978e1c8700	How verycurious.	무척\n궁금하네요
MSG:2:116	01120B		9517161f840a02369e3202d1015c8115bc1f9500	You did\nwell.{D}\nThat is 2\nbooks!	잘 왔네\n책을 2권 찾았다네
MSG:2:117	01121F		92123102d1881983890a0404e93bf0e60400018f9e0a02ac1b8217999800	<04>Regla<00>\ntold me\nof{D}\nanother\nbook.	나머지 1권은\n<04>레그라<00> 군이\n이야기해 줄 걸세
MSG:2:118	01123D		022101af025c840236a89500	Curious!	신기한 책이라네
MSG:2:119	011249		030f97883202d19201f81b8214179500	I will seek{D}\nthe other 2!	나머지 2권도 찾아 두겠네
MSG:2:120	011259		199d8580890a02369e3202d1015c8115978e1b1f950a3102d18902dd01de9e149280ab1c00	Hi. There\nwere 2\nbooks found!{D}\nTeacher has\nthe other.	안녕하세요\n책을 2권 찾았어요\n1권은 선생님이 갖고 계세요
MSG:2:121	01127E		01f6022e850342029c01d4110236ab1c00	Peculiar.	무척 흥미로운 책이에요
MSG:2:122	01128F		1f1b1501a802d7850218015c1a991f831685890a1cb082887e3bf49e03650350ab0a8485920276159982118415bc1f88ab1c00	When the book\nwas first\nfound,the{D}\npages were\nblank sheets.	분명 처음 발견됐을 때는\n모든 페이지가 백지라\n아무것도 쓰여 있지 않았어요
MSG:2:123	0112C2		1b151b2c01a30363017f11828f98830a7e3bf4858485150276159982119888ab1c00	But today,I\nopened it,and{D}\nsomething was\non the page!	그런데,오늘 펼쳐 보니\n페이지에 뭔가 쓰여 있어요
MSG:2:124	0112E4		ac12ab1c3f0a015c0167139e10978e1c153f00	So,is it\nfamiliar?	어떠세요?\n본 기억이 있나요?
MSG:2:125	0112F7		9389971e12ab1c1500	I knew{D}\nit!	역시 그렇군요
MSG:2:126	011300		19880236892c10841f9ef8edf45ded8801fbab0a01c402bebc1fe2edcccf3b9e027616034a8e99980a9512ab1c8700	The book keeps\nrecords of the\nmonsters that{D}\nyou find inside\nof dungeons.	이 책에는,당신이 던전에서\n만난 몬스터가 적히는\n것 같아요
MSG:2:127	01132F		034502fb892c8ebc1f179b15978e1d9d9e0a01f6022e850342029c01d4110236ab1c00	I have no\nclue how it{D}\nworks. How\nfascinating!	원리는 전혀 모르겠지만\n무척 흥미로운 책이에요
MSG:2:128	011352		1e12ab1c872c198802369c0a0401032c0fe2edcccf3bdb22c1e80f032d04000a830197ae8e1bbf120f0f0f0f0f0f0f00	We can call\nthis book the\n<02>Monster File<00>.	그래요,이 책을\n<01>【 몬스터 파일 】<00>이라고 부르죠
MSG:2:129	011382		0401032c0fe2edcccf3bdb22c1e80f032d0400890a1e1988024d021b0171035a880236035e8c0a0210998214168e1c0a01b502a485015c8201781a1100	I put the\n<02>Monster File<00>\non the right\nbookshelf.{D}\nPlease feel\nfree to use\nit.	<01>【 몬스터 파일 】<00>은\n저기 맨 오른쪽 책장에\n넣어 둘게요\n자유롭게 보세요
MSG:2:130	0113BF		030f97883202d19201f81b8214168e1c00	I will seek{D}\nthe others.	나머지 2권도 찾아 둘게요
MSG:2:131	0113D0		4001de1688ae988589600d0a19999e2c19880236880a023a01e2889512a800	<02>How to\nSurvive<00>{D}\nis the\ntitle.	「살아남으려면」{D}\n이게 이 책의\n이름인 모양이군
MSG:2:132	0113EF		01a5035a880236035e8c02e31182141788ab0a01b502a485015c841a1100	It is on\nthe left{D}\nshelf.\nPlease use it.	왼쪽 책장에 둘 테니\n자유롭게 보게
MSG:2:133	01140D		02369c0138900a0236035e8c92ac1c00	Read\nReturn	책을 읽는다\n책장에 되돌린다
MSG:2:134	01141D		0310887e3bf49c015c980a83a49800	Next\nEnd	다음 페이지를 본다\n덮는다
MSG:2:135	01142C		0310887e3bf49c015c980a01e2887e3bf49c015c980a83a49800	Next\nPrevious\nEnd	다음 페이지를 본다\n앞 페이지를 본다\n덮는다
MSG:2:136	011446		01e2887e3bf49c015c980a83a49800	Previous\nEnd	앞 페이지를 본다\n덮는다
MSG:2:137	011455		4002d3014802d89e01549701c41b1f0f0f0f0f0a0ff8edf45dedab10bc82920f0f0f0a0fc0c1d2e08902360229ab10980f0f0f600c00	Items are real\nin the Tyrian\nCrystal dungeon¶	「자수정이 만들어 낸\n 던전이라 해도\n 아이템은 진짜다」¶
MSG:2:138	01148B		4003479c161f130f0f0f0f0f0f0f0f0a0f011801199c161f130f0f0f0f0f0f0f0a0f0235011b9c161f139a0f0f0f0f0f0f600c00	Forge your\nweapons,armor,\nand body!¶	「자신을 단련하고\n 무기를 단련하고\n 방어구를 단련하라」¶
MSG:2:139	0114BF		40ccc127d09c03341c01e2850f0f0f0f0a0f1c191b0349139a0f0f0f0f0f0f0f600a0f0c00	Plan before\npressing a\nswitch!¶	「스위치를 누르기 전에\n 조금 생각하라」\n ¶
MSG:2:140	0114E4		409b159684119288890f0f0f0f0f0a0f0153132c1e1b8201e6010c1b9a0f0f0f600c00	Use or equip\nwhat you do\nnot know!¶	「모르는 것은\n 써라,그리고 장비하라」¶
MSG:2:141	011507		40849dab920153bc820a0f1596a8ab14b1139a0f0f0f0f0f600c00	Commit items\nto memory!¶	「뭐든지 써서\n 몸으로 익혀라」¶
MSG:2:142	011522		400265025b9e84178498830a0f48509e8cbc821b8e120f0f0f0f600c00	If Energy\ndrops to 0,\nHP lowers!¶	「기운이 없어지면\n HP가 줄어든다」¶
MSG:2:143	01153F		40109b8298840a0f158496a502bd8910980f0f0f0f0f600c00	Do not fret.\nThere is\nalways a way!¶	「당황하지 마라\n 반드시 길은 있다」¶
MSG:2:144	011558		40f8edf45ded8801fbab1f149998830a0f4c769e311a9ebc821b8e120f0f600c00	If you faint\nyour Level{D}\nlowers by 1!¶	「던전 안에서 쓰러지면\n LV가 1 내려간다」¶
MSG:2:145	011579		40032c032f032d5fcfed8903341b81aa18980a0f198392ab16980f0f0f0f0f0f0f600c00	The {32F} button\ncan be held\ndown!¶	「【○】 버튼은 계속 누르고\n 있을 수도 있다」¶
MSG:2:146	01159D		400147110146892c01b3bc82111f960a0f020ba4928889024380841784980f0f600c00	You can not\nfind Magicite\nyou own!¶	「파란 돌은 가지고 있으면\n 같은 것은 떨어지지 않는다」¶
MSG:2:147	0115C0		404c76302b4c76300f890f4c76310a0f01b5022a880231012e9c01549701c41d0f0f0f600c00	Joining two\nLv0 makes Lv1!\nForge a way!¶	「LV0+LV0 은 LV1\n 자신만의 방법을 만들어라」¶
MSG:2:148	0115E6		3402d10128892c02dd01de9e0a01b3bc821496998e1c00	Teacher\nhas the{D}\n4 th\nbook.	4권째는 선생님이\n갖고 계세요
MSG:2:149	0115FD		8e1f3102d1015c8115bc1f9500	Another{D}\nbook found!	또 1권 찾았다네
MSG:2:150	01160A		01389da814b1139e10bc1f88890a19880236a8bc1f9da800	This is\nthe book I{D}\nrecall\nreading.	읽은 기억이 있던 건\n이 책이었어
MSG:2:151	011622		1fa88802290348a88301afbc82111f0d0a02360208881983a8bc1f83893d3d00	What I\nthought was{D}\na story\nseems to{D}\nbe true.	그냥 이야기인 줄 알았는데{D}\n진짜였을 줄이야…
MSG:2:152	011642		19880236922c1e19880236035e8c0a02e31182141788ab01b502a4850a015c82179900	I will\nput this\non the{D}\nshelf too.\nPlease\nread it.	이 책도 저기 책장에\n둘 테니 자유롭게\n보게나
MSG:2:153	011665		0404c5dfe67b7b0400892c017983150a02771801c41d1f9e3d3d0d0a0404c0d3e60400018f9c027718981983890aab169888a89a12153d3d00	<04>Camillas Dad<00>is safe...{D}\nBut can we\nhelp <04>Atla<00>?	<04>카미라 아빠<00>는 어떻게든\n구해 냈지만…{D}\n<04>아트라<00> 군을 구할 수\n있을까…
MSG:2:154	01169E		0404c5dfe67b7b0400892c02fa8801ca84110a14a8931584d05dc95fa815960a01f601b1858984968415bc1f9512a800	<04>Camillas Dad\n<00>is a calm\nchocobo with{D}\nfew desires.\nHe does not\nwant much.	<04>카미라 아빠<00>는 욕심이 적은\n온화한 초코보라서\n큰일은 없었던 모양이네
MSG:2:155	0116CE		1b151b2c0404c0d3e60400018f893d3d0d0a1e881983892c018f9e024d021b95170a9b15bc82119888ab898411153f00	But\n<04>Atla<00>...{D}\nI am sure\nyou know{D}\nhim best?	하지만,<04>아트라<00> 군은…{D}\n그건 자네가 제일 잘\n알고 있지 않나?
MSG:2:156	0116FE		8e1f3102d1015c8115978e1b1f9500	One more{D}\nbook found!	또 1권 찾았어요
MSG:2:157	01170D		0236892c02dd01de9e01b3bc821496998e1c00	Teacher has it.	책은 선생님이 갖고 계세요
MSG:2:158	011720		4002d3014802d885027297034a8e991f9288890a0f01b5022a8802fa036a8801d41a83020ba401d41a880a0ff8edf45ded9c01549701c41c0f0f0f0f0f600c00	One taken by the\nTyrian Crystal hasa dungeon as deep as their desire.¶	「자수정에 사로잡힌 자는\n 자기 욕망의 깊이만큼 깊은\n 던전을 만들어 낸다」¶
MSG:2:159	011760		401e198589022101af025c84c0c1d2e09e0a0f01da01f0171415998211980a0f1e999c02c591820210bc82161f0a0f02ba0264014e88034d9c018a110272bc821b8e120f600c00	Treasures tempt\nexplorers,who thenhave their spiritsabsorbed.¶	「그곳엔 신기한 아이템이\n 많이 놓여 있고\n 그것을 찾아 들어온\n 모험자의 영혼을 빨아들인다」¶
MSG:2:160	0117A7		40034d9c1f171a9d018a110272bc1f02d3014802d8890a0f939e8201f616178497022a02fe1b031702558c0a0f026c9e980f0f0f0f0f0f0f0f0f0f0f0f600c00	The Tyrian Crystaltook many spirits.If it keeps\ngrowing...¶	「많은 영혼을 삼킨 자수정은\n 이윽고 커져서 분열하여\n 세상에 퍼진다」¶
MSG:2:161	0117E7		401e12849801e2852c02d3014802d89c0a0f0226a4841899ad849684110a0f1b151b2cac120226a499ad111188150f600c00	It will spread.\nIt must be\nstopped,but\nhow?¶	「그렇게 되기 전에 자수정을\n 봉인해야 한다\n 하지만,어떻게 봉인하면 될까」¶
MSG:2:162	011819		409b999b9985ab161f1983890a0f027297034a8e991f92889c03611b0d0a0f01fa01fb01d4178c1291981983a818a8bc1f600c00	We defeated what\nwas within and\nburied it under\nthe ground.¶	「우리가 할 수 있었던 것은\n 사로잡힌 자를 쓰러뜨려{D}\n 땅속 깊이 묻는 것뿐이었다」¶
MSG:2:163	01184D		40a89e01b488032a99830306850a0f02d3014802d889013201841c98a89a120f0f0f0f600c00	But,in time,\nit will return.¶	「하지만 시간이 흐르면\n 자수정은 부활하리라」¶
MSG:2:164	011873		401e8801b48502d3014802d89597920a0f198802369e02dd850218015c1a999819839c0a0f033d9a120f0f0f0f0f0f0f0f0f0f0f0f600c00	I hope that\nthis book is\nfound before\nit does...¶	「그때 자수정보다\n 이 책이 먼저 발견되기를\n 기도하자」¶
MSG:2:165	0118AB		198802368801a8019985022101af025c8419839e0a02761182109888a89e3d3d0d0a018f85899b15988815843f00	At the end\nthere is{D}\nsomething\nmysterious.{D}\nDo you\nunderstand?	이 책의 마지막에 신기한 말이\n쓰여 있는데…{D}\n자네는 알겠나?
MSG:2:166	0118D9		4002368802b9858b9999ad4c76890f1e888e8e0f0a0f0236880371858b9999ad4c76890f89a4911596600a9b1f1b85892c0179881983a81500	Touch the front,\nlevel remains.{D}\nTouch the back,\nlevel reverts to 1.	「앞면을 만지면 LV 그대로\n 뒷면을 만지면 LV 처음부터」\n나는 무슨 소린지
MSG:2:167	011912		4002368802b9858b9999ad4c76890f1e888e8e0f0a0f0236880371858b9999ad4c76890f89a4911596600c00	Front:Lv remains\nBack:Revert Lv to 1¶	「앞면을 만지면 LV 그대로\n 뒷면을 만지면 LV 처음부터」¶
MSG:2:168	01193E		02b9858b99980a0371858b99980a8b99841100	Front\nBack\nDo not	앞면을 만진다\n뒷면을 만진다\n만지지 않는다
MSG:2:169	011951		f8edf45ded1596036dbc82920a4c76891e888e8e8584978e1c0c00	Your Lv will\nstay on exit¶	던전에서 돌아와도\n현재 LV 그대로입니다¶
MSG:2:170	01196C		f8edf45ded1596036d98830a4c7689318584978e1c0c00	Revert yourLv to 1?¶	던전에서 돌아오면\nLV 1이 됩니다¶
MSG:2:171	011983		01a80199883102d1015c8115bc1f9500	One last\nbook found!	마지막 1권을 찾았다네
MSG:2:172	011993		8e1f9293022101af025c840236a89500	Mysterious{D}\nagain!	또다시 신기한 책이라네
MSG:2:173	0119A3		3402d10128ab1c00	Book{D}\n4...	4권째예요
MSG:2:174	0119AB		ac12ab1c3f0a199992015c01671310978e1d9d153f00	So? Do you\nremember{D}\nthis one?	어떠세요?\n이것도 본 기억 없으세요?
MSG:2:175	0119C1		1e12ab1c0a1999921e12ab1c00	Right.{D}\nHere...	그래요\n이것도 그래요
MSG:2:176	0119CE		19880236890a0401032c0fc0c1d2e0db22c1e80f032d04000a830197ae8e1bbf120f0f0f0f0f0f0f00	We can call\nit the\n<02>Item File<00>.	이 책은\n<01>【 아이템 파일 】<00>이라고 부르죠
MSG:2:177	0119F7		0401032c0fc0c1d2e0db22c1e80f032d0400890a19880236035e8c0210998214168e1c0a01b502a485015c8201781a1100	The <02>Item File<00>\nis here on\nthe shelf.{D}\nPlease use\nit anytime.	<01>【 아이템 파일 】<00>은\n이 책장에 넣어 둘게요\n자유롭게 보세요
MSG:2:178	011A28		3402d11cb0821e9a118e1b1f8700	All 4 books!	4권이 전부 모였네요
MSG:2:179	011A36		03178801fb8ea88ea80a022101af025c9e1f171a9d10978e1c00	Many\nmysteries{D}\nremain in\nthis world.	세상에는 아직\n신기한 게 많아요
MSG:2:180	011A50		8b900af8edf45ded8901cb138415bc1f00	Hm. So the\ndungeon{D}\nstayed.	흠\n던전은 사라지지 않았군
MSG:2:181	011A61		02839ef8edf45ded9c0a1a1a1382119888a89a123f00	But who is\nfueling the{D}\ndungeon?	누가 던전을\n지탱하고 있는 걸까?
MSG:2:182	011A77		02d3014802d889101f961b11939702319c0a015c81181f88ab898411a89a121500	The Tyrian\nCrystal must{D}\nhave found\na new method.	자수정은 새로운 방법을\n찾아낸 게 아닐까
MSG:2:183	011A98		1e122c0346014988027bab8984170a8f9d8488027b9c027297034a903d3d00	Not just\nconsuming{D}\none heart\nbut all{D}\nhearts.	그래,한 사람의 마음이 아니라\n모두의 마음을 사로잡는…
MSG:2:184	011AB7		1e12848815921b9984110a1088f8edf45ded893d3d00	Perhaps\nthat is{D}\nwhat the\ndungeon{D}\nis...	그럴지도 모르지\n저 던전은…
MSG:2:185	011ACD		9b1f1b1f8088036a9da80af8edf45ded848815921b99841100	A dungeon\nof our{D}\ncombined\ndesires...	우리가 바란\n던전일지도 몰라
MSG:2:186	011AE6		f8edf45ded9e010402050a10969b998e1b1f00	A third\ndungeon...	던전이 세 번째로\n나타났어요
MSG:2:187	011AF9		9b1f1b892c02dd01de838392850a10980349139c01fdb082118e1c00	I have\nan idea to{D}\ncheck with\nTeacher.	저는 선생님과 함께\n어떤 생각을 조사하고 있어요
MSG:2:188	011B15		029601ce8514921b9a179210970a141e9a1b179210978e1c00	Interesting,\nbut dreadful.	무척 흥미롭기도 하고\n무섭기도 해요
MSG:2:189	011B2E		f8edf45ded9eab161f1596191e0a198801ef891414161784bc1f88ab1c00	The village\nhas grown by{D}\nthe creation\nof dungeons.	던전이 생겼기 때문에\n이 마을은 커진 거예요
MSG:2:190	011B4C		01ef888f841a9d890a1e9985025b9e811182118e1c00	Everyone\nin the{D}\nvillage\nnoticed it.	마을 사람들은\n그걸 깨닫고 있어요
MSG:2:191	011B62		01b5022a1f809e2c1988f8edf45ded9c0a036a9dab111f19839c00	This is the\ndungeon we{D}\nhave desired.	자신들이 이 던전을\n바라고 있었다는 걸
MSG:2:192	011B7D		c0c1d2e0d3e93bfc9c1b8e1c153f0c00	Trade items?¶	아이템 트레이드를 할까요?¶
MSG:2:193	011B8D		d3e93bfc01fb89e1e2e73bc53bfc9c86158411ab17a81a110c00	Trading. Do not touch memory card.¶	트레이드 중에는 메모리 카드를 빼지 마세요¶
MSG:2:194	011BA7		f13be09c017f02b31b1f88832c809e12035a88ccea27d3850ad3e93bfc01e501ba88e1e2e73bc53bfc9c1a1b8217a81a110c00	Please insert memory\ncard of trading\npartner¶	게임을 시작한 쪽과 다른 슬롯에\n트레이드 상대의 카드를 꽂아 주세요¶
MSG:2:195	011BDA		e1e2e73bc53bfc9cd02527c71b82118e1c0c00	Checking memory card.	메모리 카드를 확인하고 있습니다¶
MSG:2:196	011BED		d3e93bfc01e501ba88db22c1e89c031b9dab01781a110c00	Pick file to trade with.¶	상대의 파일을 골라 주세요¶
MSG:2:197	011C05		0f0f01b5022a88027f02670f0f0c00	Mine¶	  내 창고   ¶
MSG:2:198	011C14		0f0f01e501ba88027f02670f0f0c00	Partner¶	  상대 창고  ¶
MSG:2:199	011C23		c0c1d2e0d3e93bfc9c03129b978e1c153f0c00	End trade?¶	아이템 트레이드를 끝낼까요?¶
MSG:2:200	011C36		d3e93bfc030802539ccd3bff1b8e1c153f0c00	Save results?¶	트레이드 결과를 세이브할까요?¶
MSG:2:201	011C49		02680257ab1698cd3bfffb3bcf9e10978e1d9d0a032b023188e1e2e73bc53bfc9c01fdb08217a81a1100	Data will be saved\non both memory cards.	교환할 세이브 데이터가 없습니다\n양쪽 메모리 카드를 확인해 주세요
MSG:2:202	011C73		1988cd3bfffb3bcf892c027f02679c15978211841188ab0ad3e93bfc89ab168e1d9d00	This file has not\nrented storage.	창고를 빌리지 않은 데이터라\n트레이드할 수 없습니다
MSG:2:203	011C96	MSG:0:0	0402cd3bff04001b8e1c153f0c00	<02>Save<00>?¶	<02>세이브<00>할까요?¶
MSG:2:204	011CA4	MSG:0:1	0402cd3bff040001fbab1c0a0402e1e2e73bc53bfc04009c0a0292158411ab17a81a110c00	<02>Saving<00>...\nDo not touch the\n<02>Memory Card<00>¶	<02>세이브<00> 중입니다\n<02>메모리 카드<00>를\n빼지 마세요¶
MSG:2:205	011CC9	MSG:0:2	01c501b3015f0f0706efe80c00	GP{7:06}Gil¶	소지금 {7:06}길¶
MSG:2:206	011CD6	MSG:0:5	0f890f110a0f11111300	Yes\nNo	 예\n 아니오
MSG:2:207	011CE0	MSG:0:6	ac8802af8c019f978e1c153f0c00	Floor?¶	몇 층으로 내려갈까요?¶
MSG:2:208	011CEE	MSG:0:301	849d93879d840a8ea893bc8200	I am\ndoing{D}\nsome\nthing.	WAIT\nNOT DONE YET
MSG:3:0	01826E	MSG:0:0	0402cd3bff04001b8e1c153f0c00	<02>Save<00>?¶	<02>세이브<00>할까요?¶
MSG:3:1	01827C	MSG:0:1	0402cd3bff040001fbab1c0a0402e1e2e73bc53bfc04009c0a0292158411ab17a81a110c00	<02>Saving<00>...\nDo not touch the\n<02>Memory Card<00>¶	<02>세이브<00> 중입니다\n<02>메모리 카드<00>를\n빼지 마세요¶
MSG:3:2	0182A1	MSG:0:2	01c501b3015f0f0706efe80c00	GP{7:06}Gil¶	소지금 {7:06}길¶
MSG:3:3	0182AE	MSG:0:3	0f0402cd3bff0400850271028d1b8e1b1f00	<02>Save<00> failed.	 <02>세이브<00>에 실패했습니다
MSG:3:4	0182C0	MSG:0:4	0402e1e2e73bc53bfc04009e0a1a1abc82118e1d9d00	There is no\n<02>Memory\nCard<00>.	<02>메모리 카드<00>가\n꽂혀 있지 않습니다
MSG:3:5	0182D6	MSG:0:5	0f890f110a0f11111300	Yes\nNo	 예\n 아니오
MSG:3:6	0182E0	MSG:0:6	ac8802af8c019f978e1c153f0c00	Floor?¶	몇 층으로 내려갈까요?¶
MSG:3:7	0182EE	MSG:0:7	d3e6277da885bf3c9d070000	A trap!{7:00}	함정이지롱~{7:00}
MSG:3:8	0182FA	MSG:0:8	0f0f0f158eac0f0f0f0c00	Furnace¶	   용광로   ¶
MSG:3:9	018305	MSG:0:9	e7cac1c7e85f27c7cc0c00	Recycle¶	리사이클 박스¶
MSG:3:10	018310	MSG:0:10	118080800a199dac89849da83c00	Whooa<\n{D}What\nhappened?	아야야야\n이번엔 또 뭐야~
MSG:3:11	01831E	MSG:0:11	849da82c01c201768801e215950d0a9d3f0a01c201768801e2a8bc823f00	Wah!{D}\nIn front\nof the inn?{D}\nWhy?	뭐야,여관 앞이잖아{D}\n응?\n여관 앞이라고?
MSG:3:12	01833C	MSG:0:12	8eb72ca88e1a99808ebc1f929d890a1bbf129e84111500	Nothing we\ncan do about{D}\nbeing\ntricked.	뭐,속아 넘어간 건\n어쩔 수 없지
MSG:3:13	018353	MSG:0:13	ac12939610880217ebe6023301ae880ad05dc95f9e1988f8edf45ded880ad6cb961b118400	The straw\nhat chocobo\nseems to be{D}\nthe keeper\nof the\ndungeon.	아무래도 저 밀짚모자 쓴\n초코보가 이 던전의\n주인인 것 같아
MSG:3:14	018378	MSG:0:14	1e9d84191fb719881a110aac12ab92111100	We best\nmove on.	그런 건 이제 와서\n아무래도 좋아
MSG:3:15	01838A	MSG:0:15	9512892c1088f8edf45ded880a01fb8589e9c084c0c1d2e09e0aacbc80bd97109815921b999d0abc821983a89500	The main\nthing is,\nthere is\nprobably{D}\ntreasure\ninside that\ndungeon...	요컨대,저 던전\n안에는 레어 아이템이\n잔뜩 있을지도 모른다\n이거지
MSG:3:16	0183B8	MSG:0:16	1e99a4bd2cc4e98901c0911e12840a83199a9c01f81b82179815961a0d0a04040b040089f8edf45ded850a019f978211178885021e02408401e6010c0a9c01dc139a950d0a1e99a4bdb78700	Anyway,\nwhile I\nfind us a{D}\nplace to\nstay,you\nshould{D}\nprepare to\nexplore,\n<04>{B}<00>!	그럼,난 살 만한 곳을\n찾아볼 테니까{D}\n<04>{B}<00>,넌 던전에\n내려갈 준비를 해 둬{D}\n그럼 나중에 봐
MSG:3:17	018404	MSG:0:17	93b70a1196bc1bbd1100	Hello,\nthere!	여어\n어서 와
MSG:3:18	01840E	MSG:0:18	026e027c01768c9512191e0a84859c026e027c1b8e1bbf1200	Welcome\nto my{D}\nForge.\nWant to\nfuse?	합성소에 잘 왔어\n뭘 합성할까?
MSG:3:19	018427	MSG:0:19	018fa8873f0d0a1abc16881ca2170a0265025b84e23bf0e7880a02a20282bc82888900	You\nfriends\nwith{D}\nthe hypermoogle\nfrom{D}\nbefore?	너구나?{D}\n아까 그 엄청\n활기찬 모그리의\n친구라는 게
MSG:3:20	01844A	MSG:0:20	0265025b84e23bf0e784960a01ef01fe8802528c019ebc1f950d0a102c1e121e120d0a1e881280022e9bbc1f0a01c802159c1c9815960d0a1e888316850a0241821799958400	That\nenergetic{D}\nmoogle\nwent to{D}\nsee the\nmayor.{D}\nMy shop\nopens soon{D}so please\ncome by{D}\nthen!	활기찬 모그리라면\n촌장님 댁에 갔어{D}\n아,맞다 맞다{D}\n조만간 색다른\n장사를 시작할 테니까{D}\n그때\n와 줘
MSG:3:21	018490	MSG:0:21	01ef01fe88025215113f0d0a5fc78819880252881ca00a01a5880252a8950d0a1e19880404db2627c704001a9d9e0a198801ef8801ef01fe1a00	The mayor?{D}\nGo left\nfrom here!{D}\nThe villagemayor,{D}\n<04>Fawkes<00>\nis there.	촌장님 댁 말이야?{D}\n우리 집 바로\n왼쪽 집이야{D}\n거기 <04>포크<00> 씨가\n이 마을 촌장이지
MSG:3:22	0184CA	MSG:0:22	8ea81988025902549e0a020a1584119da800	My\nmachine{D}\nis not\nrunning.	아직 이 기계가\n안 움직여
MSG:3:23	0184DC	MSG:0:23	1988025902541ca0850acafe821b8e129da80d0a8485151111c0c1d2e09e0a84111584b700	My machine\nis rusty.{D}\nIf there\nwas an{D}\nitem to\nhelp...	이 기계는 금방\n녹이 슬어 버려{D}\n뭔가 좋은 아이템\n없으려나
MSG:3:24	018501	MSG:0:24	101010102c100a1e1e2c1e88c53bfc890a84842c849da8113f00	Ahhhh,\nthat!{D}\nThat\ncard! Whatis that?	아아아아,아\n그그,그 카드는\n뭐,뭐야?
MSG:3:25	01851B	MSG:0:25	024c12950a1999a4bd841100	Not\nthis.	아니야\n이게 아니야
MSG:3:26	018527	MSG:0:26	1414210a1999892100	Ah,\nthis!	오오!\n이건!
MSG:3:27	018530	MSG:0:27	93bcb2971e12a80a1999a82100	This\nwill{D}\ndo it!	역시 그렇군\n이거야!
MSG:3:28	01853D	MSG:0:28	018f210a1ca2119519992100	You!\nAmazing!	너!\n이거 굉장해!
MSG:3:29	018549	MSG:0:29	10bc210af2e1ed00	Ah!	앗!\n미안
MSG:3:30	018551	MSG:0:30	c53bfc2c15bc82850a0153bc80bdbc1f9500	Sorry!{D}\nI ended\nup{D}\nusing thecard.	카드,멋대로\n써 버렸어
MSG:3:31	018563	MSG:0:31	ab922c025902549e020a111f15960a03401b821799958400	But now,\nit runs!{D}\nForgive\nme!	그래도 기계가 움직였으니\n용서해 줘
MSG:3:32	01857B	MSG:0:32	1e88159b97850a31017da818ca3bfecc1c98159600	As an\napology{D}\nuse it\nonce,free.	그 대신\n1번은 공짜로 해 줄게
MSG:3:33	018590	MSG:0:33	102c19880259025488031a012a9c0a1b828415bc1f958400	Ah,I\nnever{D}\nexplained\nit...	아,이 기계 설명을\n안 했지
MSG:3:34	0185A8	MSG:0:34	1e122c198802590254191e9e0ac7eb83c7eb9c01a4a6820a02b51b11c7eb851c9802590254a800	This\nmachine can\nfuse{D}\ntogether\ntwo of\nyour tools.	그래,이 기계야말로\n도구와 도구를 섞어서\n새 도구로 만드는 기계야
MSG:3:35	0185CF	MSG:0:35	133f0a95179b159684113f00	Eh?\nTell you{D}\nmore?	응?\n잘 모르겠다고?
MSG:3:36	0185DB	MSG:0:36	133c832c0339035f8502661283a88400	How to say...	음~ 간단히 말하자면
MSG:3:37	0185EB	MSG:0:37	1e88018f8801b3bc821198d1e10a1e122cd1e19c328111991f960a02b51b11d1e18501de8e99022e9b9800	Those\nTalons you\nhold. Put{D}\ntwo of\nthem in to\ncreate a{D}\nnew one.	네가 가진 그 발톱\n그래,발톱을 2개 넣으면\n새 발톱으로 다시 태어나지
MSG:3:38	018616	MSG:0:38	1e88018f8801b3bc821198c7e60a1e122cc7e69c328111991f960a02b51b11c7e68501de8e99022e9b9800	Those\nSaddles you\nhold. Put{D}\ntwo of\nthem in to\ncreate a{D}\nnew one.	네가 가진 그 안장\n그래,안장을 2개 넣으면\n새 안장으로 다시 태어나지
MSG:3:39	018641	MSG:0:39	01e6010cab169892889c328111991f960a02b51b11e2d88501de8e99022e9b989da800	Put two\nequippable{D}\nitems in to\nmake a new\none.	장비품을 2개 넣으면\n새 물건으로 다시 태어나지
MSG:3:40	018664	MSG:0:40	3d3dd1e13f0a018f2c1e88d1e189ac19ab0a01ba850210991f9da83f00	...\nTalons?\nWhere did{D}\nyou find\nthose\nTalons?	…발톱?\n너,그 발톱은 어디서\n손에 넣은 거야?
MSG:3:41	018681	MSG:0:41	3d3dc7e63f0a018f2c1e88c7e689ac19ab0a01ba850210991f9da83f00	...\nSaddle?\nWhere did{D}\nyou find\nthose\nTalons?	…안장?\n너,그 안장은 어디서\n손에 넣은 거야?
MSG:3:42	01869E	MSG:0:42	1e121113ad2c018f0a1e99892c849da8113f0aac19ab01ba850210991f9da83f00	Speaking\nof which\nwhat is{D}\nthat?Where\nis it\nfrom?	그러고 보니,너\n그건 뭐야?\n어디서 손에 넣었어?
MSG:3:43	0186BF	MSG:0:43	1e9989dadfd13f00	Secret?	그건 비밀?
MSG:3:44	0186C7	MSG:0:44	025b858498a4bd8411150a025f138217999500	Curious!\nTell me!	궁금하잖아\n알려 줘
MSG:3:45	0186DA	MSG:0:45	f8e13f00	No?	안 돼?
MSG:3:46	0186DE	MSG:0:46	123c9d0a025b858498a73c00	Hm...{D}\nHow\nodd.	으음~\n궁금하다~
MSG:3:47	0186EA	MSG:0:47	849da8bc823f0af8edf45deda8bc823f00	What?\nA dungeon?	뭐라고?\n던전이라고?
MSG:3:48	0186FB	MSG:0:48	123c9d0a0404c5dfe67b7b04001a9d92027b0364a818ac0af8edf45ded92025b85849884b700	I worry for\n<04>Camillas Dad<00>\nbut also{D}\nthe dungeon\n...	으음~\n<04>카미라 아빠<00>도 걱정이지만\n던전도 궁금하네
MSG:3:49	018721	MSG:0:49	31017dca3bfecc1c98bc820a036f035ba8bc1f8700	You were\npromised{D}\none free\ntry.	1번 공짜로 해 주기로\n약속했었지
MSG:3:50	018736	MSG:0:50	1988070081ab111115113f0f0c00	{7:00}	이거 {7:00}개면 될까?¶
MSG:3:51	018744	MSG:0:51	0700efe80a021e0240a818ac111115843f0f0f0c00	{7:00}	{7:00}길\n필요한데 괜찮겠어?¶
MSG:3:52	018759	MSG:0:52	01a802c92c8e1001fd01ae9e024a119da80a1088c53bfc88019a1601289e0a841784bc82161f8815843f00	Lately it\nhas not\nworked.{D}\nPerhaps the\nCard has\nworn off?	요즘 또 상태가 안 좋아\n그 카드의 효과가\n다 떨어졌나?
MSG:3:53	018784	MSG:0:53	1ab72cac9dac9d0241821799950a92bc8314015f9c02e691820d0a0404cad5c004009c19198c01979dab0a11bc1bbf850369961c9da800	You keep\ncoming{D}\nback! After\nsaving more{D}\nmoney,I\nwill ask{D}\n<04>Sania<00> to\nlive here.	자,계속 찾아와 줘\n돈을 더 모아서{D}\n<04>사니아<00>를 여기로 불러\n함께 살 거야
MSG:3:54	0187BB	MSG:0:54	93bc832c0404cad5c004009e02418217991f950a19991596922c1988140287ab0a026e027c1b8217999500	<04>Sania<00> is\nfinally here!\nKeep fusing{D}\nhere from\nnow on!	드디어 <04>사니아<00>가 와 줬어\n앞으로도 이 가게에서\n합성해 줘
MSG:3:55	0187E6	MSG:0:55	89a4918e1b820a0404cad5c004008311118e1c00	Hello!{D}\nI am\n<04>Sania<00>.	처음 뵙겠습니다\n<04>사니아<00>라고 해요
MSG:3:56	0187FA	MSG:0:56	1181920404e6ccc704009e0a141d9b8584bc828e1c00	<04>Rask<00> is\nalways{D}\nhelping\nme.	늘 <04>라스크<00>가\n신세 지고 있어요
MSG:3:57	018810	MSG:0:57	9b1f1b929e9dad978e1c15960a10841f922c9e9dadbc8217a81a118700	I am doing\nmy best,so{D}\nyou do the\nsame!	저도 열심히 할 테니\n당신도 힘내세요
MSG:3:58	01882D	MSG:0:58	ac121c983f0a328188026e027c15113f0a1e9983922c338115113f0c00	So,want\nto fuse 2?\nOr 3?¶	어떻게 할래?\n2개 합성?\n아니면 3개?¶
MSG:3:59	01884A	MSG:0:59	3281880a3381880a939182141700	2\n3\nQuit	2개\n3개\n그만둔다
MSG:3:60	018858	MSG:0:60	14933f0a1e88c53bfc89849da83f0a80bfbc83015c1d8217999500	Oh? What\nis that\ncard?{D}\nCould I\nsee?	어라?\n그 카드는 뭐야?\n잠깐 보여 줘
MSG:3:61	018873	MSG:0:61	192c1999892100	What?	이,이건!
MSG:3:62	01887A	MSG:0:62	10210ff2e1ed0a8e1f93bc1f9500	Sorry!\nI did{D}\nit\nagain!	앗!미안\n또 저질렀어
MSG:3:63	018888	MSG:0:63	19999c10a19815960a03401b8217999500	Please\nforgive{D}\nme.\nHere.	이걸 줄 테니까\n용서해 줘
MSG:3:64	018899	MSG:0:64	81110154bc1f9da818ac0a1faf9d015313988301af1200	This was\nmade.{D}\nYou can\nuse it.	그냥 만들어 본 건데\n아마 쓸 만할 거야
MSG:3:65	0188B0	MSG:0:65	1faf9dc0c1d2e09c31810a01fa035788ac19158c010d9dab1799980d0a02a60202ab892c018f8802528c0a036dbc8217989500	This item\ncan return{D}\nan item to\nyour home.	아마 아이템을 1개\n지상 어딘가로 옮겨 줄 거야{D}\n예정대로라면 너희 집으로\n돌아올 거야
MSG:3:66	0188E3	MSG:0:66	ac121b1f3f0a8e1fd2e97f5f27c7cc9e119888153f00	What is\nit? Another{D}\nTeleport Box?	무슨 일이야?\n또 텔레포 박스가 필요해?
MSG:3:67	0188F9	MSG:0:67	89112c1999ab111100	Yes,\nhello.	자,이거면 됐어
MSG:3:68	018902	MSG:0:68	01b7892c025902549c0a7beb3bc0277d1b1f9da800	I powered\nthe{D}\nmachine.	실은,기계를\n파워업했어
MSG:3:69	018917	MSG:0:69	026e027c1c988316852ccfd79301b79c0a11bc1bbf8501a4a69819839eab16989da800	When fusing\nyou can also{D}\nadd a seed or\nnut.	합성할 때 씨앗이나 열매를\n같이 섞을 수 있게 됐어
MSG:3:70	01893A	MSG:0:70	0404c2c1f504009e0adaedd39c17991f9da800	<04>Wiz<00> gave\na hint.	<04>위즈<00>가\n힌트를 줬거든
MSG:3:71	01894D	MSG:0:71	026e027c1c9883168511bc1bbf8502109998830ad1e193c7e6882c0211011d9c026e01f3ab16980acfd79e1098961b1100	When fusing\nthere is a\nseed to{D}\ncombine abilitiesof Talons and\nSaddles.	합성할 때 같이 넣으면\n발톱이나 안장의 능력을\n합칠 수 있는 씨앗이\n있다나 봐
MSG:3:72	01897E	MSG:0:72	92bc83920211011d8932811b150a026e027cab16841118ac8400	At most\nup to 2{D}\nabilities\ncan fuse.	다만 능력은 2개까지만\n합성할 수 있지만
MSG:3:73	018998	MSG:0:73	015c81181f888496849dab920a1f911b828f989da88400	If you\nfind it,{D}\ntry it\nwith many{D}\nthings.	찾으면 뭐든지\n시험해 보라고
MSG:3:74	0189AF	MSG:0:74	01b78992121ca00252035c9e0a0280131e12848800	Seems my\nfamily{D}\nwill\ngrow soon.	실은 곧 가족이\n늘 것 같아요
MSG:3:75	0189C4	MSG:0:75	1bad9617af97870a01ae0341bc821ca08501f616178498889500	The children\nwill soon be{D}\nall grown\nup.	오랜만이에요\n아이들은 금방 자라네요
MSG:3:76	0189DE	MSG:0:76	0404c5c6c00400210d0a19bc808c0241820aa210111a811b841a1100	<04>Kakia<00>!{D}\nCome\nintroduce{D}\nyourself!	<04>카키아<00>!{D}\n이리 와서\n인사드리렴
MSG:3:77	0189FA	MSG:0:77	192c199d85808900	H...{D}\nhello.	아,안녕하세요
MSG:3:78	018A02	MSG:0:78	b0ba3c00	...	메롱~
MSG:3:79	018A06	MSG:0:79	1996210a0404c5c6c004008e80841a112100	Hey!{D}\n<04>Kakia<00>,\nwait!	요 녀석!\n<04>카키아<00>,거기 서!
MSG:3:80	018A18	MSG:0:80	923c210aa8998503511f88151b9600	Hmph!\nHe takes\nafter...	정말~!\n누굴 닮았담
MSG:3:81	018A27	MSG:0:81	c4e9153d3d00	Me...	나인가…
MSG:3:82	018A2D	MSG:0:82	01ae033282bc821f118c9d950aab921f881b119b00	It is\nhard,but{D}\nfun to\nraise{D}\nkids.	아이 키우기는 힘들어요\n그래도 즐거워요
MSG:3:83	018A42	MSG:0:83	8f9d84027715bc1f18ac0af8edf45ded89030fbc1f8400	Everyone\nis safe.{D}\nThe\ndungeon{D}\nstayed.	모두 무사했지만\n던전은 남았네
MSG:3:84	018A59	MSG:0:84	f8edf45ded9e109815960a1402879e01ed189699989da800	My store\nstays open{D}\nusing the\ndungeon.	던전이 있으니까\n가게를 계속할 수 있어
MSG:3:85	018A71	MSG:0:85	8f9d84023901b1ab0a9515bc1f9b00	Glad\nevery{D}\none\nis OK.	모두 무사해서\n다행이에요
MSG:3:86	018A80	MSG:0:86	f8edf45ded9e841784968417820a9515bc1f88152c9b9815bc1f88150d0a9b1f1b85892c9b159684119b00	I am not\nsure if it{D}\nis good or\nbad that the{D}\ndungeon\nstayed.	던전이 사라지지 않은 게\n잘된 건지,잘못된 건지{D}\n저는 모르겠어요
MSG:3:87	018AAB	MSG:0:87	f8edf45dedbc8284853f00	What is{D}\na dungeon?{D}\nIs it...	던전이 뭐야?
MSG:3:88	018AB6	MSG:0:88	14921b9a11883f0c00	...cool?¶	재밌어?¶
MSG:3:89	018ABF	MSG:0:89	a4bd105fc7920a8911bc828f9500	I will\ntry to{D}\ngo in\ntoo!	그럼 나도\n들어가 볼래
MSG:3:90	018ACD	MSG:0:90	849da80a818e9d84118800	Oh!{D}\nIs it\nboring?	뭐야\n시시해
MSG:3:91	018AD8	MSG:0:91	3d3d3d3d00	...	……
MSG:3:92	018ADD	MSG:0:92	f8e1a8950a14015f92bc828416bd00	How{D}\nbad! I\nneed{D}\nmoney!	안 돼\n돈이 없으면
MSG:3:93	018AEC	MSG:0:93	5fc7892c027f02670176880a0404c2c1f50400bc821112881a00	I am <04>Wiz<00>!{D}\nI run the\nstorage.	나는 창고지기\n<04>위즈<00>라고 해
MSG:3:94	018B06	MSG:0:94	c6df9e0f0f0f0f0f0f0a04040b0400a8873f00	Are you\n<04>{B}<00>?	혹시 네가\n<04>{B}<00>?
MSG:3:95	018B19	MSG:0:95	1abc16e23bf0e7880a0404c0d3e604009e161f9500	A moogle,<04>Atla<00>,{D}\ncame by.	아까 모그리\n<04>아트라<00>가 왔었어
MSG:3:96	018B2E	MSG:0:96	1e881280851f171a9d0ac0c1d2e09c01b3bc820a179815960d0a027f02679c018e188311820a1799bc820266bc821f9500	He said\nsince he\nwill be{D}\nbringing\nitems\nsoon,he{D}\nwanted\nto rent a\nstoreroom.	조만간 아이템을\n잔뜩 가지고\n올 테니까{D}\n창고를 비워 달라고\n하더라고
MSG:3:97	018B5F	MSG:0:97	921b151b820af8edf45dedab920a015c81181f8815843f00	Maybe\nit is\nitems{D}\nfound in\ndungeons?	혹시\n던전이라도\n찾은 걸까?
MSG:3:98	018B77	MSG:0:98	14015f9e1f8ebc1f960a8e1f1411ab9500	You need\nmoney!	돈이 모이면\n또 와
MSG:3:99	018B88	MSG:0:99	1e121e122c5fc7890a027f0267017684881a0d0aac12a8112c027f02679c0a1597828f841115113f00	Right. I\nmanage{D}\nthe store-house.{D}\nNeed some\nstorage?	그래그래,나는\n창고지기야{D}\n어때,창고를\n빌려 보지 않을래?
MSG:3:100	018BB1	MSG:0:100	318188027f0267852c3130c90ac0c1d2e09e021098881a00	One\nstoreroom{D}\nholds 10\nitems.	창고 1개에 아이템이\n10개 들어가
MSG:3:101	018BC9	MSG:0:101	ac12a8112c027f026731810a0700efe81a0a15979815113f0c00	Rent\nstorage?\n{7:00} Gil¶	어때,창고 1개\n{7:00}길이야\n빌릴래?¶
MSG:3:102	018BE3	MSG:0:102	021e02408584bc1f960a168217991f9611111a00	I will\nbe here{D}\nif you\nneed me.	필요해지면\n오면 돼
MSG:3:103	018BF7	MSG:0:103	8e11ac10973c00	Thanks!	매번 고마워~
MSG:3:104	018BFE	MSG:0:104	02f918980a02729701c41c0a93919800	Give\nTake\nEnd	맡긴다\n꺼낸다\n그만둔다
MSG:3:105	018C0E	MSG:0:105	0fc2c1f588027f02670f0c00	Storage¶	 위즈의 창고 ¶
MSG:3:106	018C1A	MSG:0:106	9212dbc7ea9e11bcb211a89500	Your bag is\nalready full.	이제 주머니가 가득 찼어
MSG:3:107	018C27	MSG:0:107	108e9790971b8411ab0a94bc17979399ad11111a00	Working\ntoo hard{D}\nis bad.\nRelax\nsome!	너무 무리하지 말고\n천천히 하면 돼
MSG:3:108	018C3C	MSG:0:108	fce8018f9e198801ef8802b51b1101c00149850a84bc1f881a00	<04>Chip<00> is new\nto living in{D}\nthe village.	도르가 이 마을의\n새 주민이 됐어
MSG:3:109	018C56	MSG:0:109	159b111101c001499e8b13820a12991b11159f971a00	Glad to\nsee more{D}\ncute new\nresidents!	귀여운 주민이 늘어서\n기쁘기 그지없어
MSG:3:110	018C6C	MSG:0:110	1e99851b82920404c5dfe67b7b0400890aa811a4bf12af848815b700	I really\nhope that{D}\n<04>Camillas Dad<00>\nis OK.	그나저나 <04>카미라 아빠<00>는\n괜찮은 걸까
MSG:3:111	018C88	MSG:0:111	0404c5dfe67b7b04009e0a027715bc1f8301afbc1f88850d0a199dac892c0404c0d3e604001500	Just after\n<04>Camillas{D}\nDad<00> was\nsaved,now{D}\n<04>Atla<00>...	<04>카미라 아빠<00>가\n살았다 싶었더니{D}\n이번엔 <04>아트라<00>인가
MSG:3:112	018CAF	MSG:0:112	102c1e9989029101d013a8870a029101d013932c140336881983890a0404c5dfe604009e179b1b11881a00	Ah,your\nPlant.\n<04>Camilla<00>{D}\nknows\nabout\nplant pots{D}\nand flowers.	아,그건 화분이구나\n화분이나 꽃에 대해선\n<04>카미라<00>가 잘 알아
MSG:3:113	018CDA	MSG:0:113	0404dfe804001a9d892c0404fce80400018f830a11bc1bbf8517961c9da8bc821a00	<04>Mill<00> is\nliving with{D}\n<04>Chip<00>!	<04>미르<00> 씨는 <04>도르<00> 군과\n함께 산대
MSG:3:114	018CFC	MSG:0:114	0404fce80400018f922c12991b1e12a89500	<04>Chip<00> seems{D}\nhappy!	<04>도르<00> 군도 기뻐 보여
MSG:3:115	018D0E	MSG:0:115	0404fce80400018f832c0404dfe804001a9d850a01ae03419e01de8e991f881a0d0a1e9992360297921a00	<04>Mill<00> and\n<04>Chip<00> had{D}\nbabies!{D}\n6 of\nthem!	<04>도르<00> 군과 <04>미르<00> 씨에게\n아이가 태어났어{D}\n그것도 6마리나
MSG:3:116	018D39	MSG:0:116	1e99851b82920404c0d3e60400890aa811a4bf12af848815b700	I hope\n<04>Atla<00>{D}\nis all\nright.	그나저나 <04>아트라<00>는\n괜찮은 걸까
MSG:3:117	018D53	MSG:0:117	123c9d0a8e1ff8edf45ded9eab1f9500	Now,\nanother{D}\ndungeon is\nmade.	으음~\n또 던전이 나타났어
MSG:3:118	018D63	MSG:0:118	ac129396027297034a8e991f88890a029088c5c5cb961b11881a00	This time\na farm{D}\nscarecrow\nwas taken.	아무래도 사로잡힌 건\n밭의 허수아비인가 봐
MSG:3:119	018D7E	MSG:0:119	318188027b15969b16ab1f0a02fa036aa4bd8411159200	Not just\nthe{D}\ndesire of\none heart.	마음 하나에서 솟아난\n욕망이 아닐지도 몰라
MSG:3:120	018D95	MSG:0:120	1f171a9d8801c91a8402fa036a9e0a02758ebc82989512840ac1e13bf484881a00	Rather\nit seems\nmany{D}\nsmall\ndesires\ntogether.	수많은 작은 욕망이\n모여 있는 듯한\n느낌이야
MSG:3:121	018DB6	MSG:0:121	849d8384179b15bc1f881a0d0a1088f8edf45ded890ac5c5cb9c02e91b8202889bbc1f0d0a01ef888f9d8488027b84881a00	Somehow I\nsee. The{D}\nscarecrow\nis a vessel{D}\nfor the\ndungeon to{D}\ntransmit\nour desires.	어쩐지 알 것 같아{D}\n저 던전은\n허수아비를 통해 전해진{D}\n마을 모두의 마음이야
MSG:3:122	018DE8	MSG:0:122	1e122cf8edf45ded9e0a10bc1f8d129e01ef9e0a01f6161784981b0d0a02e40165920280139815968700	While\na dungeon\nexists,{D}\nthe\ntown grows{D}\nand more\nfriends\narrive.	그래,던전이\n있는 편이 마을이\n커지고{D}\n동료도 늘어나니까
MSG:3:123	018E12	MSG:0:123	123c9d0a849da8152c02d3014802d8850aa88e1a998211989512843d3d00	It seems\nthe Tyrian\nCrystal is{D}\ndeceiving\nthem.	으음~\n어쩐지 자수정에\n속고 있는 것 같은데…
MSG:3:124	018E30	MSG:0:124	1196bc1bbd1100	Hello.	어서 오세요
MSG:3:125	018E37	MSG:0:125	10962c111102a1aa93880ad05dc95fa8198300	Oh,a\nchocobo!{D}\nWhat fine\nfeathers!	어머,깃털이 참 고운\n초코보네요
MSG:3:126	018E4A	MSG:0:126	dede210a7b7b2cac1985920a1184119b9500	Mom!\nDad is\nmissing!	엄마!\n아빠가 어디에도\n없어
MSG:3:127	018E5C	MSG:0:127	10963c0aac198c11bc1f880a151b963f00	Oh,wherecould\nhe be?	어머~\n어디 가셨을까?
MSG:3:128	018E6D	MSG:0:128	029085920a118415bc1f8800	He was\nnot in{D}\nthe\nfield!	밭에도\n없었어
MSG:3:129	018E79	MSG:0:129	10962c1e121113ad0a10841f7b7b9c015c8e0a1d9dab1b1f3f00	How aboutyou?{D}\nHave you\nseen him?	어머,그러고 보니\n혹시 아이 아빠를\n못 보셨나요?
MSG:3:130	018E93	MSG:0:130	dffce7880217ebe60a023301ae9c15afbc1f0ad05dc95f8488ab1c9e00	He is a\nchocobo\nwearing{D}\na green\nstraw\nhat.	초록색 밀짚\n모자를 쓴\n초코보인데요
MSG:3:131	018EB0	MSG:0:131	13210aac19ab015c1f883f00	Oh!\nWhere?	어!\n어디서 봤어?
MSG:3:132	018EBC	MSG:0:132	10963f0a01c20176ab1c153f0c00	Oh,the\ninn?¶	어머?\n여관이요?¶
MSG:3:133	018ECA	MSG:0:133	13210a01c2017684883f00	Oh!Theinn?	어!\n여관이라고?
MSG:3:134	018ED5	MSG:0:134	dede2c8485150a8c9da89b00	Some-\nthing{D}\nis\nfishy,{D}\nMom.	엄마,뭔가\n이상해
MSG:3:135	018EE1	MSG:0:135	8ea801539b99821184110a01c201768488853d3d00	The inn isnot in{D}\nbusiness\nyet.	아직 영업도 안 하는\n여관인데…
MSG:3:136	018EF6	MSG:0:136	1e1287ba2c0404c5dfe604000a80bfbc8302a891983f00	Can I\nask a{D}\nfavor,\n<04>Camilla<00>?	그래,<04>카미라<00>\n부탁 좀 해도 될까?
MSG:3:137	018F0D	MSG:0:137	0404db2627c704001a9d850a1402ac1b821411820a1799983f00	Can you\ntalk to\n<04>Fawkes<00>?	<04>포크<00> 씨께\n이야기 좀\n전해 줄래?
MSG:3:138	018F27	MSG:0:138	9b15bc1f9b210a019ebc8217989b8700	Got it!\n{D}I will\nbe back!	알았어!\n다녀올게
MSG:3:139	018F37	MSG:0:139	10960aa2919d841a11870d0a1dbc15170241820a111fa8111f888500	Oh,\nsorry.{D}\nAfter\nyou{D}\ncame all\nthis way.	어머\n미안해요{D}\n모처럼 와\n주셨는데
MSG:3:140	018F53	MSG:0:140	7b7bbc1f960aac121b1f88151b9600	My,where\nis my{D}\nhusband?	아이 아빠도 참\n어떻게 된 걸까
MSG:3:141	018F62	MSG:0:141	10960aa2919d841a11870d0a14028788012302ad0a1b8284118800	Oh,sorry.Nothing{D}\nis for\nsale.	어머\n미안해요{D}\n가게 준비를\n못 했어요
MSG:3:142	018F7D	MSG:0:142	7b7b9e118411830a02159892889e84118800	Papa is\ngone and{D}\nwe have\nnothing{D}\nto sell\neither.	남편이 없으면\n팔 물건이 없어요
MSG:3:143	018F8F	MSG:0:143	10962c10841f0a84859c92bc8298883f00	Oh,what\nis this?	어머,당신\n뭘 가지고 있어요?
MSG:3:144	018FA0	MSG:0:144	10962c199911119b9500	How nice.	어머,이거 좋네요
MSG:3:145	018FAA	MSG:0:145	ac19159601b3bc82161f88150a014096841118ac0a9b1f1b850215bc8217998e1d9d3f00	Not sure\nwhere\nyou bought{D}\nit from,but\nwill you{D}\nsell it?	어디서 가져왔는지\n모르겠지만\n저한테 팔지 않을래요?
MSG:3:146	018FCE	MSG:0:146	7b7b9e11841115960a02159702299e8417820a198ebc821f8800	We have\nno wares\nwith my{D}\nhusband\ngone.	남편이 없어서\n팔 물건이 없어\n곤란했거든요
MSG:3:147	018FE8	MSG:0:147	92bc832c119a119a8492889c0a01b3bc82168201781a118700	Please\nbring even{D}\nmore items\nfor us.	앞으로도 여러 가지\n가져와 주세요
MSG:3:148	019001	MSG:0:148	7b7b89ac198c0a11bc1f88151b963f00	Oh,where\ncould he{D}\nhave\ngone?	아이 아빠는 어디\n간 걸까?
MSG:3:149	019011	MSG:0:149	8ebc1f177b7bbc1f960aac198c11bc1f88151b960d0a92122c14028785a81c92889e0a841784bc1f888500	Geez,Dad.{D}\nWhere in\nthe world{D}\ndid you\ngo to?{D}\nWe have no\ninventory...	정말 이이도 참\n어디 간 걸까{D}\n이제 가게에 낼 물건도\n다 떨어졌는데
MSG:3:150	01903C	MSG:0:150	10841f9e2c119a119a8492889c0a92bc82168217999815960a14028792128e1711bc8211989b00	Because you\nhave brought\nmany things{D}\nback,the\nshop is\ndoing well.	당신이 이것저것\n가져다준 덕분에\n가게도 잘되고 있어요
MSG:3:151	019063	MSG:0:151	0404db2627c704001a9d15960a0324168e1b1f00	<04>Fawkes<00>\ntold me.	<04>포크<00> 씨한테\n들었어요
MSG:3:152	019077	MSG:0:152	10841f9e01b3bc8217980ac0c1d2e0890d0af8edf45ded159601b3bc820a025abc82161f9288ab0d0a1e88f8edf45ded9c0154bc1f889e0a7b7ba8bc8200	The items you\nbrought were{D}\nfrom the\ndungeon my{D}\nhusband built.	당신이 가져오는\n아이템은{D}\n던전에서 가지고\n돌아온 거고{D}\n그 던전을 만든 게\n남편이라고요
MSG:3:153	0190B5	MSG:0:153	14033a11ab1c0a9b1f1b1f80887b7b9c0d0a7b7b9c0277188201781a1100	Please,my\nhusband!{D}\n...Please\nsave him!	부탁이에요\n우리 남편을{D}\n남편을 구해 주세요
MSG:3:154	0190D3	MSG:0:154	3d3d3d3d0a7b7b9c0277188210a1822100	...Save my\nPapa!	……\n아빠를 구해 줘!
MSG:3:155	0190E4	MSG:0:155	109d84851483841b17820a14a89315847b7b9e3d3d00	My calm,\nmature{D}\npapa...	그렇게 얌전하고\n온화한 아빠가…
MSG:3:156	0190FA	MSG:0:156	034f892c1403368819831b159b1596841118ac0a848515036e851f829819839e1099ad3d3d00	I really only\nknow about{D}\nflowers. If you\nthink I can{D}\nhelp...	난 꽃밖에 모르지만\n뭔가 도울 일이 있다면…
MSG:3:157	019120	MSG:0:157	14033a119500	...	부탁해
MSG:3:158	019126	MSG:0:158	10979e8312870a10841f881415a19500	It is all\nthanks to{D}\nyou!	고마워요\n당신 덕분이에요
MSG:3:159	019136	MSG:0:159	93bc837b7b92017d01321b82161f9b00	My husband{D}\nis healing.	드디어 남편도 회복됐어요
MSG:3:160	019146	MSG:0:160	10960a7b7b849602908c01c415181f9b9500	He left\nfor the{D}\nfields.	어머\n남편이라면 밭에 나갔어요
MSG:3:161	019158	MSG:0:161	0404c0d3e6040080bd9d0aac1284bc80bd1288151b963d3d00	But what\nhappened to{D}\n<04>Atla<00>?	<04>아트라<00>는\n어떻게 되는 걸까…
MSG:3:162	019171	MSG:0:162	7b7b9c3d3d3d0a10979e831200	Thank\nyou...\nfor my\ndad...	아빠를…\n고마워
MSG:3:163	01917E	MSG:0:163	9b1f1b85928485150a1401ba0288111a1d8200	Please,\nlet me{D}\nhelp\nsomehow.	나도 뭔가\n돕게 해 줘
MSG:3:164	019191	MSG:0:164	159bbc1f02918700	Odd{D}\nPlant!	특이한 화분이네
MSG:3:165	019199	MSG:0:165	f8edf45ded8801fbab0a015c81181f88ab1bbf3f00	Did you\nfind it{D}\nin the\ndungeon?	던전 안에서\n찾은 거지?
MSG:3:166	0191AE	MSG:0:166	cfd7152c01b79c92bc8284113f0a1e9985023e13980127922c92bc8284113f00	Do you have\nSeeds,Nuts{D}\nor Tonics to\nuse on it?	씨앗이나 열매 없어?\n거기 줄 약도 없어?
MSG:3:167	0191CE	MSG:0:167	cfd7832c0127ab0a033282828f8e1bbf129500	Try\nusing a{D}\nSeed and\nTonic.	씨앗이랑 약으로\n키워 보자
MSG:3:168	0191E1	MSG:0:168	0291892c036302081f97880a111183199a8c02e311828300	Place the\nPlant in{D}\nthe\nsunlight.	화분은 햇볕이\n잘 드는 곳에 두고…
MSG:3:169	0191F9	MSG:0:169	84859c01d01398150190911f960a029101d0138c02109982870d0a019988919dac12899b1f1b9e0a015c82141715968700	Once you\nhave{D}\nchosen what\nto grow{D}\ninsert\nyour Plant.{D}\nLeave the\nrest to me.	뭘 심을지 정하면\n화분에 넣어 줘{D}\n그다음 돌보는 건 내가\n맡을게
MSG:3:170	01922A	MSG:0:170	8ea82c033789ab8284119b00	Not yet!	아직 싹이 안 났어
MSG:3:171	019236	MSG:0:171	03379e01c41f9b8700	It grew!	싹이 났네
MSG:3:172	01923F	MSG:0:172	1699118403368700	Pretty!	예쁜 꽃이네
MSG:3:173	019247	MSG:0:173	1999bc822cac9d8401b78488151b960a92122c01b3bc82019e17883f0c00	Take this\nnut?¶	이건 어떤 열매일까\n벌써 가져갈 거야?¶
MSG:3:174	019265	MSG:0:174	03541b82989b950a01b3bc82019e17883f0c00	Ripe!\nTake?¶	잘 익었어\n가져갈 거야?¶
MSG:3:175	019278	MSG:0:175	92122c027297850241841115960a171abc80bdbc1f9b9500	Darn. It\nrotted.	가지러 안 와서\n썩어 버렸어
MSG:3:176	019290	MSG:0:176	a2919d870a921202e31701cd01c59e84118800	Sorry\nthere is{D}\nno room.	미안\n더 둘 곳이 없어
MSG:3:177	0192A3	MSG:0:177	0f0f0f029101d0130f0f0f0c00	Plant¶	   화분    ¶
MSG:3:178	0192B0	MSG:0:178	ac999c01d01398883f0c00	Seed?¶	뭘 심을래?¶
MSG:3:179	0192BB	MSG:0:179	ac8801279c023e1398883f0c00	Tonic?¶	어떤 약을 줄래?¶
MSG:3:180	0192C8	MSG:0:180	1999ab0332829888873f0c00	Grow here?¶	이걸로 키우는 거지?¶
MSG:3:181	0192D4	MSG:0:181	9b15bc1f9b0a01f601b185033282989b8700	I see.\nI will{D}\ncare\nfor it.	알았어\n소중히 키울게
MSG:3:182	0192E6	MSG:0:182	dbc7ea9e11bcb211870a02f91882161f963f00	The bag\nis full.{D}\nStore\nitems?	주머니가 가득 찼네\n맡기고 오는 게 어때?
MSG:3:183	0192F9	MSG:0:183	10979e831200	...	고마워
MSG:3:184	0192FF	MSG:0:184	8ea82c01b5022a888415ab0a84859e1419bc1f88153d3d00	Still... I\nwonder{D}\nwhat came\nover me...	아직도 내 안에서\n무슨 일이 있었는지…
MSG:3:185	019317	MSG:0:185	c6c8ed84012885109b1d821b8ebc820a1c8e8415bc1f00	Sorry for\ncausing so{D}\nmuch danger.	위험한 일을 겪게 해서\n미안하네
MSG:3:186	01932E	MSG:0:186	018f02828502bd9c025f131f01990a02d3024988014802d89c8d97a81b1f9da800	I found a\npurple{D}\ncrystal after\nguiding you.	자네들에게 길을 알려 준 뒤\n보라색 수정을 캐냈다네
MSG:3:187	01934F	MSG:0:187	01b5022a8801fb852c01b5022aab84110179159e0a01b5022a8801fbab01f6161784bc8211bc1f00	Inside...\nSomething{D}\nthat was not\nme grew{D}\nbigger.	내 안에서,내가 아닌 무언가가\n점점 커져 갔지
MSG:3:188	019377	MSG:0:188	1e19159602dd892cc6df9e024d021b0a0140bc821198a89a1200	After that\nyou know{D}\nwhat\nhappened.	그다음은 자네가 제일\n잘 알겠지
MSG:3:189	019391	MSG:0:189	01b5022a88027b888415852c10889512840a027b9e10bc1f8389843d3d3d00	Something\nlike that was{D}\ndeep in my\nheart...	내 마음속에 그런\n마음이 있었다니…
MSG:3:190	0193B0	MSG:0:190	ac9d84027b85922c02b98303719e10980a1b151b2c03719e02b985849819839e0a10bc82898496841100	The heart\nhas light\nand dark.{D}\nThe most\nimportant\nthing is to{D}\nlighten\ndarkness.	어떤 마음에도 겉과 속이 있지\n하지만 속이 겉이 되는 일은\n있어서는 안 되네
MSG:3:191	0193DA	MSG:0:191	1b151b2c1088014802d889027b880a02b98303719c02109915139800	The\ncrystal made{D}\nlight\nbecome{D}\ndarkness.	하지만 그 수정은 마음의\n겉과 속을 뒤바꾼다네
MSG:3:192	0193F6	MSG:0:192	9517027715bc1f9288a80a1e1b822c1c8e841100	You did\nwell to{D}\nhelp. I\nam\nsorry.	용케 살아났군\n그리고,미안하네
MSG:3:193	01940A	MSG:0:193	018f8802a202829e2c027297034a8e99821b8ebc1f00	Now your\nfriend was{D}\npossessed.	자네 친구가 사로잡히고 말았네
MSG:3:194	019420	MSG:0:194	01f39e020a1795128584bc1f960a108802909c92bc8301fdb0828f98950d0a0179159b159815921b99841115968400	When I can\nmove,I will\nsearch the{D}\nfield more!\nMaybe I will\nfind something.	몸이 움직이게 되면\n그 밭을 더 조사해 보겠네{D}\n뭔가 알아낼지도 모르니
MSG:3:195	01944F	MSG:0:195	0404c0d3e6040080bd9d920a04047b7b040092023901b1a8bc1f9b8700	So <04>Atla<00>\nand my{D}\nhusband\nare OK...	<04>아트라<00>도\n<04>남편<00>도 무사했네요
MSG:3:196	01946C	MSG:0:196	ab922cf8edf45ded898ea80a10989b8700	But the\ndungeon{D}\nstill\nexists.	그래도 던전은 아직\n있네요
MSG:3:197	01947D	MSG:0:197	01a802c9892cf8edf45ded9e1098889e0a101f978e138501af1382161f9b00	Lately\ndungeons{D}\nexisting\nseems to be{D}\nthe norm.	요즘은 던전이 있는 게\n당연하게 느껴져요
MSG:3:198	01949C	MSG:0:198	1088f8edf45dedbc82ac121b820a101e1985109888151b96873f00	I wonder\nwhy that{D}\ndungeon is\nover there?	저 던전은 왜\n저기 있는 걸까요?
MSG:3:199	0194B7	MSG:0:199	0404c0d3e6040080bd9d920a023901b1ab9515bc1f9b8700	I am\nglad <04>Atla<00>{D}\nis OK\ntoo.	<04>아트라<00>도\n무사해서 다행이에요
MSG:3:200	0194CF	MSG:0:200	0249016d84033693cfd79e0a03328296998214921b9a119b00	Growing\nflowers and{D}\nseeds is\nso neat.	여러 꽃이랑 씨앗을\n키울 수 있어서 재밌어
MSG:3:201	0194E8	MSG:0:201	a8999211841784bc82841188850af8edf45ded9e109888bc820a022101af025c958700	Nobody is gonebut the\ndungeon is{D}\nstill there.\nMysterious.	아무도 사라지지 않았는데\n던전이 있다니\n신기해
MSG:3:202	01950B	MSG:0:202	95120a8415841511110252a89500	Man,nice\nhouse.	여어\n꽤 좋은 집이야
MSG:3:203	019519	MSG:0:203	a899922c01c201768801fb850af8edf45ded9e1098889c0a01409684119512a89500	We should\nensure\nnobody{D}\nelse finds\nthe inn\ndungeon!	아무도 여관 안에\n던전이 있다는 걸\n모르는 것 같아
MSG:3:204	01953B	MSG:0:204	849da8159b1596841118ac0a1111159da4a89500	No clue why.{D}I have a\ngood{D}\nfeeling.	뭔지 모르겠지만\n느낌이 좋아
MSG:3:205	01954F	MSG:0:205	a83c0a0283920140968411bc82198389840d0a14023089c4e91f8088e2d8bc820a1983a89500	The reason\nnobody has{D}\nheard of\nthe treasure{D}\nis because\nit is{D}\nwaiting for\nme to{D}\nclaim it!	에휴~\n아무도 모른다는 건{D}\n보물은 우리 차지라는\n거라고
MSG:3:206	019575	MSG:0:206	8d9d83853c0a9b15bc829d88153f00	Yeeep.{D}\nGet the\npicture?	정말~\n알아듣고 있는 거야?
MSG:3:207	019584	MSG:0:207	8ebc2c11111500	Bah.	뭐,됐어
MSG:3:208	01958B	MSG:0:208	19bc808504040b0400880a022501769c012302ad1b8214111f9500	Whatever.\nI had a{D}\nhome set\nup for you,{D}\n<04>{B}<00>!	여기에 <04>{B}<00>의\n방을 마련해 뒀어
MSG:3:209	0195A6	MSG:0:209	f8edf45ded1596025abc82161f960a1919ab2c025d908311119500	You can use\nit to rest{D}\nafter a\ndungeon.	던전에서 돌아오면\n여기서 쉬면 돼
MSG:3:210	0195C1	MSG:0:210	83971013a50a025d9dab14111f96ac12a800	Speaking\nof,need{D}\na break?	일단\n쉬어 두는 게 어때
MSG:3:211	0195D3	MSG:0:211	a4bd1001c201768801e2ab0a8ebc829815968400	I will\nwait{D}\noutside.	그럼 여관 앞에서\n기다릴게
MSG:3:212	0195E7	MSG:0:212	1e121e122c02e3118214161f110ac0c1d2e0898411153f00	Right.{D}\nNeed me to\nhold items?	맞다,맡겨 두고 싶은\n아이템은 없어?
MSG:3:213	0195FF	MSG:0:213	1988cfedcc8801fb850ac4e99e02f915bc8214179500	I can keep\nitems in{D}\nthis\ndresser.	이 옷장 안에\n내가 맡아 둘게
MSG:3:214	019615	MSG:0:214	ab922ccfedcc85890a3130c91b1502109684119500	But only\n10 items{D}\ncan fit\nin here.	하지만 옷장에는\n10개밖에 안 들어가
MSG:3:215	01962A	MSG:0:215	1f171a9d02e3118214178884960a027f026701768c02ac9c1b8214111f15960a1ebc808c02f918988311119500	If you have\nlots of\nitems,head{D}\nover to the\nstorehouse\nto store them.	많이 맡기려면\n창고지기한테 말해 뒀으니까\n거기 맡기면 돼
MSG:3:216	019657	MSG:0:216	8485152c02f915bc82141912153f0a1e9983922c01b3bc82019e178815113f00	Wanna deposit\nsomething?{D}\nOr perhaps\nwithdraw?	뭔가 맡아 둘까?\n아니면 가져갈 거야?
MSG:3:217	019677	MSG:0:217	02f9188214170a01b3bc82019e170a939182141700	Store\nTake\nQuit	맡긴다\n가져간다\n그만둔다
MSG:3:218	01968C	MSG:0:218	0fc0d3e688cfedcc0f0c00	Dresser¶	 아트라의 옷장 ¶
MSG:3:219	019697	MSG:0:219	cfedcc8801fb8911bcb211ab1c00	The dresser{D}\nis full.	옷장 안이 가득 찼습니다
MSG:3:220	0196A5	MSG:0:220	dbc7ea8801fb8911bcb211ab1c00	The bag{D}\nis full.	주머니 안이 가득 찼습니다
MSG:3:221	0196B3	MSG:0:221	14210a1415139700	Hey!	오!\n어서 와
MSG:3:222	0196BB	MSG:0:222	ac12a8110a84851510bc1f153f00	So then,\nanything{D}\nhappen?	어때\n뭔가 있었어?
MSG:3:223	0196C9	MSG:0:223	8b9d8b9d00	Hm!	흠흠
MSG:3:224	0196CE	MSG:0:224	02db1101bb850a01471101461500	Is\nthat?	빨간 구슬에\n파란 돌이라
MSG:3:225	0196DC	MSG:0:225	841584150a951a1e12a88400	Magic-\nite?{D}\nSeems\nnice.	꽤\n좋아 보이는데
MSG:3:226	0196E8	MSG:0:226	93bc83e9c0c0c1d2e0830a0197b09892888501c402be130a1e12a8958400	You have\nfinally\ncome{D}\nacross a\nrare item\ntreasure!	드디어 레어 아이템이라고\n부를 만한 걸 만날\n것 같아
MSG:3:227	019706	MSG:0:227	8b3c903d3d3d0a01a802d78502bebc1f8316890a0404c5dfe67b7b0400ab0d0a81160243831a991f831685890a0404f45bd5cf3b0400849da800	We met\n<04>Camillas\nDad<00> first.{D}\nBut it\nwas <04>Janita<00>\nat the inn{D}\ninstead.	흐음…\n처음 만났을 때는\n<04>카미라 아빠<00>였고{D}\n떠밀렸을 때는\n<04>자니타<00>였단 말이지
MSG:3:228	019740	MSG:0:228	8ebc210f111115210ac0c1d2e0119a119a10981b00	What! How isthat? So{D}\nmany items!	뭐!됐어!\n아이템이 잔뜩 있으니까
MSG:3:229	019755	MSG:0:229	01f6026a16840404c0d3e60400890a0606063d060606063d060606063d060606063d060606063d0a11841100	He is\ngone...{D}\nMy dear\nfriend{D}\n<04>Atla<00>...	사랑하는 <04>아트라<00>는\n{6:06}{6:3D}{6:06}{6:06}·{6:06}{6:06}·{6:06}{6:06}·{6:06}{6:06}·\n이제 없다
MSG:3:230	019781	MSG:0:230	3d06063d06063d06063d06063d06060d0af2e1ed210f0f00	.{6:06}.{6:06}.{6:06}.{6:06}.{D}\n	·{6:06}·{6:06}·{6:06}·{6:06}·{6:06}{D}\n미안!
MSG:3:231	019799	MSG:0:231	108e9785014802d89e0a169911a8bc1f15960d0a849da89a128301afbc1f960a9b189b159d841784bc82168200	Sorry! The\ncrystal was{D}\nso pretty,\nI wondered{D}\nwhat it\nwas. No{D}\nclue why.	수정이 너무\n예뻐서{D}\n뭘까 하고 생각했더니\n머리가 이상해져 버렸어
MSG:3:232	0197C6	MSG:0:232	1a822c10938ebc1f1b0d0a01b789027297034a8e9982988316850a1ca211c1e13bf49c015c1f9da800	That was a\nmistake. I{D}\nsaw an\nincredible{D}\nimage as I\nwas{D}\npossessed.	자,사과는 했으니까{D}\n실은 사로잡혀 있을 때\n굉장한 걸 봤어
MSG:3:233	0197EF	MSG:0:233	1088014802d8880140014f8801fb850ac4e90282880140968411c0c1d2e00a9e11bcb21110bc1f9da800	The mind\nof the\ncrystal had{D}\nmany items\nI had not\nseen!	그 수정의 지식 속에\n우리가 모르는 아이템이\n잔뜩 있었어
MSG:3:234	019819	MSG:0:234	1088f8edf45ded8801fb850af627cfc18510989da800	Those are\ndefinitely{D}\nin that\ndungeon!	저 던전 안에\n틀림없이 있어
MSG:3:235	01982F	MSG:0:235	849da815014096841118ac0a01ef01fe9e1a9e1b821fa700	Not sure\nbut they{D}\nseek the\nmayor.	뭔지 모르겠지만\n촌장이 찾던데
MSG:3:236	019847	MSG:0:236	838497880404e6ccc70400a818ac0a5fea5fea88025902549c84141b82980a8f1f11a88400	Seems <04>Rask<00> to\nthe left is\nfixing up{D}\nan old\nmachine.	옆집 <04>라스크<00> 말인데\n낡아 빠진 기계를 고치는\n모양이야
MSG:3:237	01986C	MSG:0:237	c4c1e8ab928699ad0a111188858400	Oil wouldhelp.	기름이라도 바르면\n될 텐데
MSG:3:238	01987B	MSG:0:238	838497880404e6ccc70400a818ac0a8e1f022d88c53bfc9c01f81b8211980a8f1f11a800	<04>Rask<00> to the\nleft seeks\na different{D}\nCard.	옆집 <04>라스크<00> 말인데\n또 다른 카드를 찾는\n모양이야
MSG:3:239	01989F	MSG:0:239	849dab922cc0c1d2e09c0a01b5022a8802528c01e89819839e0aab1698961b1100	Seems\nlike no\nmatter{D}\nwhere,it\ncan send\nitems\nhome.	뭐든지 아이템을\n자기 집으로 보낼 수\n있대
MSG:3:240	0198C0	MSG:0:240	04040b04009e01b3bc820a025abc82161fc0c1d2e09c015c820a8f9d849e2c14ac9a1182989500	<04>{B}<00>,\neveryone is\nsurprised{D}\nto see the\nitems you\nbring back.	<04>{B}<00>,네가 가지고\n돌아온 아이템을 보고\n다들 놀라고 있어
MSG:3:241	0198E7	MSG:0:241	91a5961b1188832c5eede78488ab0a8f9d848801de018492022e9bbc82161e12a800	They are rare\nand useful,so{D}\nit changed\nthe way of life.	신기하고 편리하니까\n다들 생활도 바뀌겠어
MSG:3:242	019909	MSG:0:242	ac9dac9dc0c1d2e09c021599ad0ac4e9028288023a01e292021599821798a700	At this\nrate,we{D}\nneed to\nmarket our{D}\nnames,too.	아이템을 척척 팔면\n우리 이름도 알려질 거야
MSG:3:243	019929	MSG:0:243	ac9dac9dc0c1d2e09c021599ad0a01f6015f01b3801a00	If we keep\nselling,we{D}\nwill be rich!	아이템을 척척 팔면\n큰 부자야
MSG:3:244	019940	MSG:0:244	01a3020588f8edf45ded3d3d3d0a109989023901958501ed118211983d3d3d00	The next\ndungeon...{D}\nwill go on\nforever...	이번 던전은…\n끝없이 이어져 있어…
MSG:3:245	019960	MSG:0:245	03129b979e0239113d3d3d0a1e9d84d5c4c19e1c9800	It seems...\nendless.	끝이 없어…\n그런 냄새가 나
MSG:3:246	019976	MSG:0:246	1e99a4bd100a019ebc828f95121500	Well,whynot take{D}a look?	그럼\n가 볼까
MSG:3:247	019985	MSG:0:247	8c3c0a1997bd11119300	! This\nis all?	헤에~\n이거 좋은데
MSG:3:248	01998F	MSG:0:248	023602088501c201768801fb9e0af8edf45ded1e8892880a8584bc82989da800	The\ninside of\nthe inn{D}\nreally IS\na dungeon!	정말로 여관 안이\n던전 그 자체가\n돼 버렸어
MSG:3:249	0199AF	MSG:0:249	a4bd101f889da8950a04040b04002100	It is up\nto you,{D}\n<04>{B}<00>!	그럼 부탁해\n<04>{B}<00>!
MSG:3:250	0199BF	MSG:0:250	c4e9892c01ef8801fb9c017dbc820a0279029a9c02759183179500	I will\ngather{D}\ninfo around\nthe village.	난 마을을 돌면서\n정보를 모아 둘게
MSG:3:251	0199DA	MSG:0:251	ac121b1f3f0d0aa811a4bf12afa8bc82210a849d83158498bc822100	What? Are\nyou OK?{D}\nSomething\nhappen?	왜 그래?{D}\n괜찮다니까!\n어떻게든 될 거야!
MSG:3:252	0199F6	MSG:0:252	951b951b0a9e9dadbc8217999500	OK,then!{D}\nDo your\nbest!	좋아좋아\n힘내라고
MSG:3:253	019A04	MSG:0:253	14112ca811a4bf12af153f00	Hey!{D}\nYou OK?	이봐,괜찮아?
MSG:3:254	019A10	MSG:0:254	025b9c0271bc1f960a19198c02f0ad1a991fbc823f00	You fainted\nand ended{D}\nup here?	정신을 잃었더니\n여기로 날아왔다고?
MSG:3:255	019A26	MSG:0:255	ac1284bc829da83f00	What{D}\nhappened?	어떻게 된 거야?
MSG:3:256	019A2F	MSG:0:256	3d3d3d3d8ebc1111150aa811a4bf12af1e12a81b8400	...Well.{D}\nAt least\nyou are OK.	……뭐,됐어\n괜찮아 보이니까
MSG:3:257	019A45	MSG:0:257	1e99ab11119288890a10bc1f88153f00	So,did\nyou{D}\nfind any-thing?	그래서 좋은 건\n있었어?
MSG:3:258	019A55	MSG:0:258	84210f849da8bc82213f0a01b38002299e841784bc8298a8bc822100	What!\nReally!? Your{D}\nitems are\ngone!	뭐!뭐라고!?\n소지품이 없어졌다고!
MSG:3:259	019A71	MSG:0:259	849d8219bc1f0aac1297ab2ca811a4bf12af849da800	What the\nhey? At least{D}\nyou are OK!	이런 세상에\n그래서 멀쩡했구나
MSG:3:260	019A87	MSG:0:260	04040b04002c819f890a849d83151b8201b5011dab0f0d0a025abc8217989da89500	<04>{B}<00>.{D}\nNext time,\ntry to{D}\nget back\non your\nown.	<04>{B}<00>,다음엔\n어떻게든 혼자 힘으로{D}\n돌아오라고
MSG:3:261	019AA9	MSG:0:261	1e12a4bd8411833d3d00	Counting{D}\non you!	안 그러면…
MSG:3:262	019AB3	MSG:0:262	1f889da89500	Bye!	부탁해
MSG:3:263	019AB9	MSG:0:263	199d85808900	Hello.	안녕하세요
MSG:3:264	019ABF	MSG:0:264	01b789cfedcc88121b9a850aa811a484e4feeb9e024380820a1b8ebc1f88ab1c00	I dropped myimportant\nring.	실은 옷장 뒤에\n소중한 반지를 떨어뜨리고\n말았어요
MSG:3:265	019AE0	MSG:0:265	8485152c1111c0c1d2e0890a84119288ab1bbf12153f00	Would you\nhappen to{D}\nhave any\ngood items?	뭔가 좋은 아이템은\n없을까요?
MSG:3:266	019AF7	MSG:0:266	1988c0c1d2e0ab890a0272991e128510978e1d9d8700	Seems this\nitem can{D}\nnot be\ntaken.	이 아이템으로는\n못 꺼낼 것 같네요
MSG:3:267	019B0D	MSG:0:267	102c1999892100	This!	아,이건!
MSG:3:268	019B14	MSG:0:268	10979e8312a2a3118e1c0a93bc8302729819839eab168e1b1f00	Thank you\nmuch. Now{D}\nit could be\ntaken.	고맙습니다\n드디어 꺼낼 수 있었어요
MSG:3:269	019B2E	MSG:0:269	1a1a9315ab1c9e0a1403729c121883bc8217a81a1100	It is not\nmuch but{D}\nhave this\nas thanks.	약소하지만\n답례를 받아 주세요
MSG:3:270	019B44	MSG:0:270	11933c0f109915960a171d8584bc821b8ebc823d3d00	No,from\nthere. It{D}\nbecame a\nhabit...	아니~ 그 뒤로\n버릇이 돼 버려서…
MSG:3:271	019B5A	MSG:0:271	84158415111101efab1c0a1999159692bc8301f616170a84971e12ab1c8700	This nice\nvillage\nwill keep{D}\ngrowing.	꽤 좋은 마을이에요\n앞으로 더 커질\n것 같네요
MSG:3:272	019B79	MSG:0:272	83199aab2c1988c53bfc890a01a801a0ab1c00	By the\nway,Doom{D}\nCard is\ngreat!	그런데 이 카드는\n최고예요
MSG:3:273	019B8C	MSG:0:273	3202af15962c3102af8c159d1f9d850a14979819839eab169888ab1c159600	Using it\nyou can{D}\neasily go\nfrom 2F to{D}\n1F!	2층에서 1층으로 간단히\n내려갈 수 있으니까요
MSG:3:274	019BAB	MSG:0:274	ab922c01a802d7853202af85118411830a01fa023b859197199dab1b8e118e1c00	But if\nyou are not on{D}\n2F you\nend up in{D}\nthe ground!	하지만 처음에 2층에 없으면\n땅에 파묻혀 버려요
MSG:3:275	019BCC	MSG:0:275	198801ef8591a5961b11c0c1d2e09e0a0215969982119883032411820a8abc191b82168e1b1f8800	I heard\nthere were\nrare items{D}\nso I moved\nhere!	이 마을에서 신기한 아이템을\n판다고 들어서\n이사 왔어요
MSG:3:276	019BF4	MSG:0:276	108801ae852c16161e12840ac0c1d2e09e015c811599ad111188ab1c9e00	I want\nto find an{D}\nitem to help\nmy child.	우리 아이에게 들을 만한\n아이템을 찾으면 좋겠는데요
MSG:3:277	019C12	MSG:0:277	1988fce9c1ed880236ab0a198801ae858015969c0a9b188217a81a1100	Use the\nDrain\nbook to{D}\ngive\npower to\nmy{D}\nchild.	이 드레인 책으로\n이 아이에게 힘을\n나눠 주세요
MSG:3:278	019C2F	MSG:0:278	108301ca1bab0265025b850a849888ab1c00	They are\nnearly{D}\nbetter.	조금만 더 있으면\n기운을 차릴 거예요
MSG:3:279	019C41	MSG:0:279	10b73d3d3d00	Ah...	아아…
MSG:3:280	019C47	MSG:0:280	0265025b840249853d3d00	Better!	혈색이 돌아와요…
MSG:3:281	019C52	MSG:0:281	10979e8312a2a3118e1c00	Thank you.	고맙습니다
MSG:3:282	019C5D	MSG:0:282	ac121403729c1b82111188939600	How can I{D}\nrepay you?	뭐라고 감사드려야 할지
MSG:3:283	019C6B	MSG:0:283	108801aebc1f960a0144abd33bfc8584bc820a023d9dab11989dab1c00	My\nchild\nbecame a{D}\ntoad to\nplay in a\nfountain.	우리 애가 글쎄\n샘에서 두꺼비가 돼서\n놀고 있지 뭐예요
MSG:3:284	019C88	MSG:0:284	140338ab2c023dae1f1184b700	I want{D}\nto go play.	밖에서 놀고 싶다~
MSG:3:285	019C95	MSG:0:285	14034380bd9d890a022101af025c84c0c1d2e09e02438082980af8edf45ded8c023dae85111788ab1bbf3f00	Maybe my\nbrother went\nto check the{D}\ndungeon with\nthe mysterious\nitems?	오빠는\n신기한 아이템이 떨어져 있는\n던전에 놀러 가는 거지?
MSG:3:286	019CC1	MSG:0:286	101f1b92019e161f1184b700	I want{D}\nto go!	나도 가고 싶다~
MSG:3:287	019CCD	MSG:0:287	9bb7110a14034380bd9d10979e831200	Wah!{D}\nThanks,\nbrother!	와아\n오빠 고마워
MSG:3:288	019CDD	MSG:0:288	1415101a9d9e870a109d8e97d33bfc8584bc82023daf84bc8200	Mom said less\nplaying as a{D}\ntoad in\nfountains.	엄마가 말이야\n두꺼비가 돼서 너무 놀지 말래
MSG:3:289	019CF7	MSG:0:289	15849701f6168401ef850a84bc1f9b8700	This\nvillage{D}\nwill\nkeep{D}\ngrowing.	꽤 큰 마을이\n됐네요
MSG:3:290	019D08	MSG:0:290	8ea88ea80a159b989b8700	I willknow{D}\nsome\nday.	아직도\n변할 거예요
MSG:3:291	019D13	MSG:0:291	8ea82c159b9883199a9e0a10989b9500	I am\ncloser to{D}\nknowing!	아직 변할 곳이\n있어요
MSG:3:292	019D23	MSG:0:292	921201ca1b8485150a159b989b9500	Soon,\nI will{D}\nunder-\nstand!	조금 더 뭔가\n변할 거예요
MSG:3:293	019D32	MSG:0:293	1ca2119b0a1cad961b1101ef8700	The\nvillage{D}\nis\ngreat,no?	굉장해요\n멋진 마을이네요
MSG:3:294	019D40	MSG:0:294	0181152c018f1f808502bebc1f88890a1919a8bc1f8400	This is\nwhere we{D}\nmet,yes?	분명,자네들을 만난 게\n여기였지
MSG:3:295	019D57	MSG:0:295	0404c0d3e60400018f890a023901b1a89a12153d3d3d00	Will <04>Atla<00>\nbe OK...?	<04>아트라<00> 군은\n무사할까…
MSG:3:296	019D6E	MSG:0:296	9b1f1b892c198802909c0a92bc8301f616171b820d0a198801ef9c941f15850a1b1f1188a89500	I want to\nexpand thefield for\nour{D}\nvillage!	나는 이 밭을\n더 넓혀서{D}\n이 마을을 풍요롭게\n만들고 싶다네
MSG:3:297	019D95	MSG:0:297	c5c5cb9e841784bc821b8ebc1f00	A scarecrow\nis missing.	허수아비가 없어져 버렸어
MSG:3:298	019DA3	MSG:0:298	028392027297034a8e998211841188850af8edf45ded892c1e198510980d0aac121b828488153d3d3d00	Nobody is\npossessed\nbut a{D}\ndungeon is\nstill over\nthere...	아무도 사로잡히지 않았는데\n던전은 저기 있어{D}\n어째서일까…
MSG:3:299	019DCD	MSG:0:299	f8edf45ded890283158802fa036a9c9283850a1e1985026c9e980d0aab892c02838802fa036a8488153d3d00	Dungeons are\nbased on{D}\ndesires,but\nI wonder{D}\nwhose desires\nthese are?	던전은 누군가의 욕망을\n바탕으로 펼쳐지지{D}\n그럼 누구의 욕망일까…
MSG:3:300	019DF9	MSG:0:300	c15eedd39c015c8e1c153f0c00	See event?¶	SEE EVENT?¶
MSG:3:301	019E06	MSG:0:301	849d93879d840a8ea893bc8200	I am\ndoing{D}\nsome\nthing.	WAIT\nNOT DONE YET
MSG:3:302	019E13	MSG:0:302	ac999c11a4989d933f0c00	Which one?¶	WHICH ONE?¶
MSG:3:303	019E1E	MSG:0:303	1811a3118916be12dbe6f00f0acbd4e7c4dbe6f00f0f121303570ac3c0ea8802360f0f0f0f839101b00affe7edc788c53bfc0f153c01100a9b16014888c53bfc0f0fad1803350ae2d5cf3b1a9dc6edcb0f0f02320acaedf83b8802360f0f0f0f0f0f0a93919300	Shop flag\nScenario flag\nAero Book\nBlink Card\nSpring Card\nMonitor\nThunder Book\nExit	SHOP FLAG\nSCENARIO FLAG\nAERO BOOK\nBLINK CARD\nSPRING CARD\nMONITOR OFF\nTHUNDER BOOK\nEXIT
MSG:3:304	019E85	MSG:0:304	3030300a3130300a3135300a3230300a3235300a3330300a93919300	000\n100\n150\n200\n250\n300\nEnd	000\n100\n150\n200\n250\n300\nEXIT
MSG:3:305	019EA1	MSG:0:305	1a111bbf0afce810830aa811329b0aa811339b0a93919300	Start\nChip\nPart 2\nPart 3\nEnd	START\nCHIP AFTER\nPART 2\nPART 3\nEXIT
MSG:3:306	019EB9	MSG:0:306	30300a31300a32300a33300a34300a35300a93919300	00\n10\n20\n30\n40\n50\nEnd	00\n10\n20\n30\n40\n50\nEXIT
MSG:3:307	019ECF	MSG:0:307	30300a33300a35300a37300a93919300	00\n30\n50\n70\nEnd	00\n30\n50\n70\nEXIT
MSG:3:308	019EDF	MSG:0:308	e2d5cf3b1a9d8981159b8411ab0c00	Do not use¶	NO MONITOR¶
MSG:3:309	019EEE	MSG:0:309	0f30300a0f31300a0f32300a0f33300a0f34300a0f35300a0f36300a0f37300a0f38300a0f39300a3130300a93919300	00\n10\n20\n30\n40\n50\n60\n70\n80\n90\n100\nEnd	 00\n 10\n 20\n 30\n 40\n 50\n 60\n 70\n 80\n 90\n100\nEXIT
MSG:3:310	019F1E	MSG:0:310	9512191e210a191297bd17887fc1edd3892c023693d1e12cc7e69c0a035701ba85033282981983ab1c0ae0e79c1b8281bc198ea585d2e97fc53bfcab01ef8c0a025abc824c569c10a18e1bbf120a0f0f0f0f0f0f0f159d1bbe120f01fb01ef02cc024d0f959700	Welcome! It is\neffective to make\nsure you raise\nBooks,Talons,{100}\nSaddles. Increase\nyour level without{D}\noverdoing it by\nusing Teleport\nCards to return to\nthe village.\n-Director Nakamura\nKouichi	환영합니다!\n공략 포인트는 책,발톱,안장을\n잘 키우는 것입니다\n무리하게 파고들지 말고 텔레포 카드로\n마을에 돌아와 LV를 올립시다\n    감수 나카무라 코이치
MSG:4:0	02026E	MSG:0:0	0402cd3bff04001b8e1c153f0c00	<02>Save<00>?¶	<02>세이브<00>할까요?¶
MSG:4:1	02027C	MSG:0:1	0402cd3bff040001fbab1c0a0402e1e2e73bc53bfc04009c0a0292158411ab17a81a110c00	<02>Saving<00>...\nDo not touch the\n<02>Memory Card<00>¶	<02>세이브<00> 중입니다\n<02>메모리 카드<00>를\n빼지 마세요¶
MSG:4:2	0202A1	MSG:0:2	01c501b3015f0f0706efe80c00	GP{7:06}Gil¶	소지금 {7:06}길¶
MSG:4:3	0202AE	MSG:0:3	0f0402cd3bff0400850271028d1b8e1b1f00	<02>Save<00> failed.	 <02>세이브<00>에 실패했습니다
MSG:4:4	0202C0	MSG:0:4	0402e1e2e73bc53bfc04009e0a1a1abc82118e1d9d00	There is no\n<02>Memory\nCard<00>.	<02>메모리 카드<00>가\n꽂혀 있지 않습니다
MSG:4:5	0202D6	MSG:0:5	0f890f110a0f11111300	Yes\nNo	 예\n 아니오
MSG:4:6	0202E0	MSG:0:6	ac8802af8c019f978e1c153f0c00	Floor?¶	몇 층으로 내려갈까요?¶
MSG:4:7	0202EE	MSG:0:7	d3e6277da885bf3c9d070000	A trap!{7:00}	함정이지롱~{7:00}
MSG:4:8	0202FA	MSG:0:8	0f0f0f158eac0f0f0f0c00	Furnace¶	   용광로   ¶
MSG:4:9	020305	MSG:0:9	e7cac1c7e85f27c7cc0c00	Recycle¶	리사이클 박스¶
MSG:4:10	020310	MSG:0:10	118080800a199dac89849da83c00	Whooa<\n{D}What\nhappened?	아야야야\n이번엔 또 뭐야~
MSG:4:11	02031E	MSG:0:11	849da82c01c201768801e215950d0a9d3f0a01c201768801e2a8bc823f00	Wah!{D}\nIn front\nof the inn?{D}\nWhy?	뭐야,여관 앞이잖아{D}\n응?\n여관 앞이라고?
MSG:4:12	02033C	MSG:0:12	8eb72ca88e1a99808ebc1f929d890a1bbf129e84111500	Nothing we\ncan do about{D}\nbeing\ntricked.	뭐,속아 넘어간 건\n어쩔 수 없지
MSG:4:13	020353	MSG:0:13	ac12939610880217ebe6023301ae880ad05dc95f9e1988f8edf45ded880ad6cb961b118400	The straw\nhat chocobo\nseems to be{D}\nthe keeper\nof the\ndungeon.	아무래도 저 밀짚모자 쓴\n초코보가 이 던전의\n주인인 것 같아
MSG:4:14	020378	MSG:0:14	1e9d84191fb719881a110aac12ab92111100	We best\nmove on.	그런 건 이제 와서\n아무래도 좋아
MSG:4:15	02038A	MSG:0:15	9512892c1088f8edf45ded880a01fb8589e9c084c0c1d2e09e0aacbc80bd97109815921b999d0abc821983a89500	The main\nthing is,\nthere is\nprobably{D}\ntreasure\ninside that\ndungeon...	요컨대,저 던전\n안에는 레어 아이템이\n잔뜩 있을지도 모른다\n이거지
MSG:4:16	0203B8	MSG:0:16	1e99a4bd2cc4e98901c0911e12840a83199a9c01f81b82179815961a0d0a04040b040089f8edf45ded850a019f978211178885021e02408401e6010c0a9c01dc139a950d0a1e99a4bdb78700	Anyway,\nwhile I\nfind us a{D}\nplace to\nstay,you\nshould{D}\nprepare to\nexplore,\n<04>{B}<00>!	그럼,난 살 만한 곳을\n찾아볼 테니까{D}\n<04>{B}<00>,넌 던전에\n내려갈 준비를 해 둬{D}\n그럼 나중에 봐
MSG:4:17	020404	MSG:0:17	93b70a1196bc1bbd1100	Hello,\nthere!	여어\n어서 와
MSG:4:18	02040E	MSG:0:18	026e027c01768c9512191e0a84859c026e027c1b8e1bbf1200	Welcome\nto my{D}\nForge.\nWant to\nfuse?	합성소에 잘 왔어\n뭘 합성할까?
MSG:4:19	020427	MSG:0:19	018fa8873f0d0a1abc16881ca2170a0265025b84e23bf0e7880a02a20282bc82888900	You\nfriends\nwith{D}\nthe hypermoogle\nfrom{D}\nbefore?	너구나?{D}\n아까 그 엄청\n활기찬 모그리의\n친구라는 게
MSG:4:20	02044A	MSG:0:20	0265025b84e23bf0e784960a01ef01fe8802528c019ebc1f950d0a102c1e121e120d0a1e881280022e9bbc1f0a01c802159c1c9815960d0a1e888316850a0241821799958400	That\nenergetic{D}\nmoogle\nwent to{D}\nsee the\nmayor.{D}\nMy shop\nopens soon{D}so please\ncome by{D}\nthen!	활기찬 모그리라면\n촌장님 댁에 갔어{D}\n아,맞다 맞다{D}\n조만간 색다른\n장사를 시작할 테니까{D}\n그때\n와 줘
MSG:4:21	020490	MSG:0:21	01ef01fe88025215113f0d0a5fc78819880252881ca00a01a5880252a8950d0a1e19880404db2627c704001a9d9e0a198801ef8801ef01fe1a00	The mayor?{D}\nGo left\nfrom here!{D}\nThe villagemayor,{D}\n<04>Fawkes<00>\nis there.	촌장님 댁 말이야?{D}\n우리 집 바로\n왼쪽 집이야{D}\n거기 <04>포크<00> 씨가\n이 마을 촌장이지
MSG:4:22	0204CA	MSG:0:22	8ea81988025902549e0a020a1584119da800	My\nmachine{D}\nis not\nrunning.	아직 이 기계가\n안 움직여
MSG:4:23	0204DC	MSG:0:23	1988025902541ca0850acafe821b8e129da80d0a8485151111c0c1d2e09e0a84111584b700	My machine\nis rusty.{D}\nIf there\nwas an{D}\nitem to\nhelp...	이 기계는 금방\n녹이 슬어 버려{D}\n뭔가 좋은 아이템\n없으려나
MSG:4:24	020501	MSG:0:24	101010102c100a1e1e2c1e88c53bfc890a84842c849da8113f00	Ahhhh,\nthat!{D}\nThat\ncard! Whatis that?	아아아아,아\n그그,그 카드는\n뭐,뭐야?
MSG:4:25	02051B	MSG:0:25	024c12950a1999a4bd841100	Not\nthis.	아니야\n이게 아니야
MSG:4:26	020527	MSG:0:26	1414210a1999892100	Ah,\nthis!	오오!\n이건!
MSG:4:27	020530	MSG:0:27	93bcb2971e12a80a1999a82100	This\nwill{D}\ndo it!	역시 그렇군\n이거야!
MSG:4:28	02053D	MSG:0:28	018f210a1ca2119519992100	You!\nAmazing!	너!\n이거 굉장해!
MSG:4:29	020549	MSG:0:29	10bc210af2e1ed00	Ah!	앗!\n미안
MSG:4:30	020551	MSG:0:30	c53bfc2c15bc82850a0153bc80bdbc1f9500	Sorry!{D}\nI ended\nup{D}\nusing thecard.	카드,멋대로\n써 버렸어
MSG:4:31	020563	MSG:0:31	ab922c025902549e020a111f15960a03401b821799958400	But now,\nit runs!{D}\nForgive\nme!	그래도 기계가 움직였으니\n용서해 줘
MSG:4:32	02057B	MSG:0:32	1e88159b97850a31017da818ca3bfecc1c98159600	As an\napology{D}\nuse it\nonce,free.	그 대신\n1번은 공짜로 해 줄게
MSG:4:33	020590	MSG:0:33	102c19880259025488031a012a9c0a1b828415bc1f958400	Ah,I\nnever{D}\nexplained\nit...	아,이 기계 설명을\n안 했지
MSG:4:34	0205A8	MSG:0:34	1e122c198802590254191e9e0ac7eb83c7eb9c01a4a6820a02b51b11c7eb851c9802590254a800	This\nmachine can\nfuse{D}\ntogether\ntwo of\nyour tools.	그래,이 기계야말로\n도구와 도구를 섞어서\n새 도구로 만드는 기계야
MSG:4:35	0205CF	MSG:0:35	133f0a95179b159684113f00	Eh?\nTell you{D}\nmore?	응?\n잘 모르겠다고?
MSG:4:36	0205DB	MSG:0:36	133c832c0339035f8502661283a88400	How to say...	음~ 간단히 말하자면
MSG:4:37	0205EB	MSG:0:37	1e88018f8801b3bc821198d1e10a1e122cd1e19c328111991f960a02b51b11d1e18501de8e99022e9b9800	Those\nTalons you\nhold. Put{D}\ntwo of\nthem in to\ncreate a{D}\nnew one.	네가 가진 그 발톱\n그래,발톱을 2개 넣으면\n새 발톱으로 다시 태어나지
MSG:4:38	020616	MSG:0:38	1e88018f8801b3bc821198c7e60a1e122cc7e69c328111991f960a02b51b11c7e68501de8e99022e9b9800	Those\nSaddles you\nhold. Put{D}\ntwo of\nthem in to\ncreate a{D}\nnew one.	네가 가진 그 안장\n그래,안장을 2개 넣으면\n새 안장으로 다시 태어나지
MSG:4:39	020641	MSG:0:39	01e6010cab169892889c328111991f960a02b51b11e2d88501de8e99022e9b989da800	Put two\nequippable{D}\nitems in to\nmake a new\none.	장비품을 2개 넣으면\n새 물건으로 다시 태어나지
MSG:4:40	020664	MSG:0:40	3d3dd1e13f0a018f2c1e88d1e189ac19ab0a01ba850210991f9da83f00	...\nTalons?\nWhere did{D}\nyou find\nthose\nTalons?	…발톱?\n너,그 발톱은 어디서\n손에 넣은 거야?
MSG:4:41	020681	MSG:0:41	3d3dc7e63f0a018f2c1e88c7e689ac19ab0a01ba850210991f9da83f00	...\nSaddle?\nWhere did{D}\nyou find\nthose\nTalons?	…안장?\n너,그 안장은 어디서\n손에 넣은 거야?
MSG:4:42	02069E	MSG:0:42	1e121113ad2c018f0a1e99892c849da8113f0aac19ab01ba850210991f9da83f00	Speaking\nof which\nwhat is{D}\nthat?Where\nis it\nfrom?	그러고 보니,너\n그건 뭐야?\n어디서 손에 넣었어?
MSG:4:43	0206BF	MSG:0:43	1e9989dadfd13f00	Secret?	그건 비밀?
MSG:4:44	0206C7	MSG:0:44	025b858498a4bd8411150a025f138217999500	Curious!\nTell me!	궁금하잖아\n알려 줘
MSG:4:45	0206DA	MSG:0:45	f8e13f00	No?	안 돼?
MSG:4:46	0206DE	MSG:0:46	123c9d0a025b858498a73c00	Hm...{D}\nHow\nodd.	으음~\n궁금하다~
MSG:4:47	0206EA	MSG:0:47	849da8bc823f0af8edf45deda8bc823f00	What?\nA dungeon?	뭐라고?\n던전이라고?
MSG:4:48	0206FB	MSG:0:48	123c9d0a0404c5dfe67b7b04001a9d92027b0364a818ac0af8edf45ded92025b85849884b700	I worry for\n<04>Camillas Dad<00>\nbut also{D}\nthe dungeon\n...	으음~\n<04>카미라 아빠<00>도 걱정이지만\n던전도 궁금하네
MSG:4:49	020721	MSG:0:49	31017dca3bfecc1c98bc820a036f035ba8bc1f8700	You were\npromised{D}\none free\ntry.	1번 공짜로 해 주기로\n약속했었지
MSG:4:50	020736	MSG:0:50	1988070081ab111115113f0f0c00	{7:00}	이거 {7:00}개면 될까?¶
MSG:4:51	020744	MSG:0:51	0700efe80a021e0240a818ac111115843f0f0f0c00	{7:00}	{7:00}길\n필요한데 괜찮겠어?¶
MSG:4:52	020759	MSG:0:52	01a802c92c8e1001fd01ae9e024a119da80a1088c53bfc88019a1601289e0a841784bc82161f8815843f00	Lately it\nhas not\nworked.{D}\nPerhaps the\nCard has\nworn off?	요즘 또 상태가 안 좋아\n그 카드의 효과가\n다 떨어졌나?
MSG:4:53	020784	MSG:0:53	1ab72cac9dac9d0241821799950a92bc8314015f9c02e691820d0a0404cad5c004009c19198c01979dab0a11bc1bbf850369961c9da800	You keep\ncoming{D}\nback! After\nsaving more{D}\nmoney,I\nwill ask{D}\n<04>Sania<00> to\nlive here.	자,계속 찾아와 줘\n돈을 더 모아서{D}\n<04>사니아<00>를 여기로 불러\n함께 살 거야
MSG:4:54	0207BB	MSG:0:54	93bc832c0404cad5c004009e02418217991f950a19991596922c1988140287ab0a026e027c1b8217999500	<04>Sania<00> is\nfinally here!\nKeep fusing{D}\nhere from\nnow on!	드디어 <04>사니아<00>가 와 줬어\n앞으로도 이 가게에서\n합성해 줘
MSG:4:55	0207E6	MSG:0:55	89a4918e1b820a0404cad5c004008311118e1c00	Hello!{D}\nI am\n<04>Sania<00>.	처음 뵙겠습니다\n<04>사니아<00>라고 해요
MSG:4:56	0207FA	MSG:0:56	1181920404e6ccc704009e0a141d9b8584bc828e1c00	<04>Rask<00> is\nalways{D}\nhelping\nme.	늘 <04>라스크<00>가\n신세 지고 있어요
MSG:4:57	020810	MSG:0:57	9b1f1b929e9dad978e1c15960a10841f922c9e9dadbc8217a81a118700	I am doing\nmy best,so{D}\nyou do the\nsame!	저도 열심히 할 테니\n당신도 힘내세요
MSG:4:58	02082D	MSG:0:58	ac121c983f0a328188026e027c15113f0a1e9983922c338115113f0c00	So,want\nto fuse 2?\nOr 3?¶	어떻게 할래?\n2개 합성?\n아니면 3개?¶
MSG:4:59	02084A	MSG:0:59	3281880a3381880a939182141700	2\n3\nQuit	2개\n3개\n그만둔다
MSG:4:60	020858	MSG:0:60	14933f0a1e88c53bfc89849da83f0a80bfbc83015c1d8217999500	Oh? What\nis that\ncard?{D}\nCould I\nsee?	어라?\n그 카드는 뭐야?\n잠깐 보여 줘
MSG:4:61	020873	MSG:0:61	192c1999892100	What?	이,이건!
MSG:4:62	02087A	MSG:0:62	10210ff2e1ed0a8e1f93bc1f9500	Sorry!\nI did{D}\nit\nagain!	앗!미안\n또 저질렀어
MSG:4:63	020888	MSG:0:63	19999c10a19815960a03401b8217999500	Please\nforgive{D}\nme.\nHere.	이걸 줄 테니까\n용서해 줘
MSG:4:64	020899	MSG:0:64	81110154bc1f9da818ac0a1faf9d015313988301af1200	This was\nmade.{D}\nYou can\nuse it.	그냥 만들어 본 건데\n아마 쓸 만할 거야
MSG:4:65	0208B0	MSG:0:65	1faf9dc0c1d2e09c31810a01fa035788ac19158c010d9dab1799980d0a02a60202ab892c018f8802528c0a036dbc8217989500	This item\ncan return{D}\nan item to\nyour home.	아마 아이템을 1개\n지상 어딘가로 옮겨 줄 거야{D}\n예정대로라면 너희 집으로\n돌아올 거야
MSG:4:66	0208E3	MSG:0:66	ac121b1f3f0a8e1fd2e97f5f27c7cc9e119888153f00	What is\nit? Another{D}\nTeleport Box?	무슨 일이야?\n또 텔레포 박스가 필요해?
MSG:4:67	0208F9	MSG:0:67	89112c1999ab111100	Yes,\nhello.	자,이거면 됐어
MSG:4:68	020902	MSG:0:68	01b7892c025902549c0a7beb3bc0277d1b1f9da800	I powered\nthe{D}\nmachine.	실은,기계를\n파워업했어
MSG:4:69	020917	MSG:0:69	026e027c1c988316852ccfd79301b79c0a11bc1bbf8501a4a69819839eab16989da800	When fusing\nyou can also{D}\nadd a seed or\nnut.	합성할 때 씨앗이나 열매를\n같이 섞을 수 있게 됐어
MSG:4:70	02093A	MSG:0:70	0404c2c1f504009e0adaedd39c17991f9da800	<04>Wiz<00> gave\na hint.	<04>위즈<00>가\n힌트를 줬거든
MSG:4:71	02094D	MSG:0:71	026e027c1c9883168511bc1bbf8502109998830ad1e193c7e6882c0211011d9c026e01f3ab16980acfd79e1098961b1100	When fusing\nthere is a\nseed to{D}\ncombine abilitiesof Talons and\nSaddles.	합성할 때 같이 넣으면\n발톱이나 안장의 능력을\n합칠 수 있는 씨앗이\n있다나 봐
MSG:4:72	02097E	MSG:0:72	92bc83920211011d8932811b150a026e027cab16841118ac8400	At most\nup to 2{D}\nabilities\ncan fuse.	다만 능력은 2개까지만\n합성할 수 있지만
MSG:4:73	020998	MSG:0:73	015c81181f888496849dab920a1f911b828f989da88400	If you\nfind it,{D}\ntry it\nwith many{D}\nthings.	찾으면 뭐든지\n시험해 보라고
MSG:4:74	0209AF	MSG:0:74	01b78992121ca00252035c9e0a0280131e12848800	Seems my\nfamily{D}\nwill\ngrow soon.	실은 곧 가족이\n늘 것 같아요
MSG:4:75	0209C4	MSG:0:75	1bad9617af97870a01ae0341bc821ca08501f616178498889500	The children\nwill soon be{D}\nall grown\nup.	오랜만이에요\n아이들은 금방 자라네요
MSG:4:76	0209DE	MSG:0:76	0404c5c6c00400210d0a19bc808c0241820aa210111a811b841a1100	<04>Kakia<00>!{D}\nCome\nintroduce{D}\nyourself!	<04>카키아<00>!{D}\n이리 와서\n인사드리렴
MSG:4:77	0209FA	MSG:0:77	192c199d85808900	H...{D}\nhello.	아,안녕하세요
MSG:4:78	020A02	MSG:0:78	b0ba3c00	...	메롱~
MSG:4:79	020A06	MSG:0:79	1996210a0404c5c6c004008e80841a112100	Hey!{D}\n<04>Kakia<00>,\nwait!	요 녀석!\n<04>카키아<00>,거기 서!
MSG:4:80	020A18	MSG:0:80	923c210aa8998503511f88151b9600	Hmph!\nHe takes\nafter...	정말~!\n누굴 닮았담
MSG:4:81	020A27	MSG:0:81	c4e9153d3d00	Me...	나인가…
MSG:4:82	020A2D	MSG:0:82	01ae033282bc821f118c9d950aab921f881b119b00	It is\nhard,but{D}\nfun to\nraise{D}\nkids.	아이 키우기는 힘들어요\n그래도 즐거워요
MSG:4:83	020A42	MSG:0:83	8f9d84027715bc1f18ac0af8edf45ded89030fbc1f8400	Everyone\nis safe.{D}\nThe\ndungeon{D}\nstayed.	모두 무사했지만\n던전은 남았네
MSG:4:84	020A59	MSG:0:84	f8edf45ded9e109815960a1402879e01ed189699989da800	My store\nstays open{D}\nusing the\ndungeon.	던전이 있으니까\n가게를 계속할 수 있어
MSG:4:85	020A71	MSG:0:85	8f9d84023901b1ab0a9515bc1f9b00	Glad\nevery{D}\none\nis OK.	모두 무사해서\n다행이에요
MSG:4:86	020A80	MSG:0:86	f8edf45ded9e841784968417820a9515bc1f88152c9b9815bc1f88150d0a9b1f1b85892c9b159684119b00	I am not\nsure if it{D}\nis good or\nbad that the{D}\ndungeon\nstayed.	던전이 사라지지 않은 게\n잘된 건지,잘못된 건지{D}\n저는 모르겠어요
MSG:4:87	020AAB	MSG:0:87	f8edf45dedbc8284853f00	What is{D}\na dungeon?{D}\nIs it	던전이 뭐야?
MSG:4:88	020AB6	MSG:0:88	14921b9a11883f0c00	...cool?¶	재밌어?¶
MSG:4:89	020ABF	MSG:0:89	a4bd105fc7920a8911bc828f9500	I will\ntry to{D}\ngo in\ntoo!	그럼 나도\n들어가 볼래
MSG:4:90	020ACD	MSG:0:90	849da80a818e9d84118800	Oh!{D}\nIs it\nboring?	뭐야\n시시해
MSG:4:91	020AD8	MSG:0:91	3d3d3d3d00	...	……
MSG:4:92	020ADD	MSG:0:92	f8e1a8950a14015f92bc828416bd00	How{D}\nbad! I\nneed{D}\nmoney!	안 돼\n돈이 없으면
MSG:4:93	020AEC	MSG:0:93	5fc7892c027f02670176880a0404c2c1f50400bc821112881a00	I am <04>Wiz<00>!{D}\nI run the\nstorage.	나는 창고지기\n<04>위즈<00>라고 해
MSG:4:94	020B06	MSG:0:94	c6df9e0f0f0f0f0f0f0a04040b0400a8873f00	Are you\n<04>{B}<00>?	혹시 네가\n<04>{B}<00>?
MSG:4:95	020B19	MSG:0:95	1abc16e23bf0e7880a0404c0d3e604009e161f9500	A moogle,<04>Atla<00>,{D}\ncame by.	아까 모그리\n<04>아트라<00>가 왔었어
MSG:4:96	020B2E	MSG:0:96	1e881280851f171a9d0ac0c1d2e09c01b3bc820a179815960d0a027f02679c018e188311820a1799bc820266bc821f9500	He said\nsince he\nwill be{D}\nbringing\nitems\nsoon,he{D}\nwanted\nto rent a\nstoreroom.	조만간 아이템을\n잔뜩 가지고\n올 테니까{D}\n창고를 비워 달라고\n하더라고
MSG:4:97	020B5F	MSG:0:97	921b151b820af8edf45dedab920a015c81181f8815843f00	Maybe\nit is\nitems{D}\nfound in\ndungeons?	혹시\n던전이라도\n찾은 걸까?
MSG:4:98	020B77	MSG:0:98	14015f9e1f8ebc1f960a8e1f1411ab9500	You need\nmoney!	돈이 모이면\n또 와
MSG:4:99	020B88	MSG:0:99	1e121e122c5fc7890a027f0267017684881a0d0aac12a8112c027f02679c0a1597828f841115113f00	Right. I\nmanage{D}\nthe store-house.{D}\nNeed some\nstorage?	그래그래,나는\n창고지기야{D}\n어때,창고를\n빌려 보지 않을래?
MSG:4:100	020BB1	MSG:0:100	318188027f0267852c3130c90ac0c1d2e09e021098881a00	One\nstoreroom{D}\nholds 10\nitems.	창고 1개에 아이템이\n10개 들어가
MSG:4:101	020BC9	MSG:0:101	ac12a8112c027f026731810a0700efe81a0a15979815113f0c00	Rent one?\n{7:00}	어때,창고 1개\n{7:00}길이야\n빌릴래?¶
MSG:4:102	020BE3	MSG:0:102	021e02408584bc1f960a168217991f9611111a00	I will\nbe here{D}\nif you\nneed me.	필요해지면\n오면 돼
MSG:4:103	020BF7	MSG:0:103	8e11ac10973c00	Thanks!	매번 고마워~
MSG:4:104	020BFE	MSG:0:104	02f918980a02729701c41c0a93919800	Give\nTake\nEnd	맡긴다\n꺼낸다\n그만둔다
MSG:4:105	020C0E	MSG:0:105	0fc2c1f588027f02670f0c00	Storage¶	 위즈의 창고 ¶
MSG:4:106	020C1A	MSG:0:106	9212dbc7ea9e11bcb211a89500	Your bag is\nalready full.	이제 주머니가 가득 찼어
MSG:4:107	020C27	MSG:0:107	108e9790971b8411ab0a94bc17979399ad11111a00	Working\ntoo hard{D}\nis bad.\nRelax\nsome!	너무 무리하지 말고\n천천히 하면 돼
MSG:4:108	020C3C	MSG:0:108	fce8018f9e198801ef8802b51b1101c00149850a84bc1f881a00	<04>Chip<00> is new\nto living in{D}\nthe village.	도르가 이 마을의\n새 주민이 됐어
MSG:4:109	020C56	MSG:0:109	159b111101c001499e8b13820a12991b11159f971a00	Glad to\nsee more{D}\ncute new\nresidents!	귀여운 주민이 늘어서\n기쁘기 그지없어
MSG:4:110	020C6C	MSG:0:110	1e99851b82920404c5dfe67b7b0400890aa811a4bf12af848815b700	I really\nhope that{D}\n<04>Camillas Dad<00>\nis OK.	그나저나 <04>카미라 아빠<00>는\n괜찮은 걸까
MSG:4:111	020C88	MSG:0:111	0404c5dfe67b7b04009e0a027715bc1f8301afbc1f88850d0a199dac892c0404c0d3e604001500	Just after\n<04>Camillas{D}\nDad<00> was\nsaved,now{D}\n<04>Atla<00>...	<04>카미라 아빠<00>가\n살았다 싶었더니{D}\n이번엔 <04>아트라<00>인가
MSG:4:112	020CAF	MSG:0:112	102c1e9989029101d013a8870a029101d013932c140336881983890a0404c5dfe604009e179b1b11881a00	Ah,your\nPlant.\n<04>Camilla<00>{D}\nknows\nabout\nplant pots{D}\nand flowers.	아,그건 화분이구나\n화분이나 꽃에 대해선\n<04>카미라<00>가 잘 알아
MSG:4:113	020CDA	MSG:0:113	0404dfe804001a9d892c0404fce80400018f830a11bc1bbf8517961c9da8bc821a00	<04>Mill<00> is\nliving with{D}\n<04>Chip<00>!	<04>미르<00> 씨는 <04>도르<00> 군과\n함께 산대
MSG:4:114	020CFC	MSG:0:114	0404fce80400018f922c12991b1e12a89500	<04>Chip<00> seems{D}\nhappy!	<04>도르<00> 군도 기뻐 보여
MSG:4:115	020D0E	MSG:0:115	0404fce80400018f832c0404dfe804001a9d850a01ae03419e01de8e991f881a0d0a1e9992360297921a00	<04>Mill<00> and\n<04>Chip<00> had{D}\nbabies!{D}\n6 of\nthem!	<04>도르<00> 군과 <04>미르<00> 씨에게\n아이가 태어났어{D}\n그것도 6마리나
MSG:4:116	020D39	MSG:0:116	1e99851b82920404c0d3e60400890aa811a4bf12af848815b700	I hope\n<04>Atla<00>{D}\nis all\nright.	그나저나 <04>아트라<00>는\n괜찮은 걸까
MSG:4:117	020D53	MSG:0:117	123c9d0a8e1ff8edf45ded9eab1f9500	Now,\nanother{D}\ndungeon is\nmade.	으음~\n또 던전이 나타났어
MSG:4:118	020D63	MSG:0:118	ac129396027297034a8e991f88890a029088c5c5cb961b11881a00	This time\na farm{D}\nscarecrow\nwas taken.	아무래도 사로잡힌 건\n밭의 허수아비인가 봐
MSG:4:119	020D7E	MSG:0:119	318188027b15969b16ab1f0a02fa036aa4bd8411159200	Not just\nthe{D}\ndesire of\none heart.	마음 하나에서 솟아난\n욕망이 아닐지도 몰라
MSG:4:120	020D95	MSG:0:120	1f171a9d8801c91a8402fa036a9e0a02758ebc82989512840ac1e13bf484881a00	Rather\nit seems\nmany{D}\nsmall\ndesires\ntogether.	수많은 작은 욕망이\n모여 있는 듯한\n느낌이야
MSG:4:121	020DB6	MSG:0:121	849d8384179b15bc1f881a0d0a1088f8edf45ded890ac5c5cb9c02e91b8202889bbc1f0d0a01ef888f9d8488027b84881a00	Somehow I\nsee. The{D}\nscarecrow\nis a vessel{D}\nfor the\ndungeon to{D}\ntransmit\nour desires.	어쩐지 알 것 같아{D}\n저 던전은\n허수아비를 통해 전해진{D}\n마을 모두의 마음이야
MSG:4:122	020DE8	MSG:0:122	1e122cf8edf45ded9e0a10bc1f8d129e01ef9e0a01f6161784981b0d0a02e40165920280139815968700	While\na dungeon\nexists,{D}\nthe\ntown grows{D}\nand more\nfriends\narrive.	그래,던전이\n있는 편이 마을이\n커지고{D}\n동료도 늘어나니까
MSG:4:123	020E12	MSG:0:123	123c9d0a849da8152c02d3014802d8850aa88e1a998211989512843d3d00	It seems\nthe Tyrian\nCrystal is{D}\ndeceiving\nthem.	으음~\n어쩐지 자수정에\n속고 있는 것 같은데…
MSG:4:124	020E30	MSG:0:124	1196bc1bbd1100	Hello.	어서 오세요
MSG:4:125	020E37	MSG:0:125	10962c111102a1aa93880ad05dc95fa8198300	Oh,a\nchocobo!{D}\nWhat fine\nfeathers!	어머,깃털이 참 고운\n초코보네요
MSG:4:126	020E4A	MSG:0:126	dede210a7b7b2cac1985920a1184119b9500	Mom!\nDad is\nmissing!	엄마!\n아빠가 어디에도\n없어
MSG:4:127	020E5C	MSG:0:127	10963c0aac198c11bc1f880a151b963f00	Oh,wherecould\nhe be?	어머~\n어디 가셨을까?
MSG:4:128	020E6D	MSG:0:128	029085920a118415bc1f8800	He was\nnot in{D}\nthe\nfield!	밭에도\n없었어
MSG:4:129	020E79	MSG:0:129	10962c1e121113ad0a10841f7b7b9c015c8e0a1d9dab1b1f3f00	How aboutyou?{D}\nHave you\nseen him?	어머,그러고 보니\n혹시 아이 아빠를\n못 보셨나요?
MSG:4:130	020E93	MSG:0:130	dffce7880217ebe60a023301ae9c15afbc1f0ad05dc95f8488ab1c9e00	He is a\nchocobo\nwearing{D}\na green\nstraw\nhat.	초록색 밀짚\n모자를 쓴\n초코보인데요
MSG:4:131	020EB0	MSG:0:131	13210aac19ab015c1f883f00	Oh!\nWhere?	어!\n어디서 봤어?
MSG:4:132	020EBC	MSG:0:132	10963f0a01c20176ab1c153f0c00	Oh,the\ninn?¶	어머?\n여관이요?¶
MSG:4:133	020ECA	MSG:0:133	13210a01c2017684883f00	Oh!Theinn?	어!\n여관이라고?
MSG:4:134	020ED5	MSG:0:134	dede2c8485150a8c9da89b00	Some-\nthing{D}\nis\nfishy,{D}\nMom.	엄마,뭔가\n이상해
MSG:4:135	020EE1	MSG:0:135	8ea801539b99821184110a01c201768488853d3d00	The inn isnot in{D}\nbusiness\nyet.	아직 영업도 안 하는\n여관인데…
MSG:4:136	020EF6	MSG:0:136	1e1287ba2c0404c5dfe604000a80bfbc8302a891983f00	Can I\nask a{D}\nfavor,\n<04>Camilla<00>?	그래,<04>카미라<00>\n부탁 좀 해도 될까?
MSG:4:137	020F0D	MSG:0:137	0404db2627c704001a9d850a1402ac1b821411820a1799983f00	Can you\ntalk to\n<04>Fawkes<00>?	<04>포크<00> 씨께\n이야기 좀\n전해 줄래?
MSG:4:138	020F27	MSG:0:138	9b15bc1f9b210a019ebc8217989b8700	Got it!\n{D}I will\nbe back!	알았어!\n다녀올게
MSG:4:139	020F37	MSG:0:139	10960aa2919d841a11870d0a1dbc15170241820a111fa8111f888500	Oh,\nsorry.{D}\nAfter\nyou{D}\ncame all\nthis way.	어머\n미안해요{D}\n모처럼 와\n주셨는데
MSG:4:140	020F53	MSG:0:140	7b7bbc1f960aac121b1f88151b9600	My,where\nis my{D}\nhusband?	아이 아빠도 참\n어떻게 된 걸까
MSG:4:141	020F62	MSG:0:141	10960aa2919d841a11870d0a14028788012302ad0a1b8284118800	Oh,sorry.Nothing{D}\nis for\nsale.	어머\n미안해요{D}\n가게 준비를\n못 했어요
MSG:4:142	020F7D	MSG:0:142	7b7b9e118411830a02159892889e84118800	Papa is\ngone and{D}\nwe have\nnothing{D}\nto sell\neither.	남편이 없으면\n팔 물건이 없어요
MSG:4:143	020F8F	MSG:0:143	10962c10841f0a84859c92bc8298883f00	Oh,what\nis this?	어머,당신\n뭘 가지고 있어요?
MSG:4:144	020FA0	MSG:0:144	10962c199911119b9500	How nice.	어머,이거 좋네요
MSG:4:145	020FAA	MSG:0:145	ac19159601b3bc82161f88150a014096841118ac0a9b1f1b850215bc8217998e1d9d3f00	Not sure\nwhere\nyou bought{D}\nit from,but\nwill you{D}\nsell it?	어디서 가져왔는지\n모르겠지만\n저한테 팔지 않을래요?
MSG:4:146	020FCE	MSG:0:146	7b7b9e11841115960a02159702299e8417820a198ebc821f8800	We have\nno wares\nwith my{D}\nhusband\ngone.	남편이 없어서\n팔 물건이 없어\n곤란했거든요
MSG:4:147	020FE8	MSG:0:147	92bc832c119a119a8492889c0a01b3bc82168201781a118700	Please\nbring even{D}\nmore items\nfor us.	앞으로도 여러 가지\n가져와 주세요
MSG:4:148	021001	MSG:0:148	7b7b89ac198c0a11bc1f88151b963f00	Oh,where\ncould he{D}\nhave\ngone?	아이 아빠는 어디\n간 걸까?
MSG:4:149	021011	MSG:0:149	8ebc1f177b7bbc1f960aac198c11bc1f88151b960d0a92122c14028785a81c92889e0a841784bc1f888500	Geez,Dad.{D}\nWhere in\nthe world{D}\ndid you\ngo to?{D}\nWe have no\ninventory...	정말 이이도 참\n어디 간 걸까{D}\n이제 가게에 낼 물건도\n다 떨어졌는데
MSG:4:150	02103C	MSG:0:150	10841f9e2c119a119a8492889c0a92bc82168217999815960a14028792128e1711bc8211989b00	Because you\nhave brought\nmany things{D}\nback,the\nshop is\ndoing well.	당신이 이것저것\n가져다준 덕분에\n가게도 잘되고 있어요
MSG:4:151	021063	MSG:0:151	0404db2627c704001a9d15960a0324168e1b1f00	<04>Fawkes<00>\ntold me.	<04>포크<00> 씨한테\n들었어요
MSG:4:152	021077	MSG:0:152	10841f9e01b3bc8217980ac0c1d2e0890d0af8edf45ded159601b3bc820a025abc82161f9288ab0d0a1e88f8edf45ded9c0154bc1f889e0a7b7ba8bc8200	The items you\nbrought were{D}\nfrom the\ndungeon my{D}\nhusband built.	당신이 가져오는\n아이템은{D}\n던전에서 가지고\n돌아온 거고{D}\n그 던전을 만든 게\n남편이라고요
MSG:4:153	0210B5	MSG:0:153	14033a11ab1c0a9b1f1b1f80887b7b9c0d0a7b7b9c0277188201781a1100	Please,my\nhusband!{D}\n...Please\nsave him!	부탁이에요\n우리 남편을{D}\n남편을 구해 주세요
MSG:4:154	0210D3	MSG:0:154	3d3d3d3d0a7b7b9c0277188210a1822100	...Save my\nPapa!	……\n아빠를 구해 줘!
MSG:4:155	0210E4	MSG:0:155	109d84851483841b17820a14a89315847b7b9e3d3d00	My calm,\nmature{D}\npapa...	그렇게 얌전하고\n온화한 아빠가…
MSG:4:156	0210FA	MSG:0:156	034f892c1403368819831b159b1596841118ac0a848515036e851f829819839e1099ad3d3d00	I really only\nknow about{D}\nflowers. If you\nthink I can{D}\nhelp...	난 꽃밖에 모르지만\n뭔가 도울 일이 있다면…
MSG:4:157	021120	MSG:0:157	14033a119500	...	부탁해
MSG:4:158	021126	MSG:0:158	10979e8312870a10841f881415a19500	It is all\nthanks to{D}\nyou!	고마워요\n당신 덕분이에요
MSG:4:159	021136	MSG:0:159	93bc837b7b92017d01321b82161f9b00	My husband{D}\nis healing.	드디어 남편도 회복됐어요
MSG:4:160	021146	MSG:0:160	10960a7b7b849602908c01c415181f9b9500	He left\nfor the{D}\nfields.	어머\n남편이라면 밭에 나갔어요
MSG:4:161	021158	MSG:0:161	0404c0d3e6040080bd9d0aac1284bc80bd1288151b963d3d00	But what\nhappened to{D}\n<04>Atla<00>?	<04>아트라<00>는\n어떻게 되는 걸까…
MSG:4:162	021171	MSG:0:162	7b7b9c3d3d3d0a10979e831200	Thank\nyou...\nfor my\ndad...	아빠를…\n고마워
MSG:4:163	02117E	MSG:0:163	9b1f1b85928485150a1401ba0288111a1d8200	Please,\nlet me{D}\nhelp\nsomehow.	나도 뭔가\n돕게 해 줘
MSG:4:164	021191	MSG:0:164	159bbc1f02918700	Odd{D}\nPlant!	특이한 화분이네
MSG:4:165	021199	MSG:0:165	f8edf45ded8801fbab0a015c81181f88ab1bbf3f00	Did you\nfind it{D}\nin the\ndungeon?	던전 안에서\n찾은 거지?
MSG:4:166	0211AE	MSG:0:166	cfd7152c01b79c92bc8284113f0a1e9985023e13980127922c92bc8284113f00	Do you have\nSeeds,Nuts{D}\nor Tonics to\nuse on it?	씨앗이나 열매 없어?\n거기 줄 약도 없어?
MSG:4:167	0211CE	MSG:0:167	cfd7832c0127ab0a033282828f8e1bbf129500	Try\nusing a{D}\nSeed and\nTonic.	씨앗이랑 약으로\n키워 보자
MSG:4:168	0211E1	MSG:0:168	0291892c036302081f97880a111183199a8c02e311828300	Place the\nPlant in{D}\nthe\nsunlight.	화분은 햇볕이\n잘 드는 곳에 두고…
MSG:4:169	0211F9	MSG:0:169	84859c01d01398150190911f960a029101d0138c02109982870d0a019988919dac12899b1f1b9e0a015c82141715968700	Once you\nhave{D}\nchosen what\nto grow{D}\ninsert\nyour Plant.{D}\nLeave the\nrest to me.	뭘 심을지 정하면\n화분에 넣어 줘{D}\n그다음 돌보는 건 내가\n맡을게
MSG:4:170	02122A	MSG:0:170	8ea82c033789ab8284119b00	Not yet!	아직 싹이 안 났어
MSG:4:171	021236	MSG:0:171	03379e01c41f9b8700	It grew!	싹이 났네
MSG:4:172	02123F	MSG:0:172	1699118403368700	Pretty!	예쁜 꽃이네
MSG:4:173	021247	MSG:0:173	1999bc822cac9d8401b78488151b960a92122c01b3bc82019e17883f0c00	Take this\nnut?¶	이건 어떤 열매일까\n벌써 가져갈 거야?¶
MSG:4:174	021265	MSG:0:174	03541b82989b950a01b3bc82019e17883f0c00	Ripe!\nTake?¶	잘 익었어\n가져갈 거야?¶
MSG:4:175	021278	MSG:0:175	92122c027297850241841115960a171abc80bdbc1f9b9500	Darn. It\nrotted.	가지러 안 와서\n썩어 버렸어
MSG:4:176	021290	MSG:0:176	a2919d870a921202e31701cd01c59e84118800	Sorry\nthere is{D}\nno room.	미안\n더 둘 곳이 없어
MSG:4:177	0212A3	MSG:0:177	0f0f0f029101d0130f0f0f0c00	Plant¶	   화분    ¶
MSG:4:178	0212B0	MSG:0:178	ac999c01d01398883f0c00	Seed?¶	뭘 심을래?¶
MSG:4:179	0212BB	MSG:0:179	ac8801279c023e1398883f0c00	Tonic?¶	어떤 약을 줄래?¶
MSG:4:180	0212C8	MSG:0:180	1999ab0332829888873f0c00	Grow here?¶	이걸로 키우는 거지?¶
MSG:4:181	0212D4	MSG:0:181	9b15bc1f9b0a01f601b185033282989b8700	I see.\nI will{D}\ncare\nfor it.	알았어\n소중히 키울게
MSG:4:182	0212E6	MSG:0:182	dbc7ea9e11bcb211870a02f91882161f963f00	The bag\nis full.{D}\nStore\nitems?	주머니가 가득 찼네\n맡기고 오는 게 어때?
MSG:4:183	0212F9	MSG:0:183	10979e831200	...	고마워
MSG:4:184	0212FF	MSG:0:184	8ea82c01b5022a888415ab0a84859e1419bc1f88153d3d00	Still... I\nwonder{D}\nwhat came\nover me...	아직도 내 안에서\n무슨 일이 있었는지…
MSG:4:185	021317	MSG:0:185	c6c8ed84012885109b1d821b8ebc820a1c8e8415bc1f00	Sorry for\ncausing so{D}\nmuch danger.	위험한 일을 겪게 해서\n미안하네
MSG:4:186	02132E	MSG:0:186	018f02828502bd9c025f131f01990a02d3024988014802d89c8d97a81b1f9da800	I found a\npurple{D}\ncrystal after\nguiding you.	자네들에게 길을 알려 준 뒤\n보라색 수정을 캐냈다네
MSG:4:187	02134F	MSG:0:187	01b5022a8801fb852c01b5022aab84110179159e0a01b5022a8801fbab01f6161784bc8211bc1f00	Inside...\nSomething{D}\nthat was not\nme grew{D}\nbigger.	내 안에서,내가 아닌 무언가가\n점점 커져 갔지
MSG:4:188	021377	MSG:0:188	1e19159602dd892cc6df9e024d021b0a0140bc821198a89a1200	After that\nyou know{D}\nwhat\nhappened.	그다음은 자네가 제일\n잘 알겠지
MSG:4:189	021391	MSG:0:189	01b5022a88027b888415852c10889512840a027b9e10bc1f8389843d3d3d00	Something\nlike that was{D}\ndeep in my\nheart...	내 마음속에 그런\n마음이 있었다니…
MSG:4:190	0213B0	MSG:0:190	ac9d84027b85922c02b98303719e10980a1b151b2c03719e02b985849819839e0a10bc82898496841100	The heart\nhas light\nand dark.{D}\nThe most\nimportant\nthing is to{D}\nlighten\ndarkness.	어떤 마음에도 겉과 속이 있지\n하지만 속이 겉이 되는 일은\n있어서는 안 되네
MSG:4:191	0213DA	MSG:0:191	1b151b2c1088014802d889027b880a02b98303719c02109915139800	The\ncrystal made{D}\nlight\nbecome{D}\ndarkness.	하지만 그 수정은 마음의\n겉과 속을 뒤바꾼다네
MSG:4:192	0213F6	MSG:0:192	9517027715bc1f9288a80a1e1b822c1c8e841100	You did\nwell to{D}\nhelp. I\nam\nsorry.	용케 살아났군\n그리고,미안하네
MSG:4:193	02140A	MSG:0:193	018f8802a202829e2c027297034a8e99821b8ebc1f00	Now your\nfriend was{D}\npossessed.	자네 친구가 사로잡히고 말았네
MSG:4:194	021420	MSG:0:194	01f39e020a1795128584bc1f960a108802909c92bc8301fdb0828f98950d0a0179159b159815921b99841115968400	When I can\nmove,I will\nsearch the{D}\nfield more!\nMaybe I will\nfind something.	몸이 움직이게 되면\n그 밭을 더 조사해 보겠네{D}\n뭔가 알아낼지도 모르니
MSG:4:195	02144F	MSG:0:195	0404c0d3e6040080bd9d920a04047b7b040092023901b1a8bc1f9b8700	So <04>Atla<00>\nand my{D}\nhusband\nare OK...	<04>아트라<00>도\n<04>남편<00>도 무사했네요
MSG:4:196	02146C	MSG:0:196	ab922cf8edf45ded898ea80a10989b8700	But the\ndungeon{D}\nstill\nexists.	그래도 던전은 아직\n있네요
MSG:4:197	02147D	MSG:0:197	01a802c9892cf8edf45ded9e1098889e0a101f978e138501af1382161f9b00	Lately\ndungeons{D}\nexisting\nseems to be{D}\nthe norm.	요즘은 던전이 있는 게\n당연하게 느껴져요
MSG:4:198	02149C	MSG:0:198	1088f8edf45dedbc82ac121b820a101e1985109888151b96873f00	I wonder\nwhy that{D}\ndungeon is\nover there?	저 던전은 왜\n저기 있는 걸까요?
MSG:4:199	0214B7	MSG:0:199	0404c0d3e6040080bd9d920a023901b1ab9515bc1f9b8700	I am\nglad <04>Atla<00>{D}\nis OK\ntoo.	<04>아트라<00>도\n무사해서 다행이에요
MSG:4:200	0214CF	MSG:0:200	0249016d84033693cfd79e0a03328296998214921b9a119b00	Growing\nflowers and{D}\nseeds is\nso neat.	여러 꽃이랑 씨앗을\n키울 수 있어서 재밌어
MSG:4:201	0214E8	MSG:0:201	a8999211841784bc82841188850af8edf45ded9e109888bc820a022101af025c958700	Nobody is gonebut the\ndungeon is{D}\nstill there.\nMysterious.	아무도 사라지지 않았는데\n던전이 있다니\n신기해
MSG:4:202	02150B	MSG:0:202	95120a8415841511110252a89500	Man,nice\nhouse.	여어\n꽤 좋은 집이야
MSG:4:203	021519	MSG:0:203	a899922c01c201768801fb850af8edf45ded9e1098889c0a01409684119512a89500	We should\nensure\nnobody{D}\nelse finds\nthe inn\ndungeon!	아무도 여관 안에\n던전이 있다는 걸\n모르는 것 같아
MSG:4:204	02153B	MSG:0:204	849da8159b1596841118ac0a1111159da4a89500	No clue why.{D}I have a\ngood{D}\nfeeling.	뭔지 모르겠지만\n느낌이 좋아
MSG:4:205	02154F	MSG:0:205	a83c0a0283920140968411bc82198389840d0a14023089c4e91f8088e2d8bc820a1983a89500	The reason\nnobody has{D}\nheard of\nthe treasure{D}\nis because\nit is{D}\nwaiting for\nme to{D}\nclaim it!	에휴~\n아무도 모른다는 건{D}\n보물은 우리 차지라는\n거라고
MSG:4:206	021575	MSG:0:206	8d9d83853c0a9b15bc829d88153f00	Yeeep.{D}\nGet the\npicture?	정말~\n알아듣고 있는 거야?
MSG:4:207	021584	MSG:0:207	8ebc2c11111500	Bah.	뭐,됐어
MSG:4:208	02158B	MSG:0:208	19bc808504040b0400880a022501769c012302ad1b8214111f9500	Whatever.\nI had a{D}\nhome set\nup for you,{D}\n<04>{B}<00>!	여기에 <04>{B}<00>의\n방을 마련해 뒀어
MSG:4:209	0215A6	MSG:0:209	f8edf45ded1596025abc82161f960a1919ab2c025d908311119500	You can use\nit to rest{D}\nafter a\ndungeon.	던전에서 돌아오면\n여기서 쉬면 돼
MSG:4:210	0215C1	MSG:0:210	83971013a50a025d9dab14111f96ac12a800	Speaking\nof,need{D}\na break?	일단\n쉬어 두는 게 어때
MSG:4:211	0215D3	MSG:0:211	a4bd1001c201768801e2ab0a8ebc829815968400	I will\nwait{D}\noutside.	그럼 여관 앞에서\n기다릴게
MSG:4:212	0215E7	MSG:0:212	1e121e122c02e3118214161f110ac0c1d2e0898411153f00	Right.{D}\nNeed me to\nhold items?	맞다,맡겨 두고 싶은\n아이템은 없어?
MSG:4:213	0215FF	MSG:0:213	1988cfedcc8801fb850ac4e99e02f915bc8214179500	I can keep\nitems in{D}\nthis\ndresser.	이 옷장 안에\n내가 맡아 둘게
MSG:4:214	021615	MSG:0:214	ab922ccfedcc85890a3130c91b1502109684119500	But only\n10 items{D}\ncan fit\nin here.	하지만 옷장에는\n10개밖에 안 들어가
MSG:4:215	02162A	MSG:0:215	1f171a9d02e3118214178884960a027f026701768c02ac9c1b8214111f15960a1ebc808c02f918988311119500	If you have\nlots of\nitems,head{D}\nover to the\nstorehouse\nto store them.	많이 맡기려면\n창고지기한테 말해 뒀으니까\n거기 맡기면 돼
MSG:4:216	021657	MSG:0:216	8485152c02f915bc82141912153f0a1e9983922c01b3bc82019e178815113f00	Wanna deposit\nsomething?{D}\nOr perhaps\nwithdraw?	뭔가 맡아 둘까?\n아니면 가져갈 거야?
MSG:4:217	021677	MSG:0:217	02f9188214170a01b3bc82019e170a939182141700	Store\nTake\nQuit	맡긴다\n가져간다\n그만둔다
MSG:4:218	02168C	MSG:0:218	0fc0d3e688cfedcc0f0c00	Dresser¶	 아트라의 옷장 ¶
MSG:4:219	021697	MSG:0:219	cfedcc8801fb8911bcb211ab1c00	The dresser{D}\nis full.	옷장 안이 가득 찼습니다
MSG:4:220	0216A5	MSG:0:220	dbc7ea8801fb8911bcb211ab1c00	The bag{D}\nis full.	주머니 안이 가득 찼습니다
MSG:4:221	0216B3	MSG:0:221	14210a1415139700	Hey!	오!\n어서 와
MSG:4:222	0216BB	MSG:0:222	ac12a8110a84851510bc1f153f00	So then,\nanything{D}\nhappen?	어때\n뭔가 있었어?
MSG:4:223	0216C9	MSG:0:223	8b9d8b9d00	Hm!	흠흠
MSG:4:224	0216CE	MSG:0:224	02db1101bb850a01471101461500	Is\nthat?	빨간 구슬에\n파란 돌이라
MSG:4:225	0216DC	MSG:0:225	841584150a951a1e12a88400	Magic-\nite?{D}\nSeems\nnice.	꽤\n좋아 보이는데
MSG:4:226	0216E8	MSG:0:226	93bc83e9c0c0c1d2e0830a0197b09892888501c402be130a1e12a8958400	You have\nfinally\ncome{D}\nacross a\nrare item\ntreasure!	드디어 레어 아이템이라고\n부를 만한 걸 만날\n것 같아
MSG:4:227	021706	MSG:0:227	8b3c903d3d3d0a01a802d78502bebc1f8316890a0404c5dfe67b7b0400ab0d0a81160243831a991f831685890a0404f45bd5cf3b0400849da800	We met\n<04>Camillas\nDad<00> first.{D}\nBut it\nwas <04>Janita<00>\nat the inn{D}\ninstead.	흐음…\n처음 만났을 때는\n<04>카미라 아빠<00>였고{D}\n떠밀렸을 때는\n<04>자니타<00>였단 말이지
MSG:4:228	021740	MSG:0:228	8ebc210f111115210ac0c1d2e0119a119a10981b00	What! How isthat? So{D}\nmany items!	뭐!됐어!\n아이템이 잔뜩 있으니까
MSG:4:229	021755	MSG:0:229	01f6026a16840404c0d3e60400890a0606063d060606063d060606063d060606063d060606063d0a11841100	He is\ngone...{D}\nMy dear\nfriend{D}\n<04>Atla<00>...	사랑하는 <04>아트라<00>는\n{6:06}{6:3D}{6:06}{6:06}·{6:06}{6:06}·{6:06}{6:06}·{6:06}{6:06}·\n이제 없다
MSG:4:230	021781	MSG:0:230	3d06063d06063d06063d06063d06060d0af2e1ed210f0f00	.{6:06}.{6:06}.{6:06}.{6:06}.{D}\n	·{6:06}·{6:06}·{6:06}·{6:06}·{6:06}{D}\n미안!
MSG:4:231	021799	MSG:0:231	108e9785014802d89e0a169911a8bc1f15960d0a849da89a128301afbc1f960a9b189b159d841784bc82168200	Sorry! The\ncrystal was{D}\nso pretty,\nI wondered{D}\nwhat it\nwas. No{D}\nclue why.	수정이 너무\n예뻐서{D}\n뭘까 하고 생각했더니\n머리가 이상해져 버렸어
MSG:4:232	0217C6	MSG:0:232	1a822c10938ebc1f1b0d0a01b789027297034a8e9982988316850a1ca211c1e13bf49c015c1f9da800	That was a\nmistake. I{D}\nsaw an\nincredible{D}\nimage as I\nwas{D}\npossessed.	자,사과는 했으니까{D}\n실은 사로잡혀 있을 때\n굉장한 걸 봤어
MSG:4:233	0217EF	MSG:0:233	1088014802d8880140014f8801fb850ac4e90282880140968411c0c1d2e00a9e11bcb21110bc1f9da800	The mind\nof the\ncrystal had{D}\nmany items\nI had not\nseen!	그 수정의 지식 속에\n우리가 모르는 아이템이\n잔뜩 있었어
MSG:4:234	021819	MSG:0:234	1088f8edf45ded8801fb850af627cfc18510989da800	Those are\ndefinitely{D}\nin that\ndungeon!	저 던전 안에\n틀림없이 있어
MSG:4:235	02182F	MSG:0:235	849da815014096841118ac0a01ef01fe9e1a9e1b821fa700	Not sure\nbut they{D}\nseek the\nmayor.	뭔지 모르겠지만\n촌장이 찾던데
MSG:4:236	021847	MSG:0:236	838497880404e6ccc70400a818ac0a5fea5fea88025902549c84141b82980a8f1f11a88400	Seems <04>Rask<00> to\nthe left is\nfixing up{D}\nan old\nmachine.	옆집 <04>라스크<00> 말인데\n낡아 빠진 기계를 고치는\n모양이야
MSG:4:237	02186C	MSG:0:237	c4c1e8ab928699ad0a111188858400	Oil wouldhelp.	기름이라도 바르면\n될 텐데
MSG:4:238	02187B	MSG:0:238	838497880404e6ccc70400a818ac0a8e1f022d88c53bfc9c01f81b8211980a8f1f11a800	<04>Rask<00> to the\nleft seeks\na different{D}\nCard.	옆집 <04>라스크<00> 말인데\n또 다른 카드를 찾는\n모양이야
MSG:4:239	02189F	MSG:0:239	849dab922cc0c1d2e09c0a01b5022a8802528c01e89819839e0aab1698961b1100	Seems\nlike no\nmatter{D}\nwhere,it\ncan send\nitems\nhome.	뭐든지 아이템을\n자기 집으로 보낼 수\n있대
MSG:4:240	0218C0	MSG:0:240	04040b04009e01b3bc820a025abc82161fc0c1d2e09c015c820a8f9d849e2c14ac9a1182989500	<04>{B}<00>,\neveryone is\nsurprised{D}\nto see the\nitems you\nbring back.	<04>{B}<00>,네가 가지고\n돌아온 아이템을 보고\n다들 놀라고 있어
MSG:4:241	0218E7	MSG:0:241	91a5961b1188832c5eede78488ab0a8f9d848801de018492022e9bbc82161e12a800	They are rare\nand useful,so{D}\nit changed\nthe way of life.	신기하고 편리하니까\n다들 생활도 바뀌겠어
MSG:4:242	021909	MSG:0:242	ac9dac9dc0c1d2e09c021599ad0ac4e9028288023a01e292021599821798a700	At this\nrate,we{D}\nneed to\nmarket our{D}\nnames,too.	아이템을 척척 팔면\n우리 이름도 알려질 거야
MSG:4:243	021929	MSG:0:243	ac9dac9dc0c1d2e09c021599ad0a01f6015f01b3801a00	If we keep\nselling,we{D}\nwill be rich!	아이템을 척척 팔면\n큰 부자야
MSG:4:244	021940	MSG:0:244	01a3020588f8edf45ded3d3d3d0a109989023901958501ed118211983d3d3d00	The next\ndungeon...{D}\nwill go on\nforever...	이번 던전은…\n끝없이 이어져 있어…
MSG:4:245	021960	MSG:0:245	03129b979e0239113d3d3d0a1e9d84d5c4c19e1c9800	It seems...\nendless.	끝이 없어…\n그런 냄새가 나
MSG:4:246	021976	MSG:0:246	1e99a4bd100a019ebc828f95121500	Well,whynot take{D}a look?	그럼\n가 볼까
MSG:4:247	021985	MSG:0:247	8c3c0a1997bd11119300	! This\nis all?	헤에~\n이거 좋은데
MSG:4:248	02198F	MSG:0:248	023602088501c201768801fb9e0af8edf45ded1e8892880a8584bc82989da800	The\ninside of\nthe inn{D}\nreally IS\na dungeon!	정말로 여관 안이\n던전 그 자체가\n돼 버렸어
MSG:4:249	0219AF	MSG:0:249	a4bd101f889da8950a04040b04002100	It is up\nto you,{D}\n<04>{B}<00>!	그럼 부탁해\n<04>{B}<00>!
MSG:4:250	0219BF	MSG:0:250	c4e9892c01ef8801fb9c017dbc820a0279029a9c02759183179500	I will\ngather{D}\ninfo around\nthe village.	난 마을을 돌면서\n정보를 모아 둘게
MSG:4:251	0219DA	MSG:0:251	ac121b1f3f0d0aa811a4bf12afa8bc82210a849d83158498bc822100	What? Are\nyou OK?{D}\nSomething\nhappen?	왜 그래?{D}\n괜찮다니까!\n어떻게든 될 거야!
MSG:4:252	0219F6	MSG:0:252	951b951b0a9e9dadbc8217999500	OK,then!{D}\nDo your\nbest!	좋아좋아\n힘내라고
MSG:4:253	021A04	MSG:0:253	14112ca811a4bf12af153f00	Hey,you\nall right?	이봐,괜찮아?
MSG:4:254	021A10	MSG:0:254	025b9c0271bc1f960a19198c02f0ad1a991fbc823f00	You fainted\nand ended{D}\nup here?	정신을 잃었더니\n여기로 날아왔다고?
MSG:4:255	021A26	MSG:0:255	ac1284bc829da83f00	What\nhappened?	어떻게 된 거야?
MSG:4:256	021A2F	MSG:0:256	3d3d3d3d8ebc1111150aa811a4bf12af1e12a81b8400	...Well.{D}\nAt least\nyou are OK.	……뭐,됐어\n괜찮아 보이니까
MSG:4:257	021A45	MSG:0:257	1e99ab11119288890a10bc1f88153f00	So,did\nyou{D}\nfind any-thing?	그래서 좋은 건\n있었어?
MSG:4:258	021A55	MSG:0:258	84210f849da8bc82213f0a01b38002299e841784bc8298a8bc822100	What!\nReally!? Your{D}\nitems are\ngone!	뭐!뭐라고!?\n소지품이 없어졌다고!
MSG:4:259	021A71	MSG:0:259	849d8219bc1f0aac1297ab2ca811a4bf12af849da800	What the\nhey? At least{D}\nyou are OK!	이런 세상에\n그래서 멀쩡했구나
MSG:4:260	021A87	MSG:0:260	04040b04002c819f890a849d83151b8201b5011dab0f0d0a025abc8217989da89500	<04>{B}<00>.{D}\nNext time,\ntry to{D}\nget back\non your\nown.	<04>{B}<00>,다음엔\n어떻게든 혼자 힘으로{D}\n돌아오라고
MSG:4:261	021AA9	MSG:0:261	1e12a4bd8411833d3d00	Counting{D}\non you!	안 그러면…
MSG:4:262	021AB3	MSG:0:262	1f889da89500	Bye!	부탁해
MSG:4:263	021AB9	MSG:0:263	199d85808900	Hello.	안녕하세요
MSG:4:264	021ABF	MSG:0:264	01b789cfedcc88121b9a850aa811a484e4feeb9e024380820a1b8ebc1f88ab1c00	I dropped myimportant\nring.	실은 옷장 뒤에\n소중한 반지를 떨어뜨리고\n말았어요
MSG:4:265	021AE0	MSG:0:265	8485152c1111c0c1d2e0890a84119288ab1bbf12153f00	Would you\nhappen to{D}\nhave any\ngood items?	뭔가 좋은 아이템은\n없을까요?
MSG:4:266	021AF7	MSG:0:266	1988c0c1d2e0ab890a0272991e128510978e1d9d8700	Seems this\nitem can{D}\nnot be\ntaken.	이 아이템으로는\n못 꺼낼 것 같네요
MSG:4:267	021B0D	MSG:0:267	102c1999892100	This!	아,이건!
MSG:4:268	021B14	MSG:0:268	10979e8312a2a3118e1c0a93bc8302729819839eab168e1b1f00	Thank you\nmuch. Now{D}\nit could be\ntaken.	고맙습니다\n드디어 꺼낼 수 있었어요
MSG:4:269	021B2E	MSG:0:269	1a1a9315ab1c9e0a1403729c121883bc8217a81a1100	It is not\nmuch but{D}\nhave this\nas thanks.	약소하지만\n답례를 받아 주세요
MSG:4:270	021B44	MSG:0:270	11933c0f109915960a171d8584bc821b8ebc823d3d00	No,from\nthere. It{D}\nbecame a\nhabit...	아니~ 그 뒤로\n버릇이 돼 버려서…
MSG:4:271	021B5A	MSG:0:271	84158415111101efab1c0a1999159692bc8301f616170a84971e12ab1c8700	This nice\nvillage\nwill keep{D}\ngrowing.	꽤 좋은 마을이에요\n앞으로 더 커질\n것 같네요
MSG:4:272	021B79	MSG:0:272	83199aab2c1988c53bfc890a01a801a0ab1c00	By the\nway,Doom{D}\nCard is\ngreat!	그런데 이 카드는\n최고예요
MSG:4:273	021B8C	MSG:0:273	3202af15962c3102af8c159d1f9d850a14979819839eab169888ab1c159600	Using it\nyou can{D}\neasily go\nfrom 2F to{D}\n1F!	2층에서 1층으로 간단히\n내려갈 수 있으니까요
MSG:4:274	021BAB	MSG:0:274	ab922c01a802d7853202af85118411830a01fa023b859197199dab1b8e118e1c00	But if\nyou are not on{D}\n2F you\nend up in{D}\nthe ground!	하지만 처음에 2층에 없으면\n땅에 파묻혀 버려요
MSG:4:275	021BCC	MSG:0:275	198801ef8591a5961b11c0c1d2e09e0a0215969982119883032411820a8abc191b82168e1b1f8800	I heard\nthere were\nrare items{D}\nso I moved\nhere!	이 마을에서 신기한 아이템을\n판다고 들어서\n이사 왔어요
MSG:4:276	021BF4	MSG:0:276	108801ae852c16161e12840ac0c1d2e09e015c811599ad111188ab1c9e00	I want\nto find an{D}\nitem to help\nmy child.	우리 아이에게 들을 만한\n아이템을 찾으면 좋겠는데요
MSG:4:277	021C12	MSG:0:277	1988fce9c1ed880236ab0a198801ae858015969c0a9b188217a81a1100	Use the\nDrain\nbook to{D}\ngive\npower to\nmy{D}\nchild.	이 드레인 책으로\n이 아이에게 힘을\n나눠 주세요
MSG:4:278	021C2F	MSG:0:278	108301ca1bab0265025b850a849888ab1c00	They are\nnearly{D}\nbetter.	조금만 더 있으면\n기운을 차릴 거예요
MSG:4:279	021C41	MSG:0:279	10b73d3d3d00	Ah...	아아…
MSG:4:280	021C47	MSG:0:280	0265025b840249853d3d00	Better!	혈색이 돌아와요…
MSG:4:281	021C52	MSG:0:281	10979e8312a2a3118e1c00	Thank you.	고맙습니다
MSG:4:282	021C5D	MSG:0:282	ac121403729c1b82111188939600	How can I{D}\nrepay you?	뭐라고 감사드려야 할지
MSG:4:283	021C6B	MSG:0:283	108801aebc1f960a0144abd33bfc8584bc820a023d9dab11989dab1c00	My\nchild\nbecame a{D}\ntoad to\nplay in a\nfountain.	우리 애가 글쎄\n샘에서 두꺼비가 돼서\n놀고 있지 뭐예요
MSG:4:284	021C88	MSG:0:284	140338ab2c023dae1f1184b700	I want{D}\nto go play.	밖에서 놀고 싶다~
MSG:4:285	021C95	MSG:0:285	14034380bd9d890a022101af025c84c0c1d2e09e02438082980af8edf45ded8c023dae85111788ab1bbf3f00	Maybe my\nbrother went\nto check the{D}\ndungeon with\nthe mysterious\nitems?	오빠는\n신기한 아이템이 떨어져 있는\n던전에 놀러 가는 거지?
MSG:4:286	021CC1	MSG:0:286	101f1b92019e161f1184b700	I want{D}\nto go!	나도 가고 싶다~
MSG:4:287	021CCD	MSG:0:287	9bb7110a14034380bd9d10979e831200	Wah!{D}\nThanks,\nbrother!	와아\n오빠 고마워
MSG:4:288	021CDD	MSG:0:288	1415101a9d9e870a109d8e97d33bfc8584bc82023daf84bc8200	Mom said less\nplaying as a{D}\ntoad in\nfountains.	엄마가 말이야\n두꺼비가 돼서 너무 놀지 말래
MSG:4:289	021CF7	MSG:0:289	15849701f6168401ef850a84bc1f9b8700	This\nvillage{D}\nwill\nkeep{D}\ngrowing.	꽤 큰 마을이\n됐네요
MSG:4:290	021D08	MSG:0:290	8ea88ea80a159b989b8700	I willknow{D}\nsome\nday.	아직도\n변할 거예요
MSG:4:291	021D13	MSG:0:291	8ea82c159b9883199a9e0a10989b9500	I am\ncloser to{D}\nknowing!	아직 변할 곳이\n있어요
MSG:4:292	021D23	MSG:0:292	921201ca1b8485150a159b989b9500	Soon,\nI will{D}\nunder-\nstand!	조금 더 뭔가\n변할 거예요
MSG:4:293	021D32	MSG:0:293	1ca2119b0a1cad961b1101ef8700	The\nvillage{D}\nis\ngreat,no?	굉장해요\n멋진 마을이네요
MSG:4:294	021D40	MSG:0:294	0181152c018f1f808502bebc1f88890a1919a8bc1f8400	This is\nwhere we{D}\nmet,yes?	분명,자네들을 만난 게\n여기였지
MSG:4:295	021D57	MSG:0:295	0404c0d3e60400018f890a023901b1a89a12153d3d3d00	Will <04>Atla<00>\nbe OK...?	<04>아트라<00> 군은\n무사할까…
MSG:4:296	021D6E	MSG:0:296	9b1f1b892c198802909c0a92bc8301f616171b820d0a198801ef9c941f15850a1b1f1188a89500	I want to\nexpand thefield for\nour{D}\nvillage!	나는 이 밭을\n더 넓혀서{D}\n이 마을을 풍요롭게\n만들고 싶다네
MSG:4:297	021D95	MSG:0:297	c5c5cb9e841784bc821b8ebc1f00	A scarecrow\nis missing.	허수아비가 없어져 버렸어
MSG:4:298	021DA3	MSG:0:298	028392027297034a8e998211841188850af8edf45ded892c1e198510980d0aac121b828488153d3d3d00	Nobody is\npossessed\nbut a{D}\ndungeon is\nstill over\nthere...	아무도 사로잡히지 않았는데\n던전은 저기 있어{D}\n어째서일까…
MSG:4:299	021DCD	MSG:0:299	f8edf45ded890283158802fa036a9c9283850a1e1985026c9e980d0aab892c02838802fa036a8488153d3d00	Dungeons are\nbased on{D}\ndesires,but\nI wonder{D}\nwhose desires\nthese are?	던전은 누군가의 욕망을\n바탕으로 펼쳐지지{D}\n그럼 누구의 욕망일까…
MSG:4:300	021DF9	MSG:0:300	c15eedd39c015c8e1c153f0c00	See event?¶	SEE EVENT?¶
MSG:4:301	021E06	MSG:0:301	849d93879d840a8ea893bc8200	I am\ndoing{D}\nsome\nthing.	WAIT\nNOT DONE YET
MSG:4:302	021E13	MSG:0:302	ac999c11a4989d933f0c00	Which one?¶	WHICH ONE?¶
MSG:4:303	021E1E	MSG:0:303	1811a3118916be12dbe6f00f0acbd4e7c4dbe6f00f0f121303570ac3c0ea8802360f0f0f0f839101b00affe7edc788c53bfc0f153c01100a9b16014888c53bfc0f0fad1803350ae2d5cf3b1a9dc6edcb0f0f02320acaedf83b8802360f0f0f0f0f0f0a93919300	Shop flag\nScenario flag\nAero Book\nBlink Card\nSpring Card\nMonitor\nThunder Book\nExit	SHOP FLAG\nSCENARIO FLAG\nAERO BOOK\nBLINK CARD\nSPRING CARD\nMONITOR OFF\nTHUNDER BOOK\nEXIT
MSG:4:304	021E85	MSG:0:304	3030300a3130300a3135300a3230300a3235300a3330300a93919300	000\n100\n150\n200\n250\n300\nEnd	000\n100\n150\n200\n250\n300\nEXIT
MSG:4:305	021EA1	MSG:0:305	1a111bbf0afce810830aa811329b0aa811339b0a93919300	Start\nChip\nPart 2\nPart 3\nEnd	START\nCHIP AFTER\nPART 2\nPART 3\nEXIT
MSG:4:306	021EB9	MSG:0:306	30300a31300a32300a33300a34300a35300a93919300	00\n10\n20\n30\n40\n50\nEnd	00\n10\n20\n30\n40\n50\nEXIT
MSG:4:307	021ECF	MSG:0:307	30300a33300a35300a37300a93919300	00\n30\n50\n70\nEnd	00\n30\n50\n70\nEXIT
MSG:4:308	021EDF	MSG:0:308	e2d5cf3b1a9d8981159b8411ab0c00	Do not use¶	NO MONITOR¶
MSG:4:309	021EEE	MSG:0:309	0f30300a0f31300a0f32300a0f33300a0f34300a0f35300a0f36300a0f37300a0f38300a0f39300a3130300a93919300	00\n10\n20\n30\n40\n50\n60\n70\n80\n90\n100\nEnd	 00\n 10\n 20\n 30\n 40\n 50\n 60\n 70\n 80\n 90\n100\nEXIT
MSG:4:310	021F1E	MSG:0:310	9512191e210a191297bd17887fc1edd3892c023693d1e12cc7e69c0a035701ba85033282981983ab1c0ae0e79c1b8281bc198ea585d2e97fc53bfcab01ef8c0a025abc824c569c10a18e1bbf120a0f0f0f0f0f0f0f159d1bbe120f01fb01ef02cc024d0f959700	Welcome! It is\neffective to make\nsure you raise\nBooks,Talons,{100}\nSaddles. Increase\nyour level without{D}\noverdoing it by\nusing Teleport\nCards to return to\nthe village.\n-Director Nakamura\nKouichi	환영합니다!\n공략 포인트는 책,발톱,안장을\n잘 키우는 것입니다\n무리하게 파고들지 말고 텔레포 카드로\n마을에 돌아와 LV를 올립시다\n    감수 나카무라 코이치
MSG:5:0	02826E	MSG:0:0	0402cd3bff04001b8e1c153f0c00	<02>Save<00>?¶	<02>세이브<00>할까요?¶
MSG:5:1	02827C	MSG:0:1	0402cd3bff040001fbab1c0a0402e1e2e73bc53bfc04009c0a0292158411ab17a81a110c00	<02>Saving<00>...\nDo not touch the\n<02>Memory Card<00>¶	<02>세이브<00> 중입니다\n<02>메모리 카드<00>를\n빼지 마세요¶
MSG:5:2	0282A1	MSG:0:2	01c501b3015f0f0706efe80c00	GP{7:06}Gil¶	소지금 {7:06}길¶
MSG:5:3	0282AE	MSG:0:3	0f0402cd3bff0400850271028d1b8e1b1f00	<02>Save<00> failed.	 <02>세이브<00>에 실패했습니다
MSG:5:4	0282C0	MSG:0:4	0402e1e2e73bc53bfc04009e0a1a1abc82118e1d9d00	There is no\n<02>Memory\nCard<00>.	<02>메모리 카드<00>가\n꽂혀 있지 않습니다
MSG:5:5	0282D6	MSG:0:5	0f890f110a0f11111300	Yes\nNo	 예\n 아니오
MSG:5:6	0282E0	MSG:0:6	ac8802af8c019f978e1c153f0c00	Floor?¶	몇 층으로 내려갈까요?¶
MSG:5:7	0282EE	MSG:0:7	d3e6277da885bf3c9d070000	A trap!{7:00}	함정이지롱~{7:00}
MSG:5:8	0282FA	MSG:0:8	0f0f0f158eac0f0f0f0c00	Furnace¶	   용광로   ¶
MSG:5:9	028305	MSG:0:9	e7cac1c7e85f27c7cc0c00	Recycle¶	리사이클 박스¶
MSG:5:10	028310	MSG:0:10	118080800a199dac89849da83c00	Whooa<\n{D}What\nhappened?	아야야야\n이번엔 또 뭐야~
MSG:5:11	02831E	MSG:0:11	849da82c01c201768801e215950d0a9d3f0a01c201768801e2a8bc823f00	Wah!{D}\nIn front\nof the inn?{D}\nWhy?	뭐야,여관 앞이잖아{D}\n응?\n여관 앞이라고?
MSG:5:12	02833C	MSG:0:12	8eb72ca88e1a99808ebc1f929d890a1bbf129e84111500	Nothing we\ncan do about{D}\nbeing\ntricked.	뭐,속아 넘어간 건\n어쩔 수 없지
MSG:5:13	028353	MSG:0:13	ac12939610880217ebe6023301ae880ad05dc95f9e1988f8edf45ded880ad6cb961b118400	The straw\nhat chocobo\nseems to be{D}\nthe keeper\nof the\ndungeon.	아무래도 저 밀짚모자 쓴\n초코보가 이 던전의\n주인인 것 같아
MSG:5:14	028378	MSG:0:14	1e9d84191fb719881a110aac12ab92111100	We best\nmove on.	그런 건 이제 와서\n아무래도 좋아
MSG:5:15	02838A	MSG:0:15	9512892c1088f8edf45ded880a01fb8589e9c084c0c1d2e09e0aacbc80bd97109815921b999d0abc821983a89500	The main\nthing is,\nthere is\nprobably{D}\ntreasure\ninside that\ndungeon...	요컨대,저 던전\n안에는 레어 아이템이\n잔뜩 있을지도 모른다\n이거지
MSG:5:16	0283B8	MSG:0:16	1e99a4bd2cc4e98901c0911e12840a83199a9c01f81b82179815961a0d0a04040b040089f8edf45ded850a019f978211178885021e02408401e6010c0a9c01dc139a950d0a1e99a4bdb78700	Anyway,\nwhile I\nfind us a{D}\nplace to\nstay,you\nshould{D}\nprepare to\nexplore,\n<04>{B}<00>!	그럼,난 살 만한 곳을\n찾아볼 테니까{D}\n<04>{B}<00>,넌 던전에\n내려갈 준비를 해 둬{D}\n그럼 나중에 봐
MSG:5:17	028404	MSG:0:17	93b70a1196bc1bbd1100	Hello,\nthere!	여어\n어서 와
MSG:5:18	02840E	MSG:0:18	026e027c01768c9512191e0a84859c026e027c1b8e1bbf1200	Welcome\nto my{D}\nForge.\nWant to\nfuse?	합성소에 잘 왔어\n뭘 합성할까?
MSG:5:19	028427	MSG:0:19	018fa8873f0d0a1abc16881ca2170a0265025b84e23bf0e7880a02a20282bc82888900	You\nfriends\nwith{D}\nthe hypermoogle\nfrom{D}\nbefore?	너구나?{D}\n아까 그 엄청\n활기찬 모그리의\n친구라는 게
MSG:5:20	02844A	MSG:0:20	0265025b84e23bf0e784960a01ef01fe8802528c019ebc1f950d0a102c1e121e120d0a1e881280022e9bbc1f0a01c802159c1c9815960d0a1e888316850a0241821799958400	That\nenergetic{D}\nmoogle\nwent to{D}\nsee the\nmayor.{D}\nMy shop\nopens soon{D}so please\ncome by{D}\nthen!	활기찬 모그리라면\n촌장님 댁에 갔어{D}\n아,맞다 맞다{D}\n조만간 색다른\n장사를 시작할 테니까{D}\n그때\n와 줘
MSG:5:21	028490	MSG:0:21	01ef01fe88025215113f0d0a5fc78819880252881ca00a01a5880252a8950d0a1e19880404db2627c704001a9d9e0a198801ef8801ef01fe1a00	The mayor?{D}\nGo left\nfrom here!{D}\nThe villagemayor,{D}\n<04>Fawkes<00>\nis there.	촌장님 댁 말이야?{D}\n우리 집 바로\n왼쪽 집이야{D}\n거기 <04>포크<00> 씨가\n이 마을 촌장이지
MSG:5:22	0284CA	MSG:0:22	8ea81988025902549e0a020a1584119da800	My\nmachine{D}\nis not\nrunning.	아직 이 기계가\n안 움직여
MSG:5:23	0284DC	MSG:0:23	1988025902541ca0850acafe821b8e129da80d0a8485151111c0c1d2e09e0a84111584b700	My machine\nis rusty.{D}\nIf there\nwas an{D}\nitem to\nhelp...	이 기계는 금방\n녹이 슬어 버려{D}\n뭔가 좋은 아이템\n없으려나
MSG:5:24	028501	MSG:0:24	101010102c100a1e1e2c1e88c53bfc890a84842c849da8113f00	Ahhhh,\nthat!{D}\nThat\ncard! Whatis that?	아아아아,아\n그그,그 카드는\n뭐,뭐야?
MSG:5:25	02851B	MSG:0:25	024c12950a1999a4bd841100	Not\nthis.	아니야\n이게 아니야
MSG:5:26	028527	MSG:0:26	1414210a1999892100	Ah,\nthis!	오오!\n이건!
MSG:5:27	028530	MSG:0:27	93bcb2971e12a80a1999a82100	This\nwill{D}\ndo it!	역시 그렇군\n이거야!
MSG:5:28	02853D	MSG:0:28	018f210a1ca2119519992100	You!\nAmazing!	너!\n이거 굉장해!
MSG:5:29	028549	MSG:0:29	10bc210af2e1ed00	Ah!	앗!\n미안
MSG:5:30	028551	MSG:0:30	c53bfc2c15bc82850a0153bc80bdbc1f9500	Sorry!{D}\nI ended\nup{D}\nusing thecard.	카드,멋대로\n써 버렸어
MSG:5:31	028563	MSG:0:31	ab922c025902549e020a111f15960a03401b821799958400	But now,\nit runs!{D}\nForgive\nme!	그래도 기계가 움직였으니\n용서해 줘
MSG:5:32	02857B	MSG:0:32	1e88159b97850a31017da818ca3bfecc1c98159600	As an\napology{D}\nuse it\nonce,free.	그 대신\n1번은 공짜로 해 줄게
MSG:5:33	028590	MSG:0:33	102c19880259025488031a012a9c0a1b828415bc1f958400	Ah,I\nnever{D}\nexplained\nit...	아,이 기계 설명을\n안 했지
MSG:5:34	0285A8	MSG:0:34	1e122c198802590254191e9e0ac7eb83c7eb9c01a4a6820a02b51b11c7eb851c9802590254a800	This\nmachine can\nfuse{D}\ntogether\ntwo of\nyour tools.	그래,이 기계야말로\n도구와 도구를 섞어서\n새 도구로 만드는 기계야
MSG:5:35	0285CF	MSG:0:35	133f0a95179b159684113f00	Eh?\nTell you{D}\nmore?	응?\n잘 모르겠다고?
MSG:5:36	0285DB	MSG:0:36	133c832c0339035f8502661283a88400	How to say...	음~ 간단히 말하자면
MSG:5:37	0285EB	MSG:0:37	1e88018f8801b3bc821198d1e10a1e122cd1e19c328111991f960a02b51b11d1e18501de8e99022e9b9800	Those\nTalons you\nhold. Put{D}\ntwo of\nthem in to\ncreate a{D}\nnew one.	네가 가진 그 발톱\n그래,발톱을 2개 넣으면\n새 발톱으로 다시 태어나지
MSG:5:38	028616	MSG:0:38	1e88018f8801b3bc821198c7e60a1e122cc7e69c328111991f960a02b51b11c7e68501de8e99022e9b9800	Those\nSaddles you\nhold. Put{D}\ntwo of\nthem in to\ncreate a{D}\nnew one.	네가 가진 그 안장\n그래,안장을 2개 넣으면\n새 안장으로 다시 태어나지
MSG:5:39	028641	MSG:0:39	01e6010cab169892889c328111991f960a02b51b11e2d88501de8e99022e9b989da800	Put two\nequippable{D}\nitems in to\nmake a new\none.	장비품을 2개 넣으면\n새 물건으로 다시 태어나지
MSG:5:40	028664	MSG:0:40	3d3dd1e13f0a018f2c1e88d1e189ac19ab0a01ba850210991f9da83f00	...\nTalons?\nWhere did{D}\nyou find\nthose\nTalons?	…발톱?\n너,그 발톱은 어디서\n손에 넣은 거야?
MSG:5:41	028681	MSG:0:41	3d3dc7e63f0a018f2c1e88c7e689ac19ab0a01ba850210991f9da83f00	...\nSaddle?\nWhere did{D}\nyou find\nthose\nTalons?	…안장?\n너,그 안장은 어디서\n손에 넣은 거야?
MSG:5:42	02869E	MSG:0:42	1e121113ad2c018f0a1e99892c849da8113f0aac19ab01ba850210991f9da83f00	Speaking\nof which\nwhat is{D}\nthat?Where\nis it\nfrom?	그러고 보니,너\n그건 뭐야?\n어디서 손에 넣었어?
MSG:5:43	0286BF	MSG:0:43	1e9989dadfd13f00	Secret?	그건 비밀?
MSG:5:44	0286C7	MSG:0:44	025b858498a4bd8411150a025f138217999500	Curious!\nTell me!	궁금하잖아\n알려 줘
MSG:5:45	0286DA	MSG:0:45	f8e13f00	No?	안 돼?
MSG:5:46	0286DE	MSG:0:46	123c9d0a025b858498a73c00	Hm...{D}\nHow\nodd.	으음~\n궁금하다~
MSG:5:47	0286EA	MSG:0:47	849da8bc823f0af8edf45deda8bc823f00	What?\nA dungeon?	뭐라고?\n던전이라고?
MSG:5:48	0286FB	MSG:0:48	123c9d0a0404c5dfe67b7b04001a9d92027b0364a818ac0af8edf45ded92025b85849884b700	I worry for\n<04>Camillas Dad<00>\nbut also{D}\nthe dungeon\n...	으음~\n<04>카미라 아빠<00>도 걱정이지만\n던전도 궁금하네
MSG:5:49	028721	MSG:0:49	31017dca3bfecc1c98bc820a036f035ba8bc1f8700	You were\npromised{D}\none free\ntry.	1번 공짜로 해 주기로\n약속했었지
MSG:5:50	028736	MSG:0:50	1988070081ab111115113f0f0c00	{7:00}	이거 {7:00}개면 될까?¶
MSG:5:51	028744	MSG:0:51	0700efe80a021e0240a818ac111115843f0f0f0c00	{7:00}	{7:00}길\n필요한데 괜찮겠어?¶
MSG:5:52	028759	MSG:0:52	01a802c92c8e1001fd01ae9e024a119da80a1088c53bfc88019a1601289e0a841784bc82161f8815843f00	Lately it\nhas not\nworked.{D}\nPerhaps the\nCard has\nworn off?	요즘 또 상태가 안 좋아\n그 카드의 효과가\n다 떨어졌나?
MSG:5:53	028784	MSG:0:53	1ab72cac9dac9d0241821799950a92bc8314015f9c02e691820d0a0404cad5c004009c19198c01979dab0a11bc1bbf850369961c9da800	You keep\ncoming{D}\nback! After\nsaving more{D}\nmoney,I\nwill ask{D}\n<04>Sania<00> to\nlive here.	자,계속 찾아와 줘\n돈을 더 모아서{D}\n<04>사니아<00>를 여기로 불러\n함께 살 거야
MSG:5:54	0287BB	MSG:0:54	93bc832c0404cad5c004009e02418217991f950a19991596922c1988140287ab0a026e027c1b8217999500	<04>Sania<00> is\nfinally here!\nKeep fusing{D}\nhere from\nnow on!	드디어 <04>사니아<00>가 와 줬어\n앞으로도 이 가게에서\n합성해 줘
MSG:5:55	0287E6	MSG:0:55	89a4918e1b820a0404cad5c004008311118e1c00	Hello!{D}\nI am\n<04>Sania<00>.	처음 뵙겠습니다\n<04>사니아<00>라고 해요
MSG:5:56	0287FA	MSG:0:56	1181920404e6ccc704009e0a141d9b8584bc828e1c00	<04>Rask<00> is\nalways{D}\nhelping\nme.	늘 <04>라스크<00>가\n신세 지고 있어요
MSG:5:57	028810	MSG:0:57	9b1f1b929e9dad978e1c15960a10841f922c9e9dadbc8217a81a118700	I am doing\nmy best,so{D}\nyou do the\nsame!	저도 열심히 할 테니\n당신도 힘내세요
MSG:5:58	02882D	MSG:0:58	ac121c983f0a328188026e027c15113f0a1e9983922c338115113f0c00	So,want\nto fuse 2?\nOr 3?¶	어떻게 할래?\n2개 합성?\n아니면 3개?¶
MSG:5:59	02884A	MSG:0:59	3281880a3381880a939182141700	2\n3\nQuit	2개\n3개\n그만둔다
MSG:5:60	028858	MSG:0:60	14933f0a1e88c53bfc89849da83f0a80bfbc83015c1d8217999500	Oh? What\nis that\ncard?{D}\nCould I\nsee?	어라?\n그 카드는 뭐야?\n잠깐 보여 줘
MSG:5:61	028873	MSG:0:61	192c1999892100	What?	이,이건!
MSG:5:62	02887A	MSG:0:62	10210ff2e1ed0a8e1f93bc1f9500	Sorry!\nI did{D}\nit\nagain!	앗!미안\n또 저질렀어
MSG:5:63	028888	MSG:0:63	19999c10a19815960a03401b8217999500	Please\nforgive{D}\nme.\nHere.	이걸 줄 테니까\n용서해 줘
MSG:5:64	028899	MSG:0:64	81110154bc1f9da818ac0a1faf9d015313988301af1200	This was\nmade.{D}\nYou can\nuse it.	그냥 만들어 본 건데\n아마 쓸 만할 거야
MSG:5:65	0288B0	MSG:0:65	1faf9dc0c1d2e09c31810a01fa035788ac19158c010d9dab1799980d0a02a60202ab892c018f8802528c0a036dbc8217989500	This item\ncan return{D}\nan item to\nyour home.	아마 아이템을 1개\n지상 어딘가로 옮겨 줄 거야{D}\n예정대로라면 너희 집으로\n돌아올 거야
MSG:5:66	0288E3	MSG:0:66	ac121b1f3f0a8e1fd2e97f5f27c7cc9e119888153f00	What is\nit? Another{D}\nTeleport Box?	무슨 일이야?\n또 텔레포 박스가 필요해?
MSG:5:67	0288F9	MSG:0:67	89112c1999ab111100	Yes,\nhello.	자,이거면 됐어
MSG:5:68	028902	MSG:0:68	01b7892c025902549c0a7beb3bc0277d1b1f9da800	I powered\nthe{D}\nmachine.	실은,기계를\n파워업했어
MSG:5:69	028917	MSG:0:69	026e027c1c988316852ccfd79301b79c0a11bc1bbf8501a4a69819839eab16989da800	When fusing\nyou can also{D}\nadd a seed or\nnut.	합성할 때 씨앗이나 열매를\n같이 섞을 수 있게 됐어
MSG:5:70	02893A	MSG:0:70	0404c2c1f504009e0adaedd39c17991f9da800	<04>Wiz<00> gave\na hint.	<04>위즈<00>가\n힌트를 줬거든
MSG:5:71	02894D	MSG:0:71	026e027c1c9883168511bc1bbf8502109998830ad1e193c7e6882c0211011d9c026e01f3ab16980acfd79e1098961b1100	When fusing\nthere is a\nseed to{D}\ncombine abilitiesof Talons and\nSaddles.	합성할 때 같이 넣으면\n발톱이나 안장의 능력을\n합칠 수 있는 씨앗이\n있다나 봐
MSG:5:72	02897E	MSG:0:72	92bc83920211011d8932811b150a026e027cab16841118ac8400	At most\nup to 2{D}\nabilities\ncan fuse.	다만 능력은 2개까지만\n합성할 수 있지만
MSG:5:73	028998	MSG:0:73	015c81181f888496849dab920a1f911b828f989da88400	If you\nfind it,{D}\ntry it\nwith many{D}\nthings.	찾으면 뭐든지\n시험해 보라고
MSG:5:74	0289AF	MSG:0:74	01b78992121ca00252035c9e0a0280131e12848800	Seems my\nfamily{D}\nwill\ngrow soon.	실은 곧 가족이\n늘 것 같아요
MSG:5:75	0289C4	MSG:0:75	1bad9617af97870a01ae0341bc821ca08501f616178498889500	The children\nwill soon be{D}\nall grown\nup.	오랜만이에요\n아이들은 금방 자라네요
MSG:5:76	0289DE	MSG:0:76	0404c5c6c00400210d0a19bc808c0241820aa210111a811b841a1100	<04>Kakia<00>!{D}\nCome\nintroduce{D}\nyourself!	<04>카키아<00>!{D}\n이리 와서\n인사드리렴
MSG:5:77	0289FA	MSG:0:77	192c199d85808900	H...{D}\nhello.	아,안녕하세요
MSG:5:78	028A02	MSG:0:78	b0ba3c00	...	메롱~
MSG:5:79	028A06	MSG:0:79	1996210a0404c5c6c004008e80841a112100	Hey!{D}\n<04>Kakia<00>,\nwait!	요 녀석!\n<04>카키아<00>,거기 서!
MSG:5:80	028A18	MSG:0:80	923c210aa8998503511f88151b9600	Hmph!\nHe takes\nafter...	정말~!\n누굴 닮았담
MSG:5:81	028A27	MSG:0:81	c4e9153d3d00	Me...	나인가…
MSG:5:82	028A2D	MSG:0:82	01ae033282bc821f118c9d950aab921f881b119b00	It is\nhard,but{D}\nfun to\nraise{D}\nkids.	아이 키우기는 힘들어요\n그래도 즐거워요
MSG:5:83	028A42	MSG:0:83	8f9d84027715bc1f18ac0af8edf45ded89030fbc1f8400	Everyone\nis safe.{D}\nThe\ndungeon{D}\nstayed.	모두 무사했지만\n던전은 남았네
MSG:5:84	028A59	MSG:0:84	f8edf45ded9e109815960a1402879e01ed189699989da800	My store\nstays open{D}\nusing the\ndungeon.	던전이 있으니까\n가게를 계속할 수 있어
MSG:5:85	028A71	MSG:0:85	8f9d84023901b1ab0a9515bc1f9b00	Glad\nevery{D}\none\nis OK.	모두 무사해서\n다행이에요
MSG:5:86	028A80	MSG:0:86	f8edf45ded9e841784968417820a9515bc1f88152c9b9815bc1f88150d0a9b1f1b85892c9b159684119b00	I am not\nsure if it{D}\nis good or\nbad that the{D}\ndungeon\nstayed.	던전이 사라지지 않은 게\n잘된 건지,잘못된 건지{D}\n저는 모르겠어요
MSG:5:87	028AAB	MSG:0:87	f8edf45dedbc8284853f00	What is{D}\na dungeon?{D}\nIs it	던전이 뭐야?
MSG:5:88	028AB6	MSG:0:88	14921b9a11883f0c00	...cool?¶	재밌어?¶
MSG:5:89	028ABF	MSG:0:89	a4bd105fc7920a8911bc828f9500	I will\ntry to{D}\ngo in\ntoo!	그럼 나도\n들어가 볼래
MSG:5:90	028ACD	MSG:0:90	849da80a818e9d84118800	Oh!{D}\nIs it\nboring?	뭐야\n시시해
MSG:5:91	028AD8	MSG:0:91	3d3d3d3d00	...	……
MSG:5:92	028ADD	MSG:0:92	f8e1a8950a14015f92bc828416bd00	How{D}\nbad! I\nneed{D}\nmoney!	안 돼\n돈이 없으면
MSG:5:93	028AEC	MSG:0:93	5fc7892c027f02670176880a0404c2c1f50400bc821112881a00	I am <04>Wiz<00>!{D}\nI run the\nstorage.	나는 창고지기\n<04>위즈<00>라고 해
MSG:5:94	028B06	MSG:0:94	c6df9e0f0f0f0f0f0f0a04040b0400a8873f00	Are you\n<04>{B}<00>?	혹시 네가\n<04>{B}<00>?
MSG:5:95	028B19	MSG:0:95	1abc16e23bf0e7880a0404c0d3e604009e161f9500	A moogle,<04>Atla<00>,{D}\ncame by.	아까 모그리\n<04>아트라<00>가 왔었어
MSG:5:96	028B2E	MSG:0:96	1e881280851f171a9d0ac0c1d2e09c01b3bc820a179815960d0a027f02679c018e188311820a1799bc820266bc821f9500	He said\nsince he\nwill be{D}\nbringing\nitems\nsoon,he{D}\nwanted\nto rent a\nstoreroom.	조만간 아이템을\n잔뜩 가지고\n올 테니까{D}\n창고를 비워 달라고\n하더라고
MSG:5:97	028B5F	MSG:0:97	921b151b820af8edf45dedab920a015c81181f8815843f00	Maybe\nit is\nitems{D}\nfound in\ndungeons?	혹시\n던전이라도\n찾은 걸까?
MSG:5:98	028B77	MSG:0:98	14015f9e1f8ebc1f960a8e1f1411ab9500	You need\nmoney!	돈이 모이면\n또 와
MSG:5:99	028B88	MSG:0:99	1e121e122c5fc7890a027f0267017684881a0d0aac12a8112c027f02679c0a1597828f841115113f00	Right. I\nmanage{D}\nthe store-house.{D}\nNeed some\nstorage?	그래그래,나는\n창고지기야{D}\n어때,창고를\n빌려 보지 않을래?
MSG:5:100	028BB1	MSG:0:100	318188027f0267852c3130c90ac0c1d2e09e021098881a00	One\nstoreroom{D}\nholds 10\nitems.	창고 1개에 아이템이\n10개 들어가
MSG:5:101	028BC9	MSG:0:101	ac12a8112c027f026731810a0700efe81a0a15979815113f0c00	Rent one?\n{7:00}	어때,창고 1개\n{7:00}길이야\n빌릴래?¶
MSG:5:102	028BE3	MSG:0:102	021e02408584bc1f960a168217991f9611111a00	I will\nbe here{D}\nif you\nneed me.	필요해지면\n오면 돼
MSG:5:103	028BF7	MSG:0:103	8e11ac10973c00	Thanks!	매번 고마워~
MSG:5:104	028BFE	MSG:0:104	02f918980a02729701c41c0a93919800	Give\nTake\nEnd	맡긴다\n꺼낸다\n그만둔다
MSG:5:105	028C0E	MSG:0:105	0fc2c1f588027f02670f0c00	Storage¶	 위즈의 창고 ¶
MSG:5:106	028C1A	MSG:0:106	9212dbc7ea9e11bcb211a89500	Your bag is\nalready full.	이제 주머니가 가득 찼어
MSG:5:107	028C27	MSG:0:107	108e9790971b8411ab0a94bc17979399ad11111a00	Working\ntoo hard{D}\nis bad.\nRelax\nsome!	너무 무리하지 말고\n천천히 하면 돼
MSG:5:108	028C3C	MSG:0:108	fce8018f9e198801ef8802b51b1101c00149850a84bc1f881a00	<04>Chip<00> is new\nto living in{D}\nthe village.	도르가 이 마을의\n새 주민이 됐어
MSG:5:109	028C56	MSG:0:109	159b111101c001499e8b13820a12991b11159f971a00	Glad to\nsee more{D}\ncute new\nresidents!	귀여운 주민이 늘어서\n기쁘기 그지없어
MSG:5:110	028C6C	MSG:0:110	1e99851b82920404c5dfe67b7b0400890aa811a4bf12af848815b700	I really\nhope that{D}\n<04>Camillas Dad<00>\nis OK.	그나저나 <04>카미라 아빠<00>는\n괜찮은 걸까
MSG:5:111	028C88	MSG:0:111	0404c5dfe67b7b04009e0a027715bc1f8301afbc1f88850d0a199dac892c0404c0d3e604001500	Just after\n<04>Camillas{D}\nDad<00> was\nsaved,now{D}\n<04>Atla<00>...	<04>카미라 아빠<00>가\n살았다 싶었더니{D}\n이번엔 <04>아트라<00>인가
MSG:5:112	028CAF	MSG:0:112	102c1e9989029101d013a8870a029101d013932c140336881983890a0404c5dfe604009e179b1b11881a00	Ah,your\nPlant.\n<04>Camilla<00>{D}\nknows\nabout\nplant pots{D}\nand flowers.	아,그건 화분이구나\n화분이나 꽃에 대해선\n<04>카미라<00>가 잘 알아
MSG:5:113	028CDA	MSG:0:113	0404dfe804001a9d892c0404fce80400018f830a11bc1bbf8517961c9da8bc821a00	<04>Mill<00> is\nliving with{D}\n<04>Chip<00>!	<04>미르<00> 씨는 <04>도르<00> 군과\n함께 산대
MSG:5:114	028CFC	MSG:0:114	0404fce80400018f922c12991b1e12a89500	<04>Chip<00> seems{D}\nhappy!	<04>도르<00> 군도 기뻐 보여
MSG:5:115	028D0E	MSG:0:115	0404fce80400018f832c0404dfe804001a9d850a01ae03419e01de8e991f881a0d0a1e9992360297921a00	<04>Mill<00> and\n<04>Chip<00> had{D}\nbabies!{D}\n6 of\nthem!	<04>도르<00> 군과 <04>미르<00> 씨에게\n아이가 태어났어{D}\n그것도 6마리나
MSG:5:116	028D39	MSG:0:116	1e99851b82920404c0d3e60400890aa811a4bf12af848815b700	I hope\n<04>Atla<00>{D}\nis all\nright.	그나저나 <04>아트라<00>는\n괜찮은 걸까
MSG:5:117	028D53	MSG:0:117	123c9d0a8e1ff8edf45ded9eab1f9500	Now,\nanother{D}\ndungeon is\nmade.	으음~\n또 던전이 나타났어
MSG:5:118	028D63	MSG:0:118	ac129396027297034a8e991f88890a029088c5c5cb961b11881a00	This time\na farm{D}\nscarecrow\nwas taken.	아무래도 사로잡힌 건\n밭의 허수아비인가 봐
MSG:5:119	028D7E	MSG:0:119	318188027b15969b16ab1f0a02fa036aa4bd8411159200	Not just\nthe{D}\ndesire of\none heart.	마음 하나에서 솟아난\n욕망이 아닐지도 몰라
MSG:5:120	028D95	MSG:0:120	1f171a9d8801c91a8402fa036a9e0a02758ebc82989512840ac1e13bf484881a00	Rather\nit seems\nmany{D}\nsmall\ndesires\ntogether.	수많은 작은 욕망이\n모여 있는 듯한\n느낌이야
MSG:5:121	028DB6	MSG:0:121	849d8384179b15bc1f881a0d0a1088f8edf45ded890ac5c5cb9c02e91b8202889bbc1f0d0a01ef888f9d8488027b84881a00	Somehow I\nsee. The{D}\nscarecrow\nis a vessel{D}\nfor the\ndungeon to{D}\ntransmit\nour desires.	어쩐지 알 것 같아{D}\n저 던전은\n허수아비를 통해 전해진{D}\n마을 모두의 마음이야
MSG:5:122	028DE8	MSG:0:122	1e122cf8edf45ded9e0a10bc1f8d129e01ef9e0a01f6161784981b0d0a02e40165920280139815968700	While\na dungeon\nexists,{D}\nthe\ntown grows{D}\nand more\nfriends\narrive.	그래,던전이\n있는 편이 마을이\n커지고{D}\n동료도 늘어나니까
MSG:5:123	028E12	MSG:0:123	123c9d0a849da8152c02d3014802d8850aa88e1a998211989512843d3d00	It seems\nthe Tyrian\nCrystal is{D}\ndeceiving\nthem.	으음~\n어쩐지 자수정에\n속고 있는 것 같은데…
MSG:5:124	028E30	MSG:0:124	1196bc1bbd1100	Hello.	어서 오세요
MSG:5:125	028E37	MSG:0:125	10962c111102a1aa93880ad05dc95fa8198300	Oh,a\nchocobo!{D}\nWhat fine\nfeathers!	어머,깃털이 참 고운\n초코보네요
MSG:5:126	028E4A	MSG:0:126	dede210a7b7b2cac1985920a1184119b9500	Mom!\nDad is\nmissing!	엄마!\n아빠가 어디에도\n없어
MSG:5:127	028E5C	MSG:0:127	10963c0aac198c11bc1f880a151b963f00	Oh,wherecould\nhe be?	어머~\n어디 가셨을까?
MSG:5:128	028E6D	MSG:0:128	029085920a118415bc1f8800	He was\nnot in{D}\nthe\nfield!	밭에도\n없었어
MSG:5:129	028E79	MSG:0:129	10962c1e121113ad0a10841f7b7b9c015c8e0a1d9dab1b1f3f00	How aboutyou?{D}\nHave you\nseen him?	어머,그러고 보니\n혹시 아이 아빠를\n못 보셨나요?
MSG:5:130	028E93	MSG:0:130	dffce7880217ebe60a023301ae9c15afbc1f0ad05dc95f8488ab1c9e00	He is a\nchocobo\nwearing{D}\na green\nstraw\nhat.	초록색 밀짚\n모자를 쓴\n초코보인데요
MSG:5:131	028EB0	MSG:0:131	13210aac19ab015c1f883f00	Oh!\nWhere?	어!\n어디서 봤어?
MSG:5:132	028EBC	MSG:0:132	10963f0a01c20176ab1c153f0c00	Oh,the\ninn?¶	어머?\n여관이요?¶
MSG:5:133	028ECA	MSG:0:133	13210a01c2017684883f00	Oh!Theinn?	어!\n여관이라고?
MSG:5:134	028ED5	MSG:0:134	dede2c8485150a8c9da89b00	Some-\nthing{D}\nis\nfishy,{D}\nMom.	엄마,뭔가\n이상해
MSG:5:135	028EE1	MSG:0:135	8ea801539b99821184110a01c201768488853d3d00	The inn isnot in{D}\nbusiness\nyet.	아직 영업도 안 하는\n여관인데…
MSG:5:136	028EF6	MSG:0:136	1e1287ba2c0404c5dfe604000a80bfbc8302a891983f00	Can I\nask a{D}\nfavor,\n<04>Camilla<00>?	그래,<04>카미라<00>\n부탁 좀 해도 될까?
MSG:5:137	028F0D	MSG:0:137	0404db2627c704001a9d850a1402ac1b821411820a1799983f00	Can you\ntalk to\n<04>Fawkes<00>?	<04>포크<00> 씨께\n이야기 좀\n전해 줄래?
MSG:5:138	028F27	MSG:0:138	9b15bc1f9b210a019ebc8217989b8700	Got it!\n{D}I will\nbe back!	알았어!\n다녀올게
MSG:5:139	028F37	MSG:0:139	10960aa2919d841a11870d0a1dbc15170241820a111fa8111f888500	Oh,\nsorry.{D}\nAfter\nyou{D}\ncame all\nthis way.	어머\n미안해요{D}\n모처럼 와\n주셨는데
MSG:5:140	028F53	MSG:0:140	7b7bbc1f960aac121b1f88151b9600	My,where\nis my{D}\nhusband?	아이 아빠도 참\n어떻게 된 걸까
MSG:5:141	028F62	MSG:0:141	10960aa2919d841a11870d0a14028788012302ad0a1b8284118800	Oh,sorry.Nothing{D}\nis for\nsale.	어머\n미안해요{D}\n가게 준비를\n못 했어요
MSG:5:142	028F7D	MSG:0:142	7b7b9e118411830a02159892889e84118800	Papa is\ngone and{D}\nwe have\nnothing{D}\nto sell\neither.	남편이 없으면\n팔 물건이 없어요
MSG:5:143	028F8F	MSG:0:143	10962c10841f0a84859c92bc8298883f00	Oh,what\nis this?	어머,당신\n뭘 가지고 있어요?
MSG:5:144	028FA0	MSG:0:144	10962c199911119b9500	How nice.	어머,이거 좋네요
MSG:5:145	028FAA	MSG:0:145	ac19159601b3bc82161f88150a014096841118ac0a9b1f1b850215bc8217998e1d9d3f00	Not sure\nwhere\nyou bought{D}\nit from,but\nwill you{D}\nsell it?	어디서 가져왔는지\n모르겠지만\n저한테 팔지 않을래요?
MSG:5:146	028FCE	MSG:0:146	7b7b9e11841115960a02159702299e8417820a198ebc821f8800	We have\nno wares\nwith my{D}\nhusband\ngone.	남편이 없어서\n팔 물건이 없어\n곤란했거든요
MSG:5:147	028FE8	MSG:0:147	92bc832c119a119a8492889c0a01b3bc82168201781a118700	Please\nbring even{D}\nmore items\nfor us.	앞으로도 여러 가지\n가져와 주세요
MSG:5:148	029001	MSG:0:148	7b7b89ac198c0a11bc1f88151b963f00	Oh,where\ncould he{D}\nhave\ngone?	아이 아빠는 어디\n간 걸까?
MSG:5:149	029011	MSG:0:149	8ebc1f177b7bbc1f960aac198c11bc1f88151b960d0a92122c14028785a81c92889e0a841784bc1f888500	Geez,Dad.{D}\nWhere in\nthe world{D}\ndid you\ngo to?{D}\nWe have no\ninventory...	정말 이이도 참\n어디 간 걸까{D}\n이제 가게에 낼 물건도\n다 떨어졌는데
MSG:5:150	02903C	MSG:0:150	10841f9e2c119a119a8492889c0a92bc82168217999815960a14028792128e1711bc8211989b00	Because you\nhave brought\nmany things{D}\nback,the\nshop is\ndoing well.	당신이 이것저것\n가져다준 덕분에\n가게도 잘되고 있어요
MSG:5:151	029063	MSG:0:151	0404db2627c704001a9d15960a0324168e1b1f00	<04>Fawkes<00>\ntold me.	<04>포크<00> 씨한테\n들었어요
MSG:5:152	029077	MSG:0:152	10841f9e01b3bc8217980ac0c1d2e0890d0af8edf45ded159601b3bc820a025abc82161f9288ab0d0a1e88f8edf45ded9c0154bc1f889e0a7b7ba8bc8200	The items you\nbrought were{D}\nfrom the\ndungeon my{D}\nhusband built.	당신이 가져오는\n아이템은{D}\n던전에서 가지고\n돌아온 거고{D}\n그 던전을 만든 게\n남편이라고요
MSG:5:153	0290B5	MSG:0:153	14033a11ab1c0a9b1f1b1f80887b7b9c0d0a7b7b9c0277188201781a1100	Please,my\nhusband!{D}\n...Please\nsave him!	부탁이에요\n우리 남편을{D}\n남편을 구해 주세요
MSG:5:154	0290D3	MSG:0:154	3d3d3d3d0a7b7b9c0277188210a1822100	...Save my\nPapa!	……\n아빠를 구해 줘!
MSG:5:155	0290E4	MSG:0:155	109d84851483841b17820a14a89315847b7b9e3d3d00	My calm,\nmature{D}\npapa...	그렇게 얌전하고\n온화한 아빠가…
MSG:5:156	0290FA	MSG:0:156	034f892c1403368819831b159b1596841118ac0a848515036e851f829819839e1099ad3d3d00	I really only\nknow about{D}\nflowers. If you\nthink I can{D}\nhelp...	난 꽃밖에 모르지만\n뭔가 도울 일이 있다면…
MSG:5:157	029120	MSG:0:157	14033a119500	...	부탁해
MSG:5:158	029126	MSG:0:158	10979e8312870a10841f881415a19500	It is all\nthanks to{D}\nyou!	고마워요\n당신 덕분이에요
MSG:5:159	029136	MSG:0:159	93bc837b7b92017d01321b82161f9b00	My husband{D}\nis healing.	드디어 남편도 회복됐어요
MSG:5:160	029146	MSG:0:160	10960a7b7b849602908c01c415181f9b9500	He left\nfor the{D}\nfields.	어머\n남편이라면 밭에 나갔어요
MSG:5:161	029158	MSG:0:161	0404c0d3e6040080bd9d0aac1284bc80bd1288151b963d3d00	But what\nhappened to{D}\n<04>Atla<00>?	<04>아트라<00>는\n어떻게 되는 걸까…
MSG:5:162	029171	MSG:0:162	7b7b9c3d3d3d0a10979e831200	Thank\nyou...\nfor my\ndad...	아빠를…\n고마워
MSG:5:163	02917E	MSG:0:163	9b1f1b85928485150a1401ba0288111a1d8200	Please,\nlet me{D}\nhelp\nsomehow.	나도 뭔가\n돕게 해 줘
MSG:5:164	029191	MSG:0:164	159bbc1f02918700	Odd{D}\nPlant!	특이한 화분이네
MSG:5:165	029199	MSG:0:165	f8edf45ded8801fbab0a015c81181f88ab1bbf3f00	Did you\nfind it{D}\nin the\ndungeon?	던전 안에서\n찾은 거지?
MSG:5:166	0291AE	MSG:0:166	cfd7152c01b79c92bc8284113f0a1e9985023e13980127922c92bc8284113f00	Do you have\nSeeds,Nuts{D}\nor Tonics to\nuse on it?	씨앗이나 열매 없어?\n거기 줄 약도 없어?
MSG:5:167	0291CE	MSG:0:167	cfd7832c0127ab0a033282828f8e1bbf129500	Try\nusing a{D}\nSeed and\nTonic.	씨앗이랑 약으로\n키워 보자
MSG:5:168	0291E1	MSG:0:168	0291892c036302081f97880a111183199a8c02e311828300	Place the\nPlant in{D}\nthe\nsunlight.	화분은 햇볕이\n잘 드는 곳에 두고…
MSG:5:169	0291F9	MSG:0:169	84859c01d01398150190911f960a029101d0138c02109982870d0a019988919dac12899b1f1b9e0a015c82141715968700	Once you\nhave{D}\nchosen what\nto grow{D}\ninsert\nyour Plant.{D}\nLeave the\nrest to me.	뭘 심을지 정하면\n화분에 넣어 줘{D}\n그다음 돌보는 건 내가\n맡을게
MSG:5:170	02922A	MSG:0:170	8ea82c033789ab8284119b00	Not yet!	아직 싹이 안 났어
MSG:5:171	029236	MSG:0:171	03379e01c41f9b8700	It grew!	싹이 났네
MSG:5:172	02923F	MSG:0:172	1699118403368700	Pretty!	예쁜 꽃이네
MSG:5:173	029247	MSG:0:173	1999bc822cac9d8401b78488151b960a92122c01b3bc82019e17883f0c00	Take this\nnut?¶	이건 어떤 열매일까\n벌써 가져갈 거야?¶
MSG:5:174	029265	MSG:0:174	03541b82989b950a01b3bc82019e17883f0c00	Ripe!\nTake?¶	잘 익었어\n가져갈 거야?¶
MSG:5:175	029278	MSG:0:175	92122c027297850241841115960a171abc80bdbc1f9b9500	Darn. It\nrotted.	가지러 안 와서\n썩어 버렸어
MSG:5:176	029290	MSG:0:176	a2919d870a921202e31701cd01c59e84118800	Sorry\nthere is{D}\nno room.	미안\n더 둘 곳이 없어
MSG:5:177	0292A3	MSG:0:177	0f0f0f029101d0130f0f0f0c00	Plant¶	   화분    ¶
MSG:5:178	0292B0	MSG:0:178	ac999c01d01398883f0c00	Seed?¶	뭘 심을래?¶
MSG:5:179	0292BB	MSG:0:179	ac8801279c023e1398883f0c00	Tonic?¶	어떤 약을 줄래?¶
MSG:5:180	0292C8	MSG:0:180	1999ab0332829888873f0c00	Grow here?¶	이걸로 키우는 거지?¶
MSG:5:181	0292D4	MSG:0:181	9b15bc1f9b0a01f601b185033282989b8700	I see.\nI will{D}\ncare\nfor it.	알았어\n소중히 키울게
MSG:5:182	0292E6	MSG:0:182	dbc7ea9e11bcb211870a02f91882161f963f00	The bag\nis full.{D}\nStore\nitems?	주머니가 가득 찼네\n맡기고 오는 게 어때?
MSG:5:183	0292F9	MSG:0:183	10979e831200	...	고마워
MSG:5:184	0292FF	MSG:0:184	8ea82c01b5022a888415ab0a84859e1419bc1f88153d3d00	Still... I\nwonder{D}\nwhat came\nover me...	아직도 내 안에서\n무슨 일이 있었는지…
MSG:5:185	029317	MSG:0:185	c6c8ed84012885109b1d821b8ebc820a1c8e8415bc1f00	Sorry for\ncausing so{D}\nmuch danger.	위험한 일을 겪게 해서\n미안하네
MSG:5:186	02932E	MSG:0:186	018f02828502bd9c025f131f01990a02d3024988014802d89c8d97a81b1f9da800	I found a\npurple{D}\ncrystal after\nguiding you.	자네들에게 길을 알려 준 뒤\n보라색 수정을 캐냈다네
MSG:5:187	02934F	MSG:0:187	01b5022a8801fb852c01b5022aab84110179159e0a01b5022a8801fbab01f6161784bc8211bc1f00	Inside...\nSomething{D}\nthat was not\nme grew{D}\nbigger.	내 안에서,내가 아닌 무언가가\n점점 커져 갔지
MSG:5:188	029377	MSG:0:188	1e19159602dd892cc6df9e024d021b0a0140bc821198a89a1200	After that\nyou know{D}\nwhat\nhappened.	그다음은 자네가 제일\n잘 알겠지
MSG:5:189	029391	MSG:0:189	01b5022a88027b888415852c10889512840a027b9e10bc1f8389843d3d3d00	Something\nlike that was{D}\ndeep in my\nheart...	내 마음속에 그런\n마음이 있었다니…
MSG:5:190	0293B0	MSG:0:190	ac9d84027b85922c02b98303719e10980a1b151b2c03719e02b985849819839e0a10bc82898496841100	The heart\nhas light\nand dark.{D}\nThe most\nimportant\nthing is to{D}\nlighten\ndarkness.	어떤 마음에도 겉과 속이 있지\n하지만 속이 겉이 되는 일은\n있어서는 안 되네
MSG:5:191	0293DA	MSG:0:191	1b151b2c1088014802d889027b880a02b98303719c02109915139800	The\ncrystal made{D}\nlight\nbecome{D}\ndarkness.	하지만 그 수정은 마음의\n겉과 속을 뒤바꾼다네
MSG:5:192	0293F6	MSG:0:192	9517027715bc1f9288a80a1e1b822c1c8e841100	You did\nwell to{D}\nhelp. I\nam\nsorry.	용케 살아났군\n그리고,미안하네
MSG:5:193	02940A	MSG:0:193	018f8802a202829e2c027297034a8e99821b8ebc1f00	Now your\nfriend was{D}\npossessed.	자네 친구가 사로잡히고 말았네
MSG:5:194	029420	MSG:0:194	01f39e020a1795128584bc1f960a108802909c92bc8301fdb0828f98950d0a0179159b159815921b99841115968400	When I can\nmove,I will\nsearch the{D}\nfield more!\nMaybe I will\nfind something.	몸이 움직이게 되면\n그 밭을 더 조사해 보겠네{D}\n뭔가 알아낼지도 모르니
MSG:5:195	02944F	MSG:0:195	0404c0d3e6040080bd9d920a04047b7b040092023901b1a8bc1f9b8700	So <04>Atla<00>\nand my{D}\nhusband\nare OK...	<04>아트라<00>도\n<04>남편<00>도 무사했네요
MSG:5:196	02946C	MSG:0:196	ab922cf8edf45ded898ea80a10989b8700	But the\ndungeon{D}\nstill\nexists.	그래도 던전은 아직\n있네요
MSG:5:197	02947D	MSG:0:197	01a802c9892cf8edf45ded9e1098889e0a101f978e138501af1382161f9b00	Lately\ndungeons{D}\nexisting\nseems to be{D}\nthe norm.	요즘은 던전이 있는 게\n당연하게 느껴져요
MSG:5:198	02949C	MSG:0:198	1088f8edf45dedbc82ac121b820a101e1985109888151b96873f00	I wonder\nwhy that{D}\ndungeon is\nover there?	저 던전은 왜\n저기 있는 걸까요?
MSG:5:199	0294B7	MSG:0:199	0404c0d3e6040080bd9d920a023901b1ab9515bc1f9b8700	I am\nglad <04>Atla<00>{D}\nis OK\ntoo.	<04>아트라<00>도\n무사해서 다행이에요
MSG:5:200	0294CF	MSG:0:200	0249016d84033693cfd79e0a03328296998214921b9a119b00	Growing\nflowers and{D}\nseeds is\nso neat.	여러 꽃이랑 씨앗을\n키울 수 있어서 재밌어
MSG:5:201	0294E8	MSG:0:201	a8999211841784bc82841188850af8edf45ded9e109888bc820a022101af025c958700	Nobody is gonebut the\ndungeon is{D}\nstill there.\nMysterious.	아무도 사라지지 않았는데\n던전이 있다니\n신기해
MSG:5:202	02950B	MSG:0:202	95120a8415841511110252a89500	Man,nice\nhouse.	여어\n꽤 좋은 집이야
MSG:5:203	029519	MSG:0:203	a899922c01c201768801fb850af8edf45ded9e1098889c0a01409684119512a89500	We should\nensure\nnobody{D}\nelse finds\nthe inn\ndungeon!	아무도 여관 안에\n던전이 있다는 걸\n모르는 것 같아
MSG:5:204	02953B	MSG:0:204	849da8159b1596841118ac0a1111159da4a89500	No clue why.{D}I have a\ngood{D}\nfeeling.	뭔지 모르겠지만\n느낌이 좋아
MSG:5:205	02954F	MSG:0:205	a83c0a0283920140968411bc82198389840d0a14023089c4e91f8088e2d8bc820a1983a89500	The reason\nnobody has{D}\nheard of\nthe treasure{D}\nis because\nit is{D}\nwaiting for\nme to{D}\nclaim it!	에휴~\n아무도 모른다는 건{D}\n보물은 우리 차지라는\n거라고
MSG:5:206	029575	MSG:0:206	8d9d83853c0a9b15bc829d88153f00	Yeeep.{D}\nGet the\npicture?	정말~\n알아듣고 있는 거야?
MSG:5:207	029584	MSG:0:207	8ebc2c11111500	Bah.	뭐,됐어
MSG:5:208	02958B	MSG:0:208	19bc808504040b0400880a022501769c012302ad1b8214111f9500	Whatever.\nI had a{D}\nhome set\nup for you,{D}\n<04>{B}<00>!	여기에 <04>{B}<00>의\n방을 마련해 뒀어
MSG:5:209	0295A6	MSG:0:209	f8edf45ded1596025abc82161f960a1919ab2c025d908311119500	You can use\nit to rest{D}\nafter a\ndungeon.	던전에서 돌아오면\n여기서 쉬면 돼
MSG:5:210	0295C1	MSG:0:210	83971013a50a025d9dab14111f96ac12a800	Speaking\nof,need{D}\na break?	일단\n쉬어 두는 게 어때
MSG:5:211	0295D3	MSG:0:211	a4bd1001c201768801e2ab0a8ebc829815968400	I will\nwait{D}\noutside.	그럼 여관 앞에서\n기다릴게
MSG:5:212	0295E7	MSG:0:212	1e121e122c02e3118214161f110ac0c1d2e0898411153f00	Right.{D}\nNeed me to\nhold items?	맞다,맡겨 두고 싶은\n아이템은 없어?
MSG:5:213	0295FF	MSG:0:213	1988cfedcc8801fb850ac4e99e02f915bc8214179500	I can keep\nitems in{D}\nthis\ndresser.	이 옷장 안에\n내가 맡아 둘게
MSG:5:214	029615	MSG:0:214	ab922ccfedcc85890a3130c91b1502109684119500	But only\n10 items{D}\ncan fit\nin here.	하지만 옷장에는\n10개밖에 안 들어가
MSG:5:215	02962A	MSG:0:215	1f171a9d02e3118214178884960a027f026701768c02ac9c1b8214111f15960a1ebc808c02f918988311119500	If you have\nlots of\nitems,head{D}\nover to the\nstorehouse\nto store them.	많이 맡기려면\n창고지기한테 말해 뒀으니까\n거기 맡기면 돼
MSG:5:216	029657	MSG:0:216	8485152c02f915bc82141912153f0a1e9983922c01b3bc82019e178815113f00	Wanna deposit\nsomething?{D}\nOr perhaps\nwithdraw?	뭔가 맡아 둘까?\n아니면 가져갈 거야?
MSG:5:217	029677	MSG:0:217	02f9188214170a01b3bc82019e170a939182141700	Store\nTake\nQuit	맡긴다\n가져간다\n그만둔다
MSG:5:218	02968C	MSG:0:218	0fc0d3e688cfedcc0f0c00	Dresser¶	 아트라의 옷장 ¶
MSG:5:219	029697	MSG:0:219	cfedcc8801fb8911bcb211ab1c00	The dresser{D}\nis full.	옷장 안이 가득 찼습니다
MSG:5:220	0296A5	MSG:0:220	dbc7ea8801fb8911bcb211ab1c00	The bag{D}\nis full.	주머니 안이 가득 찼습니다
MSG:5:221	0296B3	MSG:0:221	14210a1415139700	Hey!	오!\n어서 와
MSG:5:222	0296BB	MSG:0:222	ac12a8110a84851510bc1f153f00	So then,\nanything{D}\nhappen?	어때\n뭔가 있었어?
MSG:5:223	0296C9	MSG:0:223	8b9d8b9d00	Hm!	흠흠
MSG:5:224	0296CE	MSG:0:224	02db1101bb850a01471101461500	Is\nthat?	빨간 구슬에\n파란 돌이라
MSG:5:225	0296DC	MSG:0:225	841584150a951a1e12a88400	Magic-\nite?{D}\nSeems\nnice.	꽤\n좋아 보이는데
MSG:5:226	0296E8	MSG:0:226	93bc83e9c0c0c1d2e0830a0197b09892888501c402be130a1e12a8958400	You have\nfinally\ncome{D}\nacross a\nrare item\ntreasure!	드디어 레어 아이템이라고\n부를 만한 걸 만날\n것 같아
MSG:5:227	029706	MSG:0:227	8b3c903d3d3d0a01a802d78502bebc1f8316890a0404c5dfe67b7b0400ab0d0a81160243831a991f831685890a0404f45bd5cf3b0400849da800	We met\n<04>Camillas\nDad<00> first.{D}\nBut it\nwas <04>Janita<00>\nat the inn{D}\ninstead.	흐음…\n처음 만났을 때는\n<04>카미라 아빠<00>였고{D}\n떠밀렸을 때는\n<04>자니타<00>였단 말이지
MSG:5:228	029740	MSG:0:228	8ebc210f111115210ac0c1d2e0119a119a10981b00	What! How isthat? So{D}\nmany items!	뭐!됐어!\n아이템이 잔뜩 있으니까
MSG:5:229	029755	MSG:0:229	01f6026a16840404c0d3e60400890a0606063d060606063d060606063d060606063d060606063d0a11841100	He is\ngone...{D}\nMy dear\nfriend{D}\n<04>Atla<00>...	사랑하는 <04>아트라<00>는\n{6:06}{6:3D}{6:06}{6:06}·{6:06}{6:06}·{6:06}{6:06}·{6:06}{6:06}·\n이제 없다
MSG:5:230	029781	MSG:0:230	3d06063d06063d06063d06063d06060d0af2e1ed210f0f00	.{6:06}.{6:06}.{6:06}.{6:06}.{D}\n	·{6:06}·{6:06}·{6:06}·{6:06}·{6:06}{D}\n미안!
MSG:5:231	029799	MSG:0:231	108e9785014802d89e0a169911a8bc1f15960d0a849da89a128301afbc1f960a9b189b159d841784bc82168200	Sorry! The\ncrystal was{D}\nso pretty,\nI wondered{D}\nwhat it\nwas. No{D}\nclue why.	수정이 너무\n예뻐서{D}\n뭘까 하고 생각했더니\n머리가 이상해져 버렸어
MSG:5:232	0297C6	MSG:0:232	1a822c10938ebc1f1b0d0a01b789027297034a8e9982988316850a1ca211c1e13bf49c015c1f9da800	That was a\nmistake. I{D}\nsaw an\nincredible{D}\nimage as I\nwas{D}\npossessed.	자,사과는 했으니까{D}\n실은 사로잡혀 있을 때\n굉장한 걸 봤어
MSG:5:233	0297EF	MSG:0:233	1088014802d8880140014f8801fb850ac4e90282880140968411c0c1d2e00a9e11bcb21110bc1f9da800	The mind\nof the\ncrystal had{D}\nmany items\nI had not\nseen!	그 수정의 지식 속에\n우리가 모르는 아이템이\n잔뜩 있었어
MSG:5:234	029819	MSG:0:234	1088f8edf45ded8801fb850af627cfc18510989da800	Those are\ndefinitely{D}\nin that\ndungeon!	저 던전 안에\n틀림없이 있어
MSG:5:235	02982F	MSG:0:235	849da815014096841118ac0a01ef01fe9e1a9e1b821fa700	Not sure\nbut they{D}\nseek the\nmayor.	뭔지 모르겠지만\n촌장이 찾던데
MSG:5:236	029847	MSG:0:236	838497880404e6ccc70400a818ac0a5fea5fea88025902549c84141b82980a8f1f11a88400	Seems <04>Rask<00> to\nthe left is\nfixing up{D}\nan old\nmachine.	옆집 <04>라스크<00> 말인데\n낡아 빠진 기계를 고치는\n모양이야
MSG:5:237	02986C	MSG:0:237	c4c1e8ab928699ad0a111188858400	Oil wouldhelp.	기름이라도 바르면\n될 텐데
MSG:5:238	02987B	MSG:0:238	838497880404e6ccc70400a818ac0a8e1f022d88c53bfc9c01f81b8211980a8f1f11a800	<04>Rask<00> to the\nleft seeks\na different{D}\nCard.	옆집 <04>라스크<00> 말인데\n또 다른 카드를 찾는\n모양이야
MSG:5:239	02989F	MSG:0:239	849dab922cc0c1d2e09c0a01b5022a8802528c01e89819839e0aab1698961b1100	Seems\nlike no\nmatter{D}\nwhere,it\ncan send\nitems\nhome.	뭐든지 아이템을\n자기 집으로 보낼 수\n있대
MSG:5:240	0298C0	MSG:0:240	04040b04009e01b3bc820a025abc82161fc0c1d2e09c015c820a8f9d849e2c14ac9a1182989500	<04>{B}<00>,\neveryone is\nsurprised{D}\nto see the\nitems you\nbring back.	<04>{B}<00>,네가 가지고\n돌아온 아이템을 보고\n다들 놀라고 있어
MSG:5:241	0298E7	MSG:0:241	91a5961b1188832c5eede78488ab0a8f9d848801de018492022e9bbc82161e12a800	They are rare\nand useful,so{D}\nit changed\nthe way of life.	신기하고 편리하니까\n다들 생활도 바뀌겠어
MSG:5:242	029909	MSG:0:242	ac9dac9dc0c1d2e09c021599ad0ac4e9028288023a01e292021599821798a700	At this\nrate,we{D}\nneed to\nmarket our{D}\nnames,too.	아이템을 척척 팔면\n우리 이름도 알려질 거야
MSG:5:243	029929	MSG:0:243	ac9dac9dc0c1d2e09c021599ad0a01f6015f01b3801a00	If we keep\nselling,we{D}\nwill be rich!	아이템을 척척 팔면\n큰 부자야
MSG:5:244	029940	MSG:0:244	01a3020588f8edf45ded3d3d3d0a109989023901958501ed118211983d3d3d00	The next\ndungeon...{D}\nwill go on\nforever...	이번 던전은…\n끝없이 이어져 있어…
MSG:5:245	029960	MSG:0:245	03129b979e0239113d3d3d0a1e9d84d5c4c19e1c9800	It seems...\nendless.	끝이 없어…\n그런 냄새가 나
MSG:5:246	029976	MSG:0:246	1e99a4bd100a019ebc828f95121500	Well,whynot take{D}a look?	그럼\n가 볼까
MSG:5:247	029985	MSG:0:247	8c3c0a1997bd11119300	! This\nis all?	헤에~\n이거 좋은데
MSG:5:248	02998F	MSG:0:248	023602088501c201768801fb9e0af8edf45ded1e8892880a8584bc82989da800	The\ninside of\nthe inn{D}\nreally IS\na dungeon!	정말로 여관 안이\n던전 그 자체가\n돼 버렸어
MSG:5:249	0299AF	MSG:0:249	a4bd101f889da8950a04040b04002100	It is up\nto you,{D}\n<04>{B}<00>!	그럼 부탁해\n<04>{B}<00>!
MSG:5:250	0299BF	MSG:0:250	c4e9892c01ef8801fb9c017dbc820a0279029a9c02759183179500	I will\ngather{D}\ninfo around\nthe village.	난 마을을 돌면서\n정보를 모아 둘게
MSG:5:251	0299DA	MSG:0:251	ac121b1f3f0d0aa811a4bf12afa8bc82210a849d83158498bc822100	What? Are\nyou OK?{D}\nSomething\nhappen?	왜 그래?{D}\n괜찮다니까!\n어떻게든 될 거야!
MSG:5:252	0299F6	MSG:0:252	951b951b0a9e9dadbc8217999500	OK,then!{D}\nDo your\nbest!	좋아좋아\n힘내라고
MSG:5:253	029A04	MSG:0:253	14112ca811a4bf12af153f00	Hey,you\nall right?	이봐,괜찮아?
MSG:5:254	029A10	MSG:0:254	025b9c0271bc1f960a19198c02f0ad1a991fbc823f00	You fainted\nand ended{D}\nup here?	정신을 잃었더니\n여기로 날아왔다고?
MSG:5:255	029A26	MSG:0:255	ac1284bc829da83f00	What\nhappened?	어떻게 된 거야?
MSG:5:256	029A2F	MSG:0:256	3d3d3d3d8ebc1111150aa811a4bf12af1e12a81b8400	...Well.{D}\nAt least\nyou are OK.	……뭐,됐어\n괜찮아 보이니까
MSG:5:257	029A45	MSG:0:257	1e99ab11119288890a10bc1f88153f00	So,did\nyou{D}\nfind any-thing?	그래서 좋은 건\n있었어?
MSG:5:258	029A55	MSG:0:258	84210f849da8bc82213f0a01b38002299e841784bc8298a8bc822100	What!\nReally!? Your{D}\nitems are\ngone!	뭐!뭐라고!?\n소지품이 없어졌다고!
MSG:5:259	029A71	MSG:0:259	849d8219bc1f0aac1297ab2ca811a4bf12af849da800	What the\nhey? At least{D}\nyou are OK!	이런 세상에\n그래서 멀쩡했구나
MSG:5:260	029A87	MSG:0:260	04040b04002c819f890a849d83151b8201b5011dab0f0d0a025abc8217989da89500	<04>{B}<00>.{D}\nNext time,\ntry to{D}\nget back\non your\nown.	<04>{B}<00>,다음엔\n어떻게든 혼자 힘으로{D}\n돌아오라고
MSG:5:261	029AA9	MSG:0:261	1e12a4bd8411833d3d00	Counting{D}\non you!	안 그러면…
MSG:5:262	029AB3	MSG:0:262	1f889da89500	Bye!	부탁해
MSG:5:263	029AB9	MSG:0:263	199d85808900	Hello.	안녕하세요
MSG:5:264	029ABF	MSG:0:264	01b789cfedcc88121b9a850aa811a484e4feeb9e024380820a1b8ebc1f88ab1c00	I dropped myimportant\nring.	실은 옷장 뒤에\n소중한 반지를 떨어뜨리고\n말았어요
MSG:5:265	029AE0	MSG:0:265	8485152c1111c0c1d2e0890a84119288ab1bbf12153f00	Would you\nhappen to{D}\nhave any\ngood items?	뭔가 좋은 아이템은\n없을까요?
MSG:5:266	029AF7	MSG:0:266	1988c0c1d2e0ab890a0272991e128510978e1d9d8700	Seems this\nitem can{D}\nnot be\ntaken.	이 아이템으로는\n못 꺼낼 것 같네요
MSG:5:267	029B0D	MSG:0:267	102c1999892100	This!	아,이건!
MSG:5:268	029B14	MSG:0:268	10979e8312a2a3118e1c0a93bc8302729819839eab168e1b1f00	Thank you\nmuch. Now{D}\nit could be\ntaken.	고맙습니다\n드디어 꺼낼 수 있었어요
MSG:5:269	029B2E	MSG:0:269	1a1a9315ab1c9e0a1403729c121883bc8217a81a1100	It is not\nmuch but{D}\nhave this\nas thanks.	약소하지만\n답례를 받아 주세요
MSG:5:270	029B44	MSG:0:270	11933c0f109915960a171d8584bc821b8ebc823d3d00	No,from\nthere. It{D}\nbecame a\nhabit...	아니~ 그 뒤로\n버릇이 돼 버려서…
MSG:5:271	029B5A	MSG:0:271	84158415111101efab1c0a1999159692bc8301f616170a84971e12ab1c8700	This nice\nvillage\nwill keep{D}\ngrowing.	꽤 좋은 마을이에요\n앞으로 더 커질\n것 같네요
MSG:5:272	029B79	MSG:0:272	83199aab2c1988c53bfc890a01a801a0ab1c00	By the\nway,Doom{D}\nCard is\ngreat!	그런데 이 카드는\n최고예요
MSG:5:273	029B8C	MSG:0:273	3202af15962c3102af8c159d1f9d850a14979819839eab169888ab1c159600	Using it\nyou can{D}\neasily go\nfrom 2F to{D}\n1F!	2층에서 1층으로 간단히\n내려갈 수 있으니까요
MSG:5:274	029BAB	MSG:0:274	ab922c01a802d7853202af85118411830a01fa023b859197199dab1b8e118e1c00	But if\nyou are not on{D}\n2F you\nend up in{D}\nthe ground!	하지만 처음에 2층에 없으면\n땅에 파묻혀 버려요
MSG:5:275	029BCC	MSG:0:275	198801ef8591a5961b11c0c1d2e09e0a0215969982119883032411820a8abc191b82168e1b1f8800	I heard\nthere were\nrare items{D}\nso I moved\nhere!	이 마을에서 신기한 아이템을\n판다고 들어서\n이사 왔어요
MSG:5:276	029BF4	MSG:0:276	108801ae852c16161e12840ac0c1d2e09e015c811599ad111188ab1c9e00	I want\nto find an{D}\nitem to help\nmy child.	우리 아이에게 들을 만한\n아이템을 찾으면 좋겠는데요
MSG:5:277	029C12	MSG:0:277	1988fce9c1ed880236ab0a198801ae858015969c0a9b188217a81a1100	Use the\nDrain\nbook to{D}\ngive\npower to\nmy{D}\nchild.	이 드레인 책으로\n이 아이에게 힘을\n나눠 주세요
MSG:5:278	029C2F	MSG:0:278	108301ca1bab0265025b850a849888ab1c00	They are\nnearly{D}\nbetter.	조금만 더 있으면\n기운을 차릴 거예요
MSG:5:279	029C41	MSG:0:279	10b73d3d3d00	Ah...	아아…
MSG:5:280	029C47	MSG:0:280	0265025b840249853d3d00	Better!	혈색이 돌아와요…
MSG:5:281	029C52	MSG:0:281	10979e8312a2a3118e1c00	Thank you.	고맙습니다
MSG:5:282	029C5D	MSG:0:282	ac121403729c1b82111188939600	How can I{D}\nrepay you?	뭐라고 감사드려야 할지
MSG:5:283	029C6B	MSG:0:283	108801aebc1f960a0144abd33bfc8584bc820a023d9dab11989dab1c00	My\nchild\nbecame a{D}\ntoad to\nplay in a\nfountain.	우리 애가 글쎄\n샘에서 두꺼비가 돼서\n놀고 있지 뭐예요
MSG:5:284	029C88	MSG:0:284	140338ab2c023dae1f1184b700	I want{D}\nto go play.	밖에서 놀고 싶다~
MSG:5:285	029C95	MSG:0:285	14034380bd9d890a022101af025c84c0c1d2e09e02438082980af8edf45ded8c023dae85111788ab1bbf3f00	Maybe my\nbrother went\nto check the{D}\ndungeon with\nthe mysterious\nitems?	오빠는\n신기한 아이템이 떨어져 있는\n던전에 놀러 가는 거지?
MSG:5:286	029CC1	MSG:0:286	101f1b92019e161f1184b700	I want{D}\nto go!	나도 가고 싶다~
MSG:5:287	029CCD	MSG:0:287	9bb7110a14034380bd9d10979e831200	Wah!{D}\nThanks,\nbrother!	와아\n오빠 고마워
MSG:5:288	029CDD	MSG:0:288	1415101a9d9e870a109d8e97d33bfc8584bc82023daf84bc8200	Mom said less\nplaying as a{D}\ntoad in\nfountains.	엄마가 말이야\n두꺼비가 돼서 너무 놀지 말래
MSG:5:289	029CF7	MSG:0:289	15849701f6168401ef850a84bc1f9b8700	This\nvillage{D}\nwill\nkeep{D}\ngrowing.	꽤 큰 마을이\n됐네요
MSG:5:290	029D08	MSG:0:290	8ea88ea80a159b989b8700	I willknow{D}\nsome\nday.	아직도\n변할 거예요
MSG:5:291	029D13	MSG:0:291	8ea82c159b9883199a9e0a10989b9500	I am\ncloser to{D}\nknowing!	아직 변할 곳이\n있어요
MSG:5:292	029D23	MSG:0:292	921201ca1b8485150a159b989b9500	Soon,\nI will{D}\nunder-\nstand!	조금 더 뭔가\n변할 거예요
MSG:5:293	029D32	MSG:0:293	1ca2119b0a1cad961b1101ef8700	The\nvillage{D}\nis\ngreat,no?	굉장해요\n멋진 마을이네요
MSG:5:294	029D40	MSG:0:294	0181152c018f1f808502bebc1f88890a1919a8bc1f8400	This is\nwhere we{D}\nmet,yes?	분명,자네들을 만난 게\n여기였지
MSG:5:295	029D57	MSG:0:295	0404c0d3e60400018f890a023901b1a89a12153d3d3d00	Will <04>Atla<00>\nbe OK...?	<04>아트라<00> 군은\n무사할까…
MSG:5:296	029D6E	MSG:0:296	9b1f1b892c198802909c0a92bc8301f616171b820d0a198801ef9c941f15850a1b1f1188a89500	I want to\nexpand thefield for\nour{D}\nvillage!	나는 이 밭을\n더 넓혀서{D}\n이 마을을 풍요롭게\n만들고 싶다네
MSG:5:297	029D95	MSG:0:297	c5c5cb9e841784bc821b8ebc1f00	A scarecrow\nis missing.	허수아비가 없어져 버렸어
MSG:5:298	029DA3	MSG:0:298	028392027297034a8e998211841188850af8edf45ded892c1e198510980d0aac121b828488153d3d3d00	Nobody is\npossessed\nbut a{D}\ndungeon is\nstill over\nthere...	아무도 사로잡히지 않았는데\n던전은 저기 있어{D}\n어째서일까…
MSG:5:299	029DCD	MSG:0:299	f8edf45ded890283158802fa036a9c9283850a1e1985026c9e980d0aab892c02838802fa036a8488153d3d00	Dungeons are\nbased on{D}\ndesires,but\nI wonder{D}\nwhose desires\nthese are?	던전은 누군가의 욕망을\n바탕으로 펼쳐지지{D}\n그럼 누구의 욕망일까…
MSG:5:300	029DF9	MSG:0:300	c15eedd39c015c8e1c153f0c00	See event?¶	SEE EVENT?¶
MSG:5:301	029E06	MSG:0:301	849d93879d840a8ea893bc8200	I am\ndoing{D}\nsome\nthing.	WAIT\nNOT DONE YET
MSG:5:302	029E13	MSG:0:302	ac999c11a4989d933f0c00	Which one?¶	WHICH ONE?¶
MSG:5:303	029E1E	MSG:0:303	1811a3118916be12dbe6f00f0acbd4e7c4dbe6f00f0f121303570ac3c0ea8802360f0f0f0f839101b00affe7edc788c53bfc0f153c01100a9b16014888c53bfc0f0fad1803350ae2d5cf3b1a9dc6edcb0f0f02320acaedf83b8802360f0f0f0f0f0f0a93919300	Shop flag\nScenario flag\nAero Book\nBlink Card\nSpring Card\nMonitor\nThunder Book\nExit	SHOP FLAG\nSCENARIO FLAG\nAERO BOOK\nBLINK CARD\nSPRING CARD\nMONITOR OFF\nTHUNDER BOOK\nEXIT
MSG:5:304	029E85	MSG:0:304	3030300a3130300a3135300a3230300a3235300a3330300a93919300	000\n100\n150\n200\n250\n300\nEnd	000\n100\n150\n200\n250\n300\nEXIT
MSG:5:305	029EA1	MSG:0:305	1a111bbf0afce810830aa811329b0aa811339b0a93919300	Start\nChip\nPart 2\nPart 3\nEnd	START\nCHIP AFTER\nPART 2\nPART 3\nEXIT
MSG:5:306	029EB9	MSG:0:306	30300a31300a32300a33300a34300a35300a93919300	00\n10\n20\n30\n40\n50\nEnd	00\n10\n20\n30\n40\n50\nEXIT
MSG:5:307	029ECF	MSG:0:307	30300a33300a35300a37300a93919300	00\n30\n50\n70\nEnd	00\n30\n50\n70\nEXIT
MSG:5:308	029EDF	MSG:0:308	e2d5cf3b1a9d8981159b8411ab0c00	Do not use¶	NO MONITOR¶
MSG:5:309	029EEE	MSG:0:309	0f30300a0f31300a0f32300a0f33300a0f34300a0f35300a0f36300a0f37300a0f38300a0f39300a3130300a93919300	00\n10\n20\n30\n40\n50\n60\n70\n80\n90\n100\nEnd	 00\n 10\n 20\n 30\n 40\n 50\n 60\n 70\n 80\n 90\n100\nEXIT
MSG:5:310	029F1E	MSG:0:310	9512191e210a191297bd17887fc1edd3892c023693d1e12cc7e69c0a035701ba85033282981983ab1c0ae0e79c1b8281bc198ea585d2e97fc53bfcab01ef8c0a025abc824c569c10a18e1bbf120a0f0f0f0f0f0f0f159d1bbe120f01fb01ef02cc024d0f959700	Welcome! It is\neffective to make\nsure you raise\nBooks,Talons,{100}\nSaddles. Increase\nyour level without{D}\noverdoing it by\nusing Teleport\nCards to return to\nthe village.\n-Director Nakamura\nKouichi	환영합니다!\n공략 포인트는 책,발톱,안장을\n잘 키우는 것입니다\n무리하게 파고들지 말고 텔레포 카드로\n마을에 돌아와 LV를 올립시다\n    감수 나카무라 코이치
MSG:6:0	03026E	MSG:0:0	0402cd3bff04001b8e1c153f0c00	<02>Save<00>?¶	<02>세이브<00>할까요?¶
MSG:6:1	03027C	MSG:0:1	0402cd3bff040001fbab1c0a0402e1e2e73bc53bfc04009c0a0292158411ab17a81a110c00	<02>Saving<00>...\nDo not touch the\n<02>Memory Card<00>¶	<02>세이브<00> 중입니다\n<02>메모리 카드<00>를\n빼지 마세요¶
MSG:6:2	0302A1	MSG:0:2	01c501b3015f0f0706efe80c00	GP{7:06}Gil¶	소지금 {7:06}길¶
MSG:6:3	0302AE	MSG:0:3	0f0402cd3bff0400850271028d1b8e1b1f00	<02>Save<00> failed.	 <02>세이브<00>에 실패했습니다
MSG:6:4	0302C0	MSG:0:4	0402e1e2e73bc53bfc04009e0a1a1abc82118e1d9d00	There is no\n<02>Memory\nCard<00>.	<02>메모리 카드<00>가\n꽂혀 있지 않습니다
MSG:6:5	0302D6	MSG:0:5	0f890f110a0f11111300	Yes\nNo	 예\n 아니오
MSG:6:6	0302E0	MSG:0:6	ac8802af8c019f978e1c153f0c00	Floor?¶	몇 층으로 내려갈까요?¶
MSG:6:7	0302EE	MSG:0:7	d3e6277da885bf3c9d070000	A trap!{7:00}	함정이지롱~{7:00}
MSG:6:8	0302FA	MSG:0:8	0f0f0f158eac0f0f0f0c00	Furnace¶	   용광로   ¶
MSG:6:9	030305	MSG:0:9	e7cac1c7e85f27c7cc0c00	Recycle¶	리사이클 박스¶
MSG:6:10	030310	MSG:0:10	118080800a199dac89849da83c00	Whooa<\n{D}What\nhappened?	아야야야\n이번엔 또 뭐야~
MSG:6:11	03031E	MSG:0:11	849da82c01c201768801e215950d0a9d3f0a01c201768801e2a8bc823f00	Wah!{D}\nIn front\nof the inn?{D}\nWhy?	뭐야,여관 앞이잖아{D}\n응?\n여관 앞이라고?
MSG:6:12	03033C	MSG:0:12	8eb72ca88e1a99808ebc1f929d890a1bbf129e84111500	Nothing we\ncan do about{D}\nbeing\ntricked.	뭐,속아 넘어간 건\n어쩔 수 없지
MSG:6:13	030353	MSG:0:13	ac12939610880217ebe6023301ae880ad05dc95f9e1988f8edf45ded880ad6cb961b118400	The straw\nhat chocobo\nseems to be{D}\nthe keeper\nof the\ndungeon.	아무래도 저 밀짚모자 쓴\n초코보가 이 던전의\n주인인 것 같아
MSG:6:14	030378	MSG:0:14	1e9d84191fb719881a110aac12ab92111100	We best\nmove on.	그런 건 이제 와서\n아무래도 좋아
MSG:6:15	03038A	MSG:0:15	9512892c1088f8edf45ded880a01fb8589e9c084c0c1d2e09e0aacbc80bd97109815921b999d0abc821983a89500	The main\nthing is,\nthere is\nprobably{D}\ntreasure\ninside that\ndungeon...	요컨대,저 던전\n안에는 레어 아이템이\n잔뜩 있을지도 모른다\n이거지
MSG:6:16	0303B8	MSG:0:16	1e99a4bd2cc4e98901c0911e12840a83199a9c01f81b82179815961a0d0a04040b040089f8edf45ded850a019f978211178885021e02408401e6010c0a9c01dc139a950d0a1e99a4bdb78700	Anyway,\nwhile I\nfind us a{D}\nplace to\nstay,you\nshould{D}\nprepare to\nexplore,\n<04>{B}<00>!	그럼,난 살 만한 곳을\n찾아볼 테니까{D}\n<04>{B}<00>,넌 던전에\n내려갈 준비를 해 둬{D}\n그럼 나중에 봐
MSG:6:17	030404	MSG:0:17	93b70a1196bc1bbd1100	Hello,\nthere!	여어\n어서 와
MSG:6:18	03040E	MSG:0:18	026e027c01768c9512191e0a84859c026e027c1b8e1bbf1200	Welcome\nto my{D}\nForge.\nWant to\nfuse?	합성소에 잘 왔어\n뭘 합성할까?
MSG:6:19	030427	MSG:0:19	018fa8873f0d0a1abc16881ca2170a0265025b84e23bf0e7880a02a20282bc82888900	You\nfriends\nwith{D}\nthe hypermoogle\nfrom{D}\nbefore?	너구나?{D}\n아까 그 엄청\n활기찬 모그리의\n친구라는 게
MSG:6:20	03044A	MSG:0:20	0265025b84e23bf0e784960a01ef01fe8802528c019ebc1f950d0a102c1e121e120d0a1e881280022e9bbc1f0a01c802159c1c9815960d0a1e888316850a0241821799958400	That\nenergetic{D}\nmoogle\nwent to{D}\nsee the\nmayor.{D}\nMy shop\nopens soon{D}so please\ncome by{D}\nthen!	활기찬 모그리라면\n촌장님 댁에 갔어{D}\n아,맞다 맞다{D}\n조만간 색다른\n장사를 시작할 테니까{D}\n그때\n와 줘
MSG:6:21	030490	MSG:0:21	01ef01fe88025215113f0d0a5fc78819880252881ca00a01a5880252a8950d0a1e19880404db2627c704001a9d9e0a198801ef8801ef01fe1a00	The mayor?{D}\nGo left\nfrom here!{D}\nThe villagemayor,{D}\n<04>Fawkes<00>\nis there.	촌장님 댁 말이야?{D}\n우리 집 바로\n왼쪽 집이야{D}\n거기 <04>포크<00> 씨가\n이 마을 촌장이지
MSG:6:22	0304CA	MSG:0:22	8ea81988025902549e0a020a1584119da800	My\nmachine{D}\nis not\nrunning.	아직 이 기계가\n안 움직여
MSG:6:23	0304DC	MSG:0:23	1988025902541ca0850acafe821b8e129da80d0a8485151111c0c1d2e09e0a84111584b700	My machine\nis rusty.{D}\nIf there\nwas an{D}\nitem to\nhelp...	이 기계는 금방\n녹이 슬어 버려{D}\n뭔가 좋은 아이템\n없으려나
MSG:6:24	030501	MSG:0:24	101010102c100a1e1e2c1e88c53bfc890a84842c849da8113f00	Ahhhh,\nthat!{D}\nThat\ncard! Whatis that?	아아아아,아\n그그,그 카드는\n뭐,뭐야?
MSG:6:25	03051B	MSG:0:25	024c12950a1999a4bd841100	Not\nthis.	아니야\n이게 아니야
MSG:6:26	030527	MSG:0:26	1414210a1999892100	Ah,\nthis!	오오!\n이건!
MSG:6:27	030530	MSG:0:27	93bcb2971e12a80a1999a82100	This\nwill{D}\ndo it!	역시 그렇군\n이거야!
MSG:6:28	03053D	MSG:0:28	018f210a1ca2119519992100	You!\nAmazing!	너!\n이거 굉장해!
MSG:6:29	030549	MSG:0:29	10bc210af2e1ed00	Ah!	앗!\n미안
MSG:6:30	030551	MSG:0:30	c53bfc2c15bc82850a0153bc80bdbc1f9500	Sorry!{D}\nI ended\nup{D}\nusing thecard.	카드,멋대로\n써 버렸어
MSG:6:31	030563	MSG:0:31	ab922c025902549e020a111f15960a03401b821799958400	But now,\nit runs!{D}\nForgive\nme!	그래도 기계가 움직였으니\n용서해 줘
MSG:6:32	03057B	MSG:0:32	1e88159b97850a31017da818ca3bfecc1c98159600	As an\napology{D}\nuse it\nonce,free.	그 대신\n1번은 공짜로 해 줄게
MSG:6:33	030590	MSG:0:33	102c19880259025488031a012a9c0a1b828415bc1f958400	Ah,I\nnever{D}\nexplained\nit...	아,이 기계 설명을\n안 했지
MSG:6:34	0305A8	MSG:0:34	1e122c198802590254191e9e0ac7eb83c7eb9c01a4a6820a02b51b11c7eb851c9802590254a800	This\nmachine can\nfuse{D}\ntogether\ntwo of\nyour tools.	그래,이 기계야말로\n도구와 도구를 섞어서\n새 도구로 만드는 기계야
MSG:6:35	0305CF	MSG:0:35	133f0a95179b159684113f00	Eh?\nTell you{D}\nmore?	응?\n잘 모르겠다고?
MSG:6:36	0305DB	MSG:0:36	133c832c0339035f8502661283a88400	How to say...	음~ 간단히 말하자면
MSG:6:37	0305EB	MSG:0:37	1e88018f8801b3bc821198d1e10a1e122cd1e19c328111991f960a02b51b11d1e18501de8e99022e9b9800	Those\nTalons you\nhold. Put{D}\ntwo of\nthem in to\ncreate a{D}\nnew one.	네가 가진 그 발톱\n그래,발톱을 2개 넣으면\n새 발톱으로 다시 태어나지
MSG:6:38	030616	MSG:0:38	1e88018f8801b3bc821198c7e60a1e122cc7e69c328111991f960a02b51b11c7e68501de8e99022e9b9800	Those\nSaddles you\nhold. Put{D}\ntwo of\nthem in to\ncreate a{D}\nnew one.	네가 가진 그 안장\n그래,안장을 2개 넣으면\n새 안장으로 다시 태어나지
MSG:6:39	030641	MSG:0:39	01e6010cab169892889c328111991f960a02b51b11e2d88501de8e99022e9b989da800	Put two\nequippable{D}\nitems in to\nmake a new\none.	장비품을 2개 넣으면\n새 물건으로 다시 태어나지
MSG:6:40	030664	MSG:0:40	3d3dd1e13f0a018f2c1e88d1e189ac19ab0a01ba850210991f9da83f00	...\nTalons?\nWhere did{D}\nyou find\nthose\nTalons?	…발톱?\n너,그 발톱은 어디서\n손에 넣은 거야?
MSG:6:41	030681	MSG:0:41	3d3dc7e63f0a018f2c1e88c7e689ac19ab0a01ba850210991f9da83f00	...\nSaddle?\nWhere did{D}\nyou find\nthose\nTalons?	…안장?\n너,그 안장은 어디서\n손에 넣은 거야?
MSG:6:42	03069E	MSG:0:42	1e121113ad2c018f0a1e99892c849da8113f0aac19ab01ba850210991f9da83f00	Speaking\nof which\nwhat is{D}\nthat?Where\nis it\nfrom?	그러고 보니,너\n그건 뭐야?\n어디서 손에 넣었어?
MSG:6:43	0306BF	MSG:0:43	1e9989dadfd13f00	Secret?	그건 비밀?
MSG:6:44	0306C7	MSG:0:44	025b858498a4bd8411150a025f138217999500	Curious!\nTell me!	궁금하잖아\n알려 줘
MSG:6:45	0306DA	MSG:0:45	f8e13f00	No?	안 돼?
MSG:6:46	0306DE	MSG:0:46	123c9d0a025b858498a73c00	Hm...{D}\nHow\nodd.	으음~\n궁금하다~
MSG:6:47	0306EA	MSG:0:47	849da8bc823f0af8edf45deda8bc823f00	What?\nA dungeon?	뭐라고?\n던전이라고?
MSG:6:48	0306FB	MSG:0:48	123c9d0a0404c5dfe67b7b04001a9d92027b0364a818ac0af8edf45ded92025b85849884b700	I worry for\n<04>Camillas Dad<00>\nbut also{D}\nthe dungeon\n...	으음~\n<04>카미라 아빠<00>도 걱정이지만\n던전도 궁금하네
MSG:6:49	030721	MSG:0:49	31017dca3bfecc1c98bc820a036f035ba8bc1f8700	You were\npromised{D}\none free\ntry.	1번 공짜로 해 주기로\n약속했었지
MSG:6:50	030736	MSG:0:50	1988070081ab111115113f0f0c00	{7:00}	이거 {7:00}개면 될까?¶
MSG:6:51	030744	MSG:0:51	0700efe80a021e0240a818ac111115843f0f0f0c00	{7:00}	{7:00}길\n필요한데 괜찮겠어?¶
MSG:6:52	030759	MSG:0:52	01a802c92c8e1001fd01ae9e024a119da80a1088c53bfc88019a1601289e0a841784bc82161f8815843f00	Lately it\nhas not\nworked.{D}\nPerhaps the\nCard has\nworn off?	요즘 또 상태가 안 좋아\n그 카드의 효과가\n다 떨어졌나?
MSG:6:53	030784	MSG:0:53	1ab72cac9dac9d0241821799950a92bc8314015f9c02e691820d0a0404cad5c004009c19198c01979dab0a11bc1bbf850369961c9da800	You keep\ncoming{D}\nback! After\nsaving more{D}\nmoney,I\nwill ask{D}\n<04>Sania<00> to\nlive here.	자,계속 찾아와 줘\n돈을 더 모아서{D}\n<04>사니아<00>를 여기로 불러\n함께 살 거야
MSG:6:54	0307BB	MSG:0:54	93bc832c0404cad5c004009e02418217991f950a19991596922c1988140287ab0a026e027c1b8217999500	<04>Sania<00> is\nfinally here!\nKeep fusing{D}\nhere from\nnow on!	드디어 <04>사니아<00>가 와 줬어\n앞으로도 이 가게에서\n합성해 줘
MSG:6:55	0307E6	MSG:0:55	89a4918e1b820a0404cad5c004008311118e1c00	Hello!{D}\nI am\n<04>Sania<00>.	처음 뵙겠습니다\n<04>사니아<00>라고 해요
MSG:6:56	0307FA	MSG:0:56	1181920404e6ccc704009e0a141d9b8584bc828e1c00	<04>Rask<00> is\nalways{D}\nhelping\nme.	늘 <04>라스크<00>가\n신세 지고 있어요
MSG:6:57	030810	MSG:0:57	9b1f1b929e9dad978e1c15960a10841f922c9e9dadbc8217a81a118700	I am doing\nmy best,so{D}\nyou do the\nsame!	저도 열심히 할 테니\n당신도 힘내세요
MSG:6:58	03082D	MSG:0:58	ac121c983f0a328188026e027c15113f0a1e9983922c338115113f0c00	So,want\nto fuse 2?\nOr 3?¶	어떻게 할래?\n2개 합성?\n아니면 3개?¶
MSG:6:59	03084A	MSG:0:59	3281880a3381880a939182141700	2\n3\nQuit	2개\n3개\n그만둔다
MSG:6:60	030858	MSG:0:60	14933f0a1e88c53bfc89849da83f0a80bfbc83015c1d8217999500	Oh? What\nis that\ncard?{D}\nCould I\nsee?	어라?\n그 카드는 뭐야?\n잠깐 보여 줘
MSG:6:61	030873	MSG:0:61	192c1999892100	What?	이,이건!
MSG:6:62	03087A	MSG:0:62	10210ff2e1ed0a8e1f93bc1f9500	Sorry!\nI did{D}\nit\nagain!	앗!미안\n또 저질렀어
MSG:6:63	030888	MSG:0:63	19999c10a19815960a03401b8217999500	Please\nforgive{D}\nme.\nHere.	이걸 줄 테니까\n용서해 줘
MSG:6:64	030899	MSG:0:64	81110154bc1f9da818ac0a1faf9d015313988301af1200	This was\nmade.{D}\nYou can\nuse it.	그냥 만들어 본 건데\n아마 쓸 만할 거야
MSG:6:65	0308B0	MSG:0:65	1faf9dc0c1d2e09c31810a01fa035788ac19158c010d9dab1799980d0a02a60202ab892c018f8802528c0a036dbc8217989500	This item\ncan return{D}\nan item to\nyour home.	아마 아이템을 1개\n지상 어딘가로 옮겨 줄 거야{D}\n예정대로라면 너희 집으로\n돌아올 거야
MSG:6:66	0308E3	MSG:0:66	ac121b1f3f0a8e1fd2e97f5f27c7cc9e119888153f00	What is\nit? Another{D}\nTeleport Box?	무슨 일이야?\n또 텔레포 박스가 필요해?
MSG:6:67	0308F9	MSG:0:67	89112c1999ab111100	Yes,\nhello.	자,이거면 됐어
MSG:6:68	030902	MSG:0:68	01b7892c025902549c0a7beb3bc0277d1b1f9da800	I powered\nthe{D}\nmachine.	실은,기계를\n파워업했어
MSG:6:69	030917	MSG:0:69	026e027c1c988316852ccfd79301b79c0a11bc1bbf8501a4a69819839eab16989da800	When fusing\nyou can also{D}\nadd a seed or\nnut.	합성할 때 씨앗이나 열매를\n같이 섞을 수 있게 됐어
MSG:6:70	03093A	MSG:0:70	0404c2c1f504009e0adaedd39c17991f9da800	<04>Wiz<00> gave\na hint.	<04>위즈<00>가\n힌트를 줬거든
MSG:6:71	03094D	MSG:0:71	026e027c1c9883168511bc1bbf8502109998830ad1e193c7e6882c0211011d9c026e01f3ab16980acfd79e1098961b1100	When fusing\nthere is a\nseed to{D}\ncombine abilitiesof Talons and\nSaddles.	합성할 때 같이 넣으면\n발톱이나 안장의 능력을\n합칠 수 있는 씨앗이\n있다나 봐
MSG:6:72	03097E	MSG:0:72	92bc83920211011d8932811b150a026e027cab16841118ac8400	At most\nup to 2{D}\nabilities\ncan fuse.	다만 능력은 2개까지만\n합성할 수 있지만
MSG:6:73	030998	MSG:0:73	015c81181f888496849dab920a1f911b828f989da88400	If you\nfind it,{D}\ntry it\nwith many{D}\nthings.	찾으면 뭐든지\n시험해 보라고
MSG:6:74	0309AF	MSG:0:74	01b78992121ca00252035c9e0a0280131e12848800	Seems my\nfamily{D}\nwill\ngrow soon.	실은 곧 가족이\n늘 것 같아요
MSG:6:75	0309C4	MSG:0:75	1bad9617af97870a01ae0341bc821ca08501f616178498889500	The children\nwill soon be{D}\nall grown\nup.	오랜만이에요\n아이들은 금방 자라네요
MSG:6:76	0309DE	MSG:0:76	0404c5c6c00400210d0a19bc808c0241820aa210111a811b841a1100	<04>Kakia<00>!{D}\nCome\nintroduce{D}\nyourself!	<04>카키아<00>!{D}\n이리 와서\n인사드리렴
MSG:6:77	0309FA	MSG:0:77	192c199d85808900	H...{D}\nhello.	아,안녕하세요
MSG:6:78	030A02	MSG:0:78	b0ba3c00	...	메롱~
MSG:6:79	030A06	MSG:0:79	1996210a0404c5c6c004008e80841a112100	Hey!{D}\n<04>Kakia<00>,\nwait!	요 녀석!\n<04>카키아<00>,거기 서!
MSG:6:80	030A18	MSG:0:80	923c210aa8998503511f88151b9600	Hmph!\nHe takes\nafter...	정말~!\n누굴 닮았담
MSG:6:81	030A27	MSG:0:81	c4e9153d3d00	Me...	나인가…
MSG:6:82	030A2D	MSG:0:82	01ae033282bc821f118c9d950aab921f881b119b00	It is\nhard,but{D}\nfun to\nraise{D}\nkids.	아이 키우기는 힘들어요\n그래도 즐거워요
MSG:6:83	030A42	MSG:0:83	8f9d84027715bc1f18ac0af8edf45ded89030fbc1f8400	Everyone\nis safe.{D}\nThe\ndungeon{D}\nstayed.	모두 무사했지만\n던전은 남았네
MSG:6:84	030A59	MSG:0:84	f8edf45ded9e109815960a1402879e01ed189699989da800	My store\nstays open{D}\nusing the\ndungeon.	던전이 있으니까\n가게를 계속할 수 있어
MSG:6:85	030A71	MSG:0:85	8f9d84023901b1ab0a9515bc1f9b00	Glad\nevery{D}\none\nis OK.	모두 무사해서\n다행이에요
MSG:6:86	030A80	MSG:0:86	f8edf45ded9e841784968417820a9515bc1f88152c9b9815bc1f88150d0a9b1f1b85892c9b159684119b00	I am not\nsure if it{D}\nis good or\nbad that the{D}\ndungeon\nstayed.	던전이 사라지지 않은 게\n잘된 건지,잘못된 건지{D}\n저는 모르겠어요
MSG:6:87	030AAB	MSG:0:87	f8edf45dedbc8284853f00	What is{D}\na dungeon?{D}\nIs it	던전이 뭐야?
MSG:6:88	030AB6	MSG:0:88	14921b9a11883f0c00	...cool?¶	재밌어?¶
MSG:6:89	030ABF	MSG:0:89	a4bd105fc7920a8911bc828f9500	I will\ntry to{D}\ngo in\ntoo!	그럼 나도\n들어가 볼래
MSG:6:90	030ACD	MSG:0:90	849da80a818e9d84118800	Oh!{D}\nIs it\nboring?	뭐야\n시시해
MSG:6:91	030AD8	MSG:0:91	3d3d3d3d00	...	……
MSG:6:92	030ADD	MSG:0:92	f8e1a8950a14015f92bc828416bd00	How{D}\nbad! I\nneed{D}\nmoney!	안 돼\n돈이 없으면
MSG:6:93	030AEC	MSG:0:93	5fc7892c027f02670176880a0404c2c1f50400bc821112881a00	I am <04>Wiz<00>!{D}\nI run the\nstorage.	나는 창고지기\n<04>위즈<00>라고 해
MSG:6:94	030B06	MSG:0:94	c6df9e0f0f0f0f0f0f0a04040b0400a8873f00	Are you\n<04>{B}<00>?	혹시 네가\n<04>{B}<00>?
MSG:6:95	030B19	MSG:0:95	1abc16e23bf0e7880a0404c0d3e604009e161f9500	A moogle,<04>Atla<00>,{D}\ncame by.	아까 모그리\n<04>아트라<00>가 왔었어
MSG:6:96	030B2E	MSG:0:96	1e881280851f171a9d0ac0c1d2e09c01b3bc820a179815960d0a027f02679c018e188311820a1799bc820266bc821f9500	He said\nsince he\nwill be{D}\nbringing\nitems\nsoon,he{D}\nwanted\nto rent a\nstoreroom.	조만간 아이템을\n잔뜩 가지고\n올 테니까{D}\n창고를 비워 달라고\n하더라고
MSG:6:97	030B5F	MSG:0:97	921b151b820af8edf45dedab920a015c81181f8815843f00	Maybe\nit is\nitems{D}\nfound in\ndungeons?	혹시\n던전이라도\n찾은 걸까?
MSG:6:98	030B77	MSG:0:98	14015f9e1f8ebc1f960a8e1f1411ab9500	You need\nmoney!	돈이 모이면\n또 와
MSG:6:99	030B88	MSG:0:99	1e121e122c5fc7890a027f0267017684881a0d0aac12a8112c027f02679c0a1597828f841115113f00	Right. I\nmanage{D}\nthe store-house.{D}\nNeed some\nstorage?	그래그래,나는\n창고지기야{D}\n어때,창고를\n빌려 보지 않을래?
MSG:6:100	030BB1	MSG:0:100	318188027f0267852c3130c90ac0c1d2e09e021098881a00	One\nstoreroom{D}\nholds 10\nitems.	창고 1개에 아이템이\n10개 들어가
MSG:6:101	030BC9	MSG:0:101	ac12a8112c027f026731810a0700efe81a0a15979815113f0c00	Rent one?\n{7:00}	어때,창고 1개\n{7:00}길이야\n빌릴래?¶
MSG:6:102	030BE3	MSG:0:102	021e02408584bc1f960a168217991f9611111a00	I will\nbe here{D}\nif you\nneed me.	필요해지면\n오면 돼
MSG:6:103	030BF7	MSG:0:103	8e11ac10973c00	Thanks!	매번 고마워~
MSG:6:104	030BFE	MSG:0:104	02f918980a02729701c41c0a93919800	Give\nTake\nEnd	맡긴다\n꺼낸다\n그만둔다
MSG:6:105	030C0E	MSG:0:105	0fc2c1f588027f02670f0c00	Storage¶	 위즈의 창고 ¶
MSG:6:106	030C1A	MSG:0:106	9212dbc7ea9e11bcb211a89500	Your bag is\nalready full.	이제 주머니가 가득 찼어
MSG:6:107	030C27	MSG:0:107	108e9790971b8411ab0a94bc17979399ad11111a00	Working\ntoo hard{D}\nis bad.\nRelax\nsome!	너무 무리하지 말고\n천천히 하면 돼
MSG:6:108	030C3C	MSG:0:108	fce8018f9e198801ef8802b51b1101c00149850a84bc1f881a00	<04>Chip<00> is new\nto living in{D}\nthe village.	도르가 이 마을의\n새 주민이 됐어
MSG:6:109	030C56	MSG:0:109	159b111101c001499e8b13820a12991b11159f971a00	Glad to\nsee more{D}\ncute new\nresidents!	귀여운 주민이 늘어서\n기쁘기 그지없어
MSG:6:110	030C6C	MSG:0:110	1e99851b82920404c5dfe67b7b0400890aa811a4bf12af848815b700	I really\nhope that{D}\n<04>Camillas Dad<00>\nis OK.	그나저나 <04>카미라 아빠<00>는\n괜찮은 걸까
MSG:6:111	030C88	MSG:0:111	0404c5dfe67b7b04009e0a027715bc1f8301afbc1f88850d0a199dac892c0404c0d3e604001500	Just after\n<04>Camillas{D}\nDad<00> was\nsaved,now{D}\n<04>Atla<00>...	<04>카미라 아빠<00>가\n살았다 싶었더니{D}\n이번엔 <04>아트라<00>인가
MSG:6:112	030CAF	MSG:0:112	102c1e9989029101d013a8870a029101d013932c140336881983890a0404c5dfe604009e179b1b11881a00	Ah,your\nPlant.\n<04>Camilla<00>{D}\nknows\nabout\nplant pots{D}\nand flowers.	아,그건 화분이구나\n화분이나 꽃에 대해선\n<04>카미라<00>가 잘 알아
MSG:6:113	030CDA	MSG:0:113	0404dfe804001a9d892c0404fce80400018f830a11bc1bbf8517961c9da8bc821a00	<04>Mill<00> is\nliving with{D}\n<04>Chip<00>!	<04>미르<00> 씨는 <04>도르<00> 군과\n함께 산대
MSG:6:114	030CFC	MSG:0:114	0404fce80400018f922c12991b1e12a89500	<04>Chip<00> seems{D}\nhappy!	<04>도르<00> 군도 기뻐 보여
MSG:6:115	030D0E	MSG:0:115	0404fce80400018f832c0404dfe804001a9d850a01ae03419e01de8e991f881a0d0a1e9992360297921a00	<04>Mill<00> and\n<04>Chip<00> had{D}\nbabies!{D}\n6 of\nthem!	<04>도르<00> 군과 <04>미르<00> 씨에게\n아이가 태어났어{D}\n그것도 6마리나
MSG:6:116	030D39	MSG:0:116	1e99851b82920404c0d3e60400890aa811a4bf12af848815b700	I hope\n<04>Atla<00>{D}\nis all\nright.	그나저나 <04>아트라<00>는\n괜찮은 걸까
MSG:6:117	030D53	MSG:0:117	123c9d0a8e1ff8edf45ded9eab1f9500	Now,\nanother{D}\ndungeon is\nmade.	으음~\n또 던전이 나타났어
MSG:6:118	030D63	MSG:0:118	ac129396027297034a8e991f88890a029088c5c5cb961b11881a00	This time\na farm{D}\nscarecrow\nwas taken.	아무래도 사로잡힌 건\n밭의 허수아비인가 봐
MSG:6:119	030D7E	MSG:0:119	318188027b15969b16ab1f0a02fa036aa4bd8411159200	Not just\nthe{D}\ndesire of\none heart.	마음 하나에서 솟아난\n욕망이 아닐지도 몰라
MSG:6:120	030D95	MSG:0:120	1f171a9d8801c91a8402fa036a9e0a02758ebc82989512840ac1e13bf484881a00	Rather\nit seems\nmany{D}\nsmall\ndesires\ntogether.	수많은 작은 욕망이\n모여 있는 듯한\n느낌이야
MSG:6:121	030DB6	MSG:0:121	849d8384179b15bc1f881a0d0a1088f8edf45ded890ac5c5cb9c02e91b8202889bbc1f0d0a01ef888f9d8488027b84881a00	Somehow I\nsee. The{D}\nscarecrow\nis a vessel{D}\nfor the\ndungeon to{D}\ntransmit\nour desires.	어쩐지 알 것 같아{D}\n저 던전은\n허수아비를 통해 전해진{D}\n마을 모두의 마음이야
MSG:6:122	030DE8	MSG:0:122	1e122cf8edf45ded9e0a10bc1f8d129e01ef9e0a01f6161784981b0d0a02e40165920280139815968700	While\na dungeon\nexists,{D}\nthe\ntown grows{D}\nand more\nfriends\narrive.	그래,던전이\n있는 편이 마을이\n커지고{D}\n동료도 늘어나니까
MSG:6:123	030E12	MSG:0:123	123c9d0a849da8152c02d3014802d8850aa88e1a998211989512843d3d00	It seems\nthe Tyrian\nCrystal is{D}\ndeceiving\nthem.	으음~\n어쩐지 자수정에\n속고 있는 것 같은데…
MSG:6:124	030E30	MSG:0:124	1196bc1bbd1100	Hello.	어서 오세요
MSG:6:125	030E37	MSG:0:125	10962c111102a1aa93880ad05dc95fa8198300	Oh,a\nchocobo!{D}\nWhat fine\nfeathers!	어머,깃털이 참 고운\n초코보네요
MSG:6:126	030E4A	MSG:0:126	dede210a7b7b2cac1985920a1184119b9500	Mom!\nDad is\nmissing!	엄마!\n아빠가 어디에도\n없어
MSG:6:127	030E5C	MSG:0:127	10963c0aac198c11bc1f880a151b963f00	Oh,wherecould\nhe be?	어머~\n어디 가셨을까?
MSG:6:128	030E6D	MSG:0:128	029085920a118415bc1f8800	He was\nnot in{D}\nthe\nfield!	밭에도\n없었어
MSG:6:129	030E79	MSG:0:129	10962c1e121113ad0a10841f7b7b9c015c8e0a1d9dab1b1f3f00	How aboutyou?{D}\nHave you\nseen him?	어머,그러고 보니\n혹시 아이 아빠를\n못 보셨나요?
MSG:6:130	030E93	MSG:0:130	dffce7880217ebe60a023301ae9c15afbc1f0ad05dc95f8488ab1c9e00	He is a\nchocobo\nwearing{D}\na green\nstraw\nhat.	초록색 밀짚\n모자를 쓴\n초코보인데요
MSG:6:131	030EB0	MSG:0:131	13210aac19ab015c1f883f00	Oh!\nWhere?	어!\n어디서 봤어?
MSG:6:132	030EBC	MSG:0:132	10963f0a01c20176ab1c153f0c00	Oh,the\ninn?¶	어머?\n여관이요?¶
MSG:6:133	030ECA	MSG:0:133	13210a01c2017684883f00	Oh!Theinn?	어!\n여관이라고?
MSG:6:134	030ED5	MSG:0:134	dede2c8485150a8c9da89b00	Some-\nthing{D}\nis\nfishy,{D}\nMom.	엄마,뭔가\n이상해
MSG:6:135	030EE1	MSG:0:135	8ea801539b99821184110a01c201768488853d3d00	The inn isnot in{D}\nbusiness\nyet.	아직 영업도 안 하는\n여관인데…
MSG:6:136	030EF6	MSG:0:136	1e1287ba2c0404c5dfe604000a80bfbc8302a891983f00	Can I\nask a{D}\nfavor,\n<04>Camilla<00>?	그래,<04>카미라<00>\n부탁 좀 해도 될까?
MSG:6:137	030F0D	MSG:0:137	0404db2627c704001a9d850a1402ac1b821411820a1799983f00	Can you\ntalk to\n<04>Fawkes<00>?	<04>포크<00> 씨께\n이야기 좀\n전해 줄래?
MSG:6:138	030F27	MSG:0:138	9b15bc1f9b210a019ebc8217989b8700	Got it!\n{D}I will\nbe back!	알았어!\n다녀올게
MSG:6:139	030F37	MSG:0:139	10960aa2919d841a11870d0a1dbc15170241820a111fa8111f888500	Oh,\nsorry.{D}\nAfter\nyou{D}\ncame all\nthis way.	어머\n미안해요{D}\n모처럼 와\n주셨는데
MSG:6:140	030F53	MSG:0:140	7b7bbc1f960aac121b1f88151b9600	My,where\nis my{D}\nhusband?	아이 아빠도 참\n어떻게 된 걸까
MSG:6:141	030F62	MSG:0:141	10960aa2919d841a11870d0a14028788012302ad0a1b8284118800	Oh,sorry.Nothing{D}\nis for\nsale.	어머\n미안해요{D}\n가게 준비를\n못 했어요
MSG:6:142	030F7D	MSG:0:142	7b7b9e118411830a02159892889e84118800	Papa is\ngone and{D}\nwe have\nnothing{D}\nto sell\neither.	남편이 없으면\n팔 물건이 없어요
MSG:6:143	030F8F	MSG:0:143	10962c10841f0a84859c92bc8298883f00	Oh,what\nis this?	어머,당신\n뭘 가지고 있어요?
MSG:6:144	030FA0	MSG:0:144	10962c199911119b9500	How nice.	어머,이거 좋네요
MSG:6:145	030FAA	MSG:0:145	ac19159601b3bc82161f88150a014096841118ac0a9b1f1b850215bc8217998e1d9d3f00	Not sure\nwhere\nyou bought{D}\nit from,but\nwill you{D}\nsell it?	어디서 가져왔는지\n모르겠지만\n저한테 팔지 않을래요?
MSG:6:146	030FCE	MSG:0:146	7b7b9e11841115960a02159702299e8417820a198ebc821f8800	We have\nno wares\nwith my{D}\nhusband\ngone.	남편이 없어서\n팔 물건이 없어\n곤란했거든요
MSG:6:147	030FE8	MSG:0:147	92bc832c119a119a8492889c0a01b3bc82168201781a118700	Please\nbring even{D}\nmore items\nfor us.	앞으로도 여러 가지\n가져와 주세요
MSG:6:148	031001	MSG:0:148	7b7b89ac198c0a11bc1f88151b963f00	Oh,where\ncould he{D}\nhave\ngone?	아이 아빠는 어디\n간 걸까?
MSG:6:149	031011	MSG:0:149	8ebc1f177b7bbc1f960aac198c11bc1f88151b960d0a92122c14028785a81c92889e0a841784bc1f888500	Geez,Dad.{D}\nWhere in\nthe world{D}\ndid you\ngo to?{D}\nWe have no\ninventory...	정말 이이도 참\n어디 간 걸까{D}\n이제 가게에 낼 물건도\n다 떨어졌는데
MSG:6:150	03103C	MSG:0:150	10841f9e2c119a119a8492889c0a92bc82168217999815960a14028792128e1711bc8211989b00	Because you\nhave brought\nmany things{D}\nback,the\nshop is\ndoing well.	당신이 이것저것\n가져다준 덕분에\n가게도 잘되고 있어요
MSG:6:151	031063	MSG:0:151	0404db2627c704001a9d15960a0324168e1b1f00	<04>Fawkes<00>\ntold me.	<04>포크<00> 씨한테\n들었어요
MSG:6:152	031077	MSG:0:152	10841f9e01b3bc8217980ac0c1d2e0890d0af8edf45ded159601b3bc820a025abc82161f9288ab0d0a1e88f8edf45ded9c0154bc1f889e0a7b7ba8bc8200	The items you\nbrought were{D}\nfrom the\ndungeon my{D}\nhusband built.	당신이 가져오는\n아이템은{D}\n던전에서 가지고\n돌아온 거고{D}\n그 던전을 만든 게\n남편이라고요
MSG:6:153	0310B5	MSG:0:153	14033a11ab1c0a9b1f1b1f80887b7b9c0d0a7b7b9c0277188201781a1100	Please,my\nhusband!{D}\n...Please\nsave him!	부탁이에요\n우리 남편을{D}\n남편을 구해 주세요
MSG:6:154	0310D3	MSG:0:154	3d3d3d3d0a7b7b9c0277188210a1822100	...Save my\nPapa!	……\n아빠를 구해 줘!
MSG:6:155	0310E4	MSG:0:155	109d84851483841b17820a14a89315847b7b9e3d3d00	My calm,\nmature{D}\npapa...	그렇게 얌전하고\n온화한 아빠가…
MSG:6:156	0310FA	MSG:0:156	034f892c1403368819831b159b1596841118ac0a848515036e851f829819839e1099ad3d3d00	I really only\nknow about{D}\nflowers. If you\nthink I can{D}\nhelp...	난 꽃밖에 모르지만\n뭔가 도울 일이 있다면…
MSG:6:157	031120	MSG:0:157	14033a119500	...	부탁해
MSG:6:158	031126	MSG:0:158	10979e8312870a10841f881415a19500	It is all\nthanks to{D}\nyou!	고마워요\n당신 덕분이에요
MSG:6:159	031136	MSG:0:159	93bc837b7b92017d01321b82161f9b00	My husband{D}\nis healing.	드디어 남편도 회복됐어요
MSG:6:160	031146	MSG:0:160	10960a7b7b849602908c01c415181f9b9500	He left\nfor the{D}\nfields.	어머\n남편이라면 밭에 나갔어요
MSG:6:161	031158	MSG:0:161	0404c0d3e6040080bd9d0aac1284bc80bd1288151b963d3d00	But what\nhappened to{D}\n<04>Atla<00>?	<04>아트라<00>는\n어떻게 되는 걸까…
MSG:6:162	031171	MSG:0:162	7b7b9c3d3d3d0a10979e831200	Thank\nyou...\nfor my\ndad...	아빠를…\n고마워
MSG:6:163	03117E	MSG:0:163	9b1f1b85928485150a1401ba0288111a1d8200	Please,\nlet me{D}\nhelp\nsomehow.	나도 뭔가\n돕게 해 줘
MSG:6:164	031191	MSG:0:164	159bbc1f02918700	Odd{D}\nPlant!	특이한 화분이네
MSG:6:165	031199	MSG:0:165	f8edf45ded8801fbab0a015c81181f88ab1bbf3f00	Did you\nfind it{D}\nin the\ndungeon?	던전 안에서\n찾은 거지?
MSG:6:166	0311AE	MSG:0:166	cfd7152c01b79c92bc8284113f0a1e9985023e13980127922c92bc8284113f00	Do you have\nSeeds,Nuts{D}\nor Tonics to\nuse on it?	씨앗이나 열매 없어?\n거기 줄 약도 없어?
MSG:6:167	0311CE	MSG:0:167	cfd7832c0127ab0a033282828f8e1bbf129500	Try\nusing a{D}\nSeed and\nTonic.	씨앗이랑 약으로\n키워 보자
MSG:6:168	0311E1	MSG:0:168	0291892c036302081f97880a111183199a8c02e311828300	Place the\nPlant in{D}\nthe\nsunlight.	화분은 햇볕이\n잘 드는 곳에 두고…
MSG:6:169	0311F9	MSG:0:169	84859c01d01398150190911f960a029101d0138c02109982870d0a019988919dac12899b1f1b9e0a015c82141715968700	Once you\nhave{D}\nchosen what\nto grow{D}\ninsert\nyour Plant.{D}\nLeave the\nrest to me.	뭘 심을지 정하면\n화분에 넣어 줘{D}\n그다음 돌보는 건 내가\n맡을게
MSG:6:170	03122A	MSG:0:170	8ea82c033789ab8284119b00	Not yet!	아직 싹이 안 났어
MSG:6:171	031236	MSG:0:171	03379e01c41f9b8700	It grew!	싹이 났네
MSG:6:172	03123F	MSG:0:172	1699118403368700	Pretty!	예쁜 꽃이네
MSG:6:173	031247	MSG:0:173	1999bc822cac9d8401b78488151b960a92122c01b3bc82019e17883f0c00	Take this\nnut?¶	이건 어떤 열매일까\n벌써 가져갈 거야?¶
MSG:6:174	031265	MSG:0:174	03541b82989b950a01b3bc82019e17883f0c00	Ripe!\nTake?¶	잘 익었어\n가져갈 거야?¶
MSG:6:175	031278	MSG:0:175	92122c027297850241841115960a171abc80bdbc1f9b9500	Darn. It\nrotted.	가지러 안 와서\n썩어 버렸어
MSG:6:176	031290	MSG:0:176	a2919d870a921202e31701cd01c59e84118800	Sorry\nthere is{D}\nno room.	미안\n더 둘 곳이 없어
MSG:6:177	0312A3	MSG:0:177	0f0f0f029101d0130f0f0f0c00	Plant¶	   화분    ¶
MSG:6:178	0312B0	MSG:0:178	ac999c01d01398883f0c00	Seed?¶	뭘 심을래?¶
MSG:6:179	0312BB	MSG:0:179	ac8801279c023e1398883f0c00	Tonic?¶	어떤 약을 줄래?¶
MSG:6:180	0312C8	MSG:0:180	1999ab0332829888873f0c00	Grow here?¶	이걸로 키우는 거지?¶
MSG:6:181	0312D4	MSG:0:181	9b15bc1f9b0a01f601b185033282989b8700	I see.\nI will{D}\ncare\nfor it.	알았어\n소중히 키울게
MSG:6:182	0312E6	MSG:0:182	dbc7ea9e11bcb211870a02f91882161f963f00	The bag\nis full.{D}\nStore\nitems?	주머니가 가득 찼네\n맡기고 오는 게 어때?
MSG:6:183	0312F9	MSG:0:183	10979e831200	...	고마워
MSG:6:184	0312FF	MSG:0:184	8ea82c01b5022a888415ab0a84859e1419bc1f88153d3d00	Still... I\nwonder{D}\nwhat came\nover me...	아직도 내 안에서\n무슨 일이 있었는지…
MSG:6:185	031317	MSG:0:185	c6c8ed84012885109b1d821b8ebc820a1c8e8415bc1f00	Sorry for\ncausing so{D}\nmuch danger.	위험한 일을 겪게 해서\n미안하네
MSG:6:186	03132E	MSG:0:186	018f02828502bd9c025f131f01990a02d3024988014802d89c8d97a81b1f9da800	I found a\npurple{D}\ncrystal after\nguiding you.	자네들에게 길을 알려 준 뒤\n보라색 수정을 캐냈다네
MSG:6:187	03134F	MSG:0:187	01b5022a8801fb852c01b5022aab84110179159e0a01b5022a8801fbab01f6161784bc8211bc1f00	Inside...\nSomething{D}\nthat was not\nme grew{D}\nbigger.	내 안에서,내가 아닌 무언가가\n점점 커져 갔지
MSG:6:188	031377	MSG:0:188	1e19159602dd892cc6df9e024d021b0a0140bc821198a89a1200	After that\nyou know{D}\nwhat\nhappened.	그다음은 자네가 제일\n잘 알겠지
MSG:6:189	031391	MSG:0:189	01b5022a88027b888415852c10889512840a027b9e10bc1f8389843d3d3d00	Something\nlike that was{D}\ndeep in my\nheart...	내 마음속에 그런\n마음이 있었다니…
MSG:6:190	0313B0	MSG:0:190	ac9d84027b85922c02b98303719e10980a1b151b2c03719e02b985849819839e0a10bc82898496841100	The heart\nhas light\nand dark.{D}\nThe most\nimportant\nthing is to{D}\nlighten\ndarkness.	어떤 마음에도 겉과 속이 있지\n하지만 속이 겉이 되는 일은\n있어서는 안 되네
MSG:6:191	0313DA	MSG:0:191	1b151b2c1088014802d889027b880a02b98303719c02109915139800	The\ncrystal made{D}\nlight\nbecome{D}\ndarkness.	하지만 그 수정은 마음의\n겉과 속을 뒤바꾼다네
MSG:6:192	0313F6	MSG:0:192	9517027715bc1f9288a80a1e1b822c1c8e841100	You did\nwell to{D}\nhelp. I\nam\nsorry.	용케 살아났군\n그리고,미안하네
MSG:6:193	03140A	MSG:0:193	018f8802a202829e2c027297034a8e99821b8ebc1f00	Now your\nfriend was{D}\npossessed.	자네 친구가 사로잡히고 말았네
MSG:6:194	031420	MSG:0:194	01f39e020a1795128584bc1f960a108802909c92bc8301fdb0828f98950d0a0179159b159815921b99841115968400	When I can\nmove,I will\nsearch the{D}\nfield more!\nMaybe I will\nfind something.	몸이 움직이게 되면\n그 밭을 더 조사해 보겠네{D}\n뭔가 알아낼지도 모르니
MSG:6:195	03144F	MSG:0:195	0404c0d3e6040080bd9d920a04047b7b040092023901b1a8bc1f9b8700	So <04>Atla<00>\nand my{D}\nhusband\nare OK...	<04>아트라<00>도\n<04>남편<00>도 무사했네요
MSG:6:196	03146C	MSG:0:196	ab922cf8edf45ded898ea80a10989b8700	But the\ndungeon{D}\nstill\nexists.	그래도 던전은 아직\n있네요
MSG:6:197	03147D	MSG:0:197	01a802c9892cf8edf45ded9e1098889e0a101f978e138501af1382161f9b00	Lately\ndungeons{D}\nexisting\nseems to be{D}\nthe norm.	요즘은 던전이 있는 게\n당연하게 느껴져요
MSG:6:198	03149C	MSG:0:198	1088f8edf45dedbc82ac121b820a101e1985109888151b96873f00	I wonder\nwhy that{D}\ndungeon is\nover there?	저 던전은 왜\n저기 있는 걸까요?
MSG:6:199	0314B7	MSG:0:199	0404c0d3e6040080bd9d920a023901b1ab9515bc1f9b8700	I am\nglad <04>Atla<00>{D}\nis OK\ntoo.	<04>아트라<00>도\n무사해서 다행이에요
MSG:6:200	0314CF	MSG:0:200	0249016d84033693cfd79e0a03328296998214921b9a119b00	Growing\nflowers and{D}\nseeds is\nso neat.	여러 꽃이랑 씨앗을\n키울 수 있어서 재밌어
MSG:6:201	0314E8	MSG:0:201	a8999211841784bc82841188850af8edf45ded9e109888bc820a022101af025c958700	Nobody is gonebut the\ndungeon is{D}\nstill there.\nMysterious.	아무도 사라지지 않았는데\n던전이 있다니\n신기해
MSG:6:202	03150B	MSG:0:202	95120a8415841511110252a89500	Man,nice\nhouse.	여어\n꽤 좋은 집이야
MSG:6:203	031519	MSG:0:203	a899922c01c201768801fb850af8edf45ded9e1098889c0a01409684119512a89500	We should\nensure\nnobody{D}\nelse finds\nthe inn\ndungeon!	아무도 여관 안에\n던전이 있다는 걸\n모르는 것 같아
MSG:6:204	03153B	MSG:0:204	849da8159b1596841118ac0a1111159da4a89500	No clue why.{D}I have a\ngood{D}\nfeeling.	뭔지 모르겠지만\n느낌이 좋아
MSG:6:205	03154F	MSG:0:205	a83c0a0283920140968411bc82198389840d0a14023089c4e91f8088e2d8bc820a1983a89500	The reason\nnobody has{D}\nheard of\nthe treasure{D}\nis because\nit is{D}\nwaiting for\nme to{D}\nclaim it!	에휴~\n아무도 모른다는 건{D}\n보물은 우리 차지라는\n거라고
MSG:6:206	031575	MSG:0:206	8d9d83853c0a9b15bc829d88153f00	Yeeep.{D}\nGet the\npicture?	정말~\n알아듣고 있는 거야?
MSG:6:207	031584	MSG:0:207	8ebc2c11111500	Bah.	뭐,됐어
MSG:6:208	03158B	MSG:0:208	19bc808504040b0400880a022501769c012302ad1b8214111f9500	Whatever.\nI had a{D}\nhome set\nup for you,{D}\n<04>{B}<00>!	여기에 <04>{B}<00>의\n방을 마련해 뒀어
MSG:6:209	0315A6	MSG:0:209	f8edf45ded1596025abc82161f960a1919ab2c025d908311119500	You can use\nit to rest{D}\nafter a\ndungeon.	던전에서 돌아오면\n여기서 쉬면 돼
MSG:6:210	0315C1	MSG:0:210	83971013a50a025d9dab14111f96ac12a800	Speaking\nof,need{D}\na break?	일단\n쉬어 두는 게 어때
MSG:6:211	0315D3	MSG:0:211	a4bd1001c201768801e2ab0a8ebc829815968400	I will\nwait{D}\noutside.	그럼 여관 앞에서\n기다릴게
MSG:6:212	0315E7	MSG:0:212	1e121e122c02e3118214161f110ac0c1d2e0898411153f00	Right.{D}\nNeed me to\nhold items?	맞다,맡겨 두고 싶은\n아이템은 없어?
MSG:6:213	0315FF	MSG:0:213	1988cfedcc8801fb850ac4e99e02f915bc8214179500	I can keep\nitems in{D}\nthis\ndresser.	이 옷장 안에\n내가 맡아 둘게
MSG:6:214	031615	MSG:0:214	ab922ccfedcc85890a3130c91b1502109684119500	But only\n10 items{D}\ncan fit\nin here.	하지만 옷장에는\n10개밖에 안 들어가
MSG:6:215	03162A	MSG:0:215	1f171a9d02e3118214178884960a027f026701768c02ac9c1b8214111f15960a1ebc808c02f918988311119500	If you have\nlots of\nitems,head{D}\nover to the\nstorehouse\nto store them.	많이 맡기려면\n창고지기한테 말해 뒀으니까\n거기 맡기면 돼
MSG:6:216	031657	MSG:0:216	8485152c02f915bc82141912153f0a1e9983922c01b3bc82019e178815113f00	Wanna deposit\nsomething?{D}\nOr perhaps\nwithdraw?	뭔가 맡아 둘까?\n아니면 가져갈 거야?
MSG:6:217	031677	MSG:0:217	02f9188214170a01b3bc82019e170a939182141700	Store\nTake\nQuit	맡긴다\n가져간다\n그만둔다
MSG:6:218	03168C	MSG:0:218	0fc0d3e688cfedcc0f0c00	Dresser¶	 아트라의 옷장 ¶
MSG:6:219	031697	MSG:0:219	cfedcc8801fb8911bcb211ab1c00	The dresser{D}\nis full.	옷장 안이 가득 찼습니다
MSG:6:220	0316A5	MSG:0:220	dbc7ea8801fb8911bcb211ab1c00	The bag{D}\nis full.	주머니 안이 가득 찼습니다
MSG:6:221	0316B3	MSG:0:221	14210a1415139700	Hey!	오!\n어서 와
MSG:6:222	0316BB	MSG:0:222	ac12a8110a84851510bc1f153f00	So then,\nanything{D}\nhappen?	어때\n뭔가 있었어?
MSG:6:223	0316C9	MSG:0:223	8b9d8b9d00	Hm!	흠흠
MSG:6:224	0316CE	MSG:0:224	02db1101bb850a01471101461500	Is\nthat?	빨간 구슬에\n파란 돌이라
MSG:6:225	0316DC	MSG:0:225	841584150a951a1e12a88400	Magic-\nite?{D}\nSeems\nnice.	꽤\n좋아 보이는데
MSG:6:226	0316E8	MSG:0:226	93bc83e9c0c0c1d2e0830a0197b09892888501c402be130a1e12a8958400	You have\nfinally\ncome{D}\nacross a\nrare item\ntreasure!	드디어 레어 아이템이라고\n부를 만한 걸 만날\n것 같아
MSG:6:227	031706	MSG:0:227	8b3c903d3d3d0a01a802d78502bebc1f8316890a0404c5dfe67b7b0400ab0d0a81160243831a991f831685890a0404f45bd5cf3b0400849da800	We met\n<04>Camillas\nDad<00> first.{D}\nBut it\nwas <04>Janita<00>\nat the inn{D}\ninstead.	흐음…\n처음 만났을 때는\n<04>카미라 아빠<00>였고{D}\n떠밀렸을 때는\n<04>자니타<00>였단 말이지
MSG:6:228	031740	MSG:0:228	8ebc210f111115210ac0c1d2e0119a119a10981b00	What! How isthat? So{D}\nmany items!	뭐!됐어!\n아이템이 잔뜩 있으니까
MSG:6:229	031755	MSG:0:229	01f6026a16840404c0d3e60400890a0606063d060606063d060606063d060606063d060606063d0a11841100	He is\ngone...{D}\nMy dear\nfriend{D}\n<04>Atla<00>...	사랑하는 <04>아트라<00>는\n{6:06}{6:3D}{6:06}{6:06}·{6:06}{6:06}·{6:06}{6:06}·{6:06}{6:06}·\n이제 없다
MSG:6:230	031781	MSG:0:230	3d06063d06063d06063d06063d06060d0af2e1ed210f0f00	.{6:06}.{6:06}.{6:06}.{6:06}.{D}\n	·{6:06}·{6:06}·{6:06}·{6:06}·{6:06}{D}\n미안!
MSG:6:231	031799	MSG:0:231	108e9785014802d89e0a169911a8bc1f15960d0a849da89a128301afbc1f960a9b189b159d841784bc82168200	Sorry! The\ncrystal was{D}\nso pretty,\nI wondered{D}\nwhat it\nwas. No{D}\nclue why.	수정이 너무\n예뻐서{D}\n뭘까 하고 생각했더니\n머리가 이상해져 버렸어
MSG:6:232	0317C6	MSG:0:232	1a822c10938ebc1f1b0d0a01b789027297034a8e9982988316850a1ca211c1e13bf49c015c1f9da800	That was a\nmistake. I{D}\nsaw an\nincredible{D}\nimage as I\nwas{D}\npossessed.	자,사과는 했으니까{D}\n실은 사로잡혀 있을 때\n굉장한 걸 봤어
MSG:6:233	0317EF	MSG:0:233	1088014802d8880140014f8801fb850ac4e90282880140968411c0c1d2e00a9e11bcb21110bc1f9da800	The mind\nof the\ncrystal had{D}\nmany items\nI had not\nseen!	그 수정의 지식 속에\n우리가 모르는 아이템이\n잔뜩 있었어
MSG:6:234	031819	MSG:0:234	1088f8edf45ded8801fb850af627cfc18510989da800	Those are\ndefinitely{D}\nin that\ndungeon!	저 던전 안에\n틀림없이 있어
MSG:6:235	03182F	MSG:0:235	849da815014096841118ac0a01ef01fe9e1a9e1b821fa700	Not sure\nbut they{D}\nseek the\nmayor.	뭔지 모르겠지만\n촌장이 찾던데
MSG:6:236	031847	MSG:0:236	838497880404e6ccc70400a818ac0a5fea5fea88025902549c84141b82980a8f1f11a88400	Seems <04>Rask<00> to\nthe left is\nfixing up{D}\nan old\nmachine.	옆집 <04>라스크<00> 말인데\n낡아 빠진 기계를 고치는\n모양이야
MSG:6:237	03186C	MSG:0:237	c4c1e8ab928699ad0a111188858400	Oil wouldhelp.	기름이라도 바르면\n될 텐데
MSG:6:238	03187B	MSG:0:238	838497880404e6ccc70400a818ac0a8e1f022d88c53bfc9c01f81b8211980a8f1f11a800	<04>Rask<00> to the\nleft seeks\na different{D}\nCard.	옆집 <04>라스크<00> 말인데\n또 다른 카드를 찾는\n모양이야
MSG:6:239	03189F	MSG:0:239	849dab922cc0c1d2e09c0a01b5022a8802528c01e89819839e0aab1698961b1100	Seems\nlike no\nmatter{D}\nwhere,it\ncan send\nitems\nhome.	뭐든지 아이템을\n자기 집으로 보낼 수\n있대
MSG:6:240	0318C0	MSG:0:240	04040b04009e01b3bc820a025abc82161fc0c1d2e09c015c820a8f9d849e2c14ac9a1182989500	<04>{B}<00>,\neveryone is\nsurprised{D}\nto see the\nitems you\nbring back.	<04>{B}<00>,네가 가지고\n돌아온 아이템을 보고\n다들 놀라고 있어
MSG:6:241	0318E7	MSG:0:241	91a5961b1188832c5eede78488ab0a8f9d848801de018492022e9bbc82161e12a800	They are rare\nand useful,so{D}\nit changed\nthe way of life.	신기하고 편리하니까\n다들 생활도 바뀌겠어
MSG:6:242	031909	MSG:0:242	ac9dac9dc0c1d2e09c021599ad0ac4e9028288023a01e292021599821798a700	At this\nrate,we{D}\nneed to\nmarket our{D}\nnames,too.	아이템을 척척 팔면\n우리 이름도 알려질 거야
MSG:6:243	031929	MSG:0:243	ac9dac9dc0c1d2e09c021599ad0a01f6015f01b3801a00	If we keep\nselling,we{D}\nwill be rich!	아이템을 척척 팔면\n큰 부자야
MSG:6:244	031940	MSG:0:244	01a3020588f8edf45ded3d3d3d0a109989023901958501ed118211983d3d3d00	The next\ndungeon...{D}\nwill go on\nforever...	이번 던전은…\n끝없이 이어져 있어…
MSG:6:245	031960	MSG:0:245	03129b979e0239113d3d3d0a1e9d84d5c4c19e1c9800	It seems...\nendless.	끝이 없어…\n그런 냄새가 나
MSG:6:246	031976	MSG:0:246	1e99a4bd100a019ebc828f95121500	Well,whynot take{D}a look?	그럼\n가 볼까
MSG:6:247	031985	MSG:0:247	8c3c0a1997bd11119300	! This\nis all?	헤에~\n이거 좋은데
MSG:6:248	03198F	MSG:0:248	023602088501c201768801fb9e0af8edf45ded1e8892880a8584bc82989da800	The\ninside of\nthe inn{D}\nreally IS\na dungeon!	정말로 여관 안이\n던전 그 자체가\n돼 버렸어
MSG:6:249	0319AF	MSG:0:249	a4bd101f889da8950a04040b04002100	It is up\nto you,{D}\n<04>{B}<00>!	그럼 부탁해\n<04>{B}<00>!
MSG:6:250	0319BF	MSG:0:250	c4e9892c01ef8801fb9c017dbc820a0279029a9c02759183179500	I will\ngather{D}\ninfo around\nthe village.	난 마을을 돌면서\n정보를 모아 둘게
MSG:6:251	0319DA	MSG:0:251	ac121b1f3f0d0aa811a4bf12afa8bc82210a849d83158498bc822100	What? Are\nyou OK?{D}\nSomething\nhappen?	왜 그래?{D}\n괜찮다니까!\n어떻게든 될 거야!
MSG:6:252	0319F6	MSG:0:252	951b951b0a9e9dadbc8217999500	OK,then!{D}\nDo your\nbest!	좋아좋아\n힘내라고
MSG:6:253	031A04	MSG:0:253	14112ca811a4bf12af153f00	Hey,you\nall right?	이봐,괜찮아?
MSG:6:254	031A10	MSG:0:254	025b9c0271bc1f960a19198c02f0ad1a991fbc823f00	You fainted\nand ended{D}\nup here?	정신을 잃었더니\n여기로 날아왔다고?
MSG:6:255	031A26	MSG:0:255	ac1284bc829da83f00	What\nhappened?	어떻게 된 거야?
MSG:6:256	031A2F	MSG:0:256	3d3d3d3d8ebc1111150aa811a4bf12af1e12a81b8400	...Well.{D}\nAt least\nyou are OK.	……뭐,됐어\n괜찮아 보이니까
MSG:6:257	031A45	MSG:0:257	1e99ab11119288890a10bc1f88153f00	So,did\nyou{D}\nfind any-thing?	그래서 좋은 건\n있었어?
MSG:6:258	031A55	MSG:0:258	84210f849da8bc82213f0a01b38002299e841784bc8298a8bc822100	What!\nReally!? Your{D}\nitems are\ngone!	뭐!뭐라고!?\n소지품이 없어졌다고!
MSG:6:259	031A71	MSG:0:259	849d8219bc1f0aac1297ab2ca811a4bf12af849da800	What the\nhey? At least{D}\nyou are OK!	이런 세상에\n그래서 멀쩡했구나
MSG:6:260	031A87	MSG:0:260	04040b04002c819f890a849d83151b8201b5011dab0f0d0a025abc8217989da89500	<04>{B}<00>.{D}\nNext time,\ntry to{D}\nget back\non your\nown.	<04>{B}<00>,다음엔\n어떻게든 혼자 힘으로{D}\n돌아오라고
MSG:6:261	031AA9	MSG:0:261	1e12a4bd8411833d3d00	Counting{D}\non you!	안 그러면…
MSG:6:262	031AB3	MSG:0:262	1f889da89500	Bye!	부탁해
MSG:6:263	031AB9	MSG:0:263	199d85808900	Hello.	안녕하세요
MSG:6:264	031ABF	MSG:0:264	01b789cfedcc88121b9a850aa811a484e4feeb9e024380820a1b8ebc1f88ab1c00	I dropped myimportant\nring.	실은 옷장 뒤에\n소중한 반지를 떨어뜨리고\n말았어요
MSG:6:265	031AE0	MSG:0:265	8485152c1111c0c1d2e0890a84119288ab1bbf12153f00	Would you\nhappen to{D}\nhave any\ngood items?	뭔가 좋은 아이템은\n없을까요?
MSG:6:266	031AF7	MSG:0:266	1988c0c1d2e0ab890a0272991e128510978e1d9d8700	Seems this\nitem can{D}\nnot be\ntaken.	이 아이템으로는\n못 꺼낼 것 같네요
MSG:6:267	031B0D	MSG:0:267	102c1999892100	This!	아,이건!
MSG:6:268	031B14	MSG:0:268	10979e8312a2a3118e1c0a93bc8302729819839eab168e1b1f00	Thank you\nmuch. Now{D}\nit could be\ntaken.	고맙습니다\n드디어 꺼낼 수 있었어요
MSG:6:269	031B2E	MSG:0:269	1a1a9315ab1c9e0a1403729c121883bc8217a81a1100	It is not\nmuch but{D}\nhave this\nas thanks.	약소하지만\n답례를 받아 주세요
MSG:6:270	031B44	MSG:0:270	11933c0f109915960a171d8584bc821b8ebc823d3d00	No,from\nthere. It{D}\nbecame a\nhabit...	아니~ 그 뒤로\n버릇이 돼 버려서…
MSG:6:271	031B5A	MSG:0:271	84158415111101efab1c0a1999159692bc8301f616170a84971e12ab1c8700	This nice\nvillage\nwill keep{D}\ngrowing.	꽤 좋은 마을이에요\n앞으로 더 커질\n것 같네요
MSG:6:272	031B79	MSG:0:272	83199aab2c1988c53bfc890a01a801a0ab1c00	By the\nway,Doom{D}\nCard is\ngreat!	그런데 이 카드는\n최고예요
MSG:6:273	031B8C	MSG:0:273	3202af15962c3102af8c159d1f9d850a14979819839eab169888ab1c159600	Using it\nyou can{D}\neasily go\nfrom 2F to{D}\n1F!	2층에서 1층으로 간단히\n내려갈 수 있으니까요
MSG:6:274	031BAB	MSG:0:274	ab922c01a802d7853202af85118411830a01fa023b859197199dab1b8e118e1c00	But if\nyou are not on{D}\n2F you\nend up in{D}\nthe ground!	하지만 처음에 2층에 없으면\n땅에 파묻혀 버려요
MSG:6:275	031BCC	MSG:0:275	198801ef8591a5961b11c0c1d2e09e0a0215969982119883032411820a8abc191b82168e1b1f8800	I heard\nthere were\nrare items{D}\nso I moved\nhere!	이 마을에서 신기한 아이템을\n판다고 들어서\n이사 왔어요
MSG:6:276	031BF4	MSG:0:276	108801ae852c16161e12840ac0c1d2e09e015c811599ad111188ab1c9e00	I want\nto find an{D}\nitem to help\nmy child.	우리 아이에게 들을 만한\n아이템을 찾으면 좋겠는데요
MSG:6:277	031C12	MSG:0:277	1988fce9c1ed880236ab0a198801ae858015969c0a9b188217a81a1100	Use the\nDrain\nbook to{D}\ngive\npower to\nmy{D}\nchild.	이 드레인 책으로\n이 아이에게 힘을\n나눠 주세요
MSG:6:278	031C2F	MSG:0:278	108301ca1bab0265025b850a849888ab1c00	They are\nnearly{D}\nbetter.	조금만 더 있으면\n기운을 차릴 거예요
MSG:6:279	031C41	MSG:0:279	10b73d3d3d00	Ah...	아아…
MSG:6:280	031C47	MSG:0:280	0265025b840249853d3d00	Better!	혈색이 돌아와요…
MSG:6:281	031C52	MSG:0:281	10979e8312a2a3118e1c00	Thank you.	고맙습니다
MSG:6:282	031C5D	MSG:0:282	ac121403729c1b82111188939600	How can I{D}\nrepay you?	뭐라고 감사드려야 할지
MSG:6:283	031C6B	MSG:0:283	108801aebc1f960a0144abd33bfc8584bc820a023d9dab11989dab1c00	My\nchild\nbecame a{D}\ntoad to\nplay in a\nfountain.	우리 애가 글쎄\n샘에서 두꺼비가 돼서\n놀고 있지 뭐예요
MSG:6:284	031C88	MSG:0:284	140338ab2c023dae1f1184b700	I want{D}\nto go play.	밖에서 놀고 싶다~
MSG:6:285	031C95	MSG:0:285	14034380bd9d890a022101af025c84c0c1d2e09e02438082980af8edf45ded8c023dae85111788ab1bbf3f00	Maybe my\nbrother went\nto check the{D}\ndungeon with\nthe mysterious\nitems?	오빠는\n신기한 아이템이 떨어져 있는\n던전에 놀러 가는 거지?
MSG:6:286	031CC1	MSG:0:286	101f1b92019e161f1184b700	I want{D}\nto go!	나도 가고 싶다~
MSG:6:287	031CCD	MSG:0:287	9bb7110a14034380bd9d10979e831200	Wah!{D}\nThanks,\nbrother!	와아\n오빠 고마워
MSG:6:288	031CDD	MSG:0:288	1415101a9d9e870a109d8e97d33bfc8584bc82023daf84bc8200	Mom said less\nplaying as a{D}\ntoad in\nfountains.	엄마가 말이야\n두꺼비가 돼서 너무 놀지 말래
MSG:6:289	031CF7	MSG:0:289	15849701f6168401ef850a84bc1f9b8700	This\nvillage{D}\nwill\nkeep{D}\ngrowing.	꽤 큰 마을이\n됐네요
MSG:6:290	031D08	MSG:0:290	8ea88ea80a159b989b8700	I willknow{D}\nsome\nday.	아직도\n변할 거예요
MSG:6:291	031D13	MSG:0:291	8ea82c159b9883199a9e0a10989b9500	I am\ncloser to{D}\nknowing!	아직 변할 곳이\n있어요
MSG:6:292	031D23	MSG:0:292	921201ca1b8485150a159b989b9500	Soon,\nI will{D}\nunder-\nstand!	조금 더 뭔가\n변할 거예요
MSG:6:293	031D32	MSG:0:293	1ca2119b0a1cad961b1101ef8700	The\nvillage{D}\nis\ngreat,no?	굉장해요\n멋진 마을이네요
MSG:6:294	031D40	MSG:0:294	0181152c018f1f808502bebc1f88890a1919a8bc1f8400	This is\nwhere we{D}\nmet,yes?	분명,자네들을 만난 게\n여기였지
MSG:6:295	031D57	MSG:0:295	0404c0d3e60400018f890a023901b1a89a12153d3d3d00	Will <04>Atla<00>\nbe OK...?	<04>아트라<00> 군은\n무사할까…
MSG:6:296	031D6E	MSG:0:296	9b1f1b892c198802909c0a92bc8301f616171b820d0a198801ef9c941f15850a1b1f1188a89500	I want to\nexpand thefield for\nour{D}\nvillage!	나는 이 밭을\n더 넓혀서{D}\n이 마을을 풍요롭게\n만들고 싶다네
MSG:6:297	031D95	MSG:0:297	c5c5cb9e841784bc821b8ebc1f00	A scarecrow\nis missing.	허수아비가 없어져 버렸어
MSG:6:298	031DA3	MSG:0:298	028392027297034a8e998211841188850af8edf45ded892c1e198510980d0aac121b828488153d3d3d00	Nobody is\npossessed\nbut a{D}\ndungeon is\nstill over\nthere...	아무도 사로잡히지 않았는데\n던전은 저기 있어{D}\n어째서일까…
MSG:6:299	031DCD	MSG:0:299	f8edf45ded890283158802fa036a9c9283850a1e1985026c9e980d0aab892c02838802fa036a8488153d3d00	Dungeons are\nbased on{D}\ndesires,but\nI wonder{D}\nwhose desires\nthese are?	던전은 누군가의 욕망을\n바탕으로 펼쳐지지{D}\n그럼 누구의 욕망일까…
MSG:6:300	031DF9	MSG:0:300	c15eedd39c015c8e1c153f0c00	See event?¶	SEE EVENT?¶
MSG:6:301	031E06	MSG:0:301	849d93879d840a8ea893bc8200	I am\ndoing{D}\nsome\nthing.	WAIT\nNOT DONE YET
MSG:6:302	031E13	MSG:0:302	ac999c11a4989d933f0c00	Which one?¶	WHICH ONE?¶
MSG:6:303	031E1E	MSG:0:303	1811a3118916be12dbe6f00f0acbd4e7c4dbe6f00f0f121303570ac3c0ea8802360f0f0f0f839101b00affe7edc788c53bfc0f153c01100a9b16014888c53bfc0f0fad1803350ae2d5cf3b1a9dc6edcb0f0f02320acaedf83b8802360f0f0f0f0f0f0a93919300	Shop flag\nScenario flag\nAero Book\nBlink Card\nSpring Card\nMonitor\nThunder Book\nExit	SHOP FLAG\nSCENARIO FLAG\nAERO BOOK\nBLINK CARD\nSPRING CARD\nMONITOR OFF\nTHUNDER BOOK\nEXIT
MSG:6:304	031E85	MSG:0:304	3030300a3130300a3135300a3230300a3235300a3330300a93919300	000\n100\n150\n200\n250\n300\nEnd	000\n100\n150\n200\n250\n300\nEXIT
MSG:6:305	031EA1	MSG:0:305	1a111bbf0afce810830aa811329b0aa811339b0a93919300	Start\nChip\nPart 2\nPart 3\nEnd	START\nCHIP AFTER\nPART 2\nPART 3\nEXIT
MSG:6:306	031EB9	MSG:0:306	30300a31300a32300a33300a34300a35300a93919300	00\n10\n20\n30\n40\n50\nEnd	00\n10\n20\n30\n40\n50\nEXIT
MSG:6:307	031ECF	MSG:0:307	30300a33300a35300a37300a93919300	00\n30\n50\n70\nEnd	00\n30\n50\n70\nEXIT
MSG:6:308	031EDF	MSG:0:308	e2d5cf3b1a9d8981159b8411ab0c00	Do not use¶	NO MONITOR¶
MSG:6:309	031EEE	MSG:0:309	0f30300a0f31300a0f32300a0f33300a0f34300a0f35300a0f36300a0f37300a0f38300a0f39300a3130300a93919300	00\n10\n20\n30\n40\n50\n60\n70\n80\n90\n100\nEnd	 00\n 10\n 20\n 30\n 40\n 50\n 60\n 70\n 80\n 90\n100\nEXIT
MSG:6:310	031F1E	MSG:0:310	9512191e210a191297bd17887fc1edd3892c023693d1e12cc7e69c0a035701ba85033282981983ab1c0ae0e79c1b8281bc198ea585d2e97fc53bfcab01ef8c0a025abc824c569c10a18e1bbf120a0f0f0f0f0f0f0f159d1bbe120f01fb01ef02cc024d0f959700	Welcome! It is\neffective to make\nsure you raise\nBooks,Talons,{100}\nSaddles. Increase\nyour level without{D}\noverdoing it by\nusing Teleport\nCards to return to\nthe village.\n-Director Nakamura\nKouichi	환영합니다!\n공략 포인트는 책,발톱,안장을\n잘 키우는 것입니다\n무리하게 파고들지 말고 텔레포 카드로\n마을에 돌아와 LV를 올립시다\n    감수 나카무라 코이치
MSG:7:0	03826E	MSG:0:0	0402cd3bff04001b8e1c153f0c00	<02>Save<00>?¶	<02>세이브<00>할까요?¶
MSG:7:1	03827C	MSG:0:1	0402cd3bff040001fbab1c0a0402e1e2e73bc53bfc04009c0a0292158411ab17a81a110c00	<02>Saving<00>...\nDo not touch the\n<02>Memory Card<00>¶	<02>세이브<00> 중입니다\n<02>메모리 카드<00>를\n빼지 마세요¶
MSG:7:2	0382A1	MSG:0:2	01c501b3015f0f0706efe80c00	GP{7:06}Gil¶	소지금 {7:06}길¶
MSG:7:3	0382AE	MSG:0:3	0f0402cd3bff0400850271028d1b8e1b1f00	<02>Save<00> failed.	 <02>세이브<00>에 실패했습니다
MSG:7:4	0382C0	MSG:0:4	0402e1e2e73bc53bfc04009e0a1a1abc82118e1d9d00	There is no\n<02>Memory\nCard<00>.	<02>메모리 카드<00>가\n꽂혀 있지 않습니다
MSG:7:5	0382D6	MSG:0:5	0f890f110a0f11111300	Yes\nNo	 예\n 아니오
MSG:7:6	0382E0	MSG:0:6	ac8802af8c019f978e1c153f0c00	Floor?¶	몇 층으로 내려갈까요?¶
MSG:7:7	0382EE	MSG:0:7	d3e6277da885bf3c9d070000	A trap!{7:00}	함정이지롱~{7:00}
MSG:7:8	0382FA	MSG:0:8	0f0f0f158eac0f0f0f0c00	Furnace¶	   용광로   ¶
MSG:7:9	038305	MSG:0:9	e7cac1c7e85f27c7cc0c00	Recycle¶	리사이클 박스¶
MSG:7:10	038310	MSG:0:10	118080800a199dac89849da83c00	Whooa<\n{D}What\nhappened?	아야야야\n이번엔 또 뭐야~
MSG:7:11	03831E	MSG:0:11	849da82c01c201768801e215950d0a9d3f0a01c201768801e2a8bc823f00	Wah!{D}\nIn front\nof the inn?{D}\nWhy?	뭐야,여관 앞이잖아{D}\n응?\n여관 앞이라고?
MSG:7:12	03833C	MSG:0:12	8eb72ca88e1a99808ebc1f929d890a1bbf129e84111500	Nothing we\ncan do about{D}\nbeing\ntricked.	뭐,속아 넘어간 건\n어쩔 수 없지
MSG:7:13	038353	MSG:0:13	ac12939610880217ebe6023301ae880ad05dc95f9e1988f8edf45ded880ad6cb961b118400	The straw\nhat chocobo\nseems to be{D}\nthe keeper\nof the\ndungeon.	아무래도 저 밀짚모자 쓴\n초코보가 이 던전의\n주인인 것 같아
MSG:7:14	038378	MSG:0:14	1e9d84191fb719881a110aac12ab92111100	We best\nmove on.	그런 건 이제 와서\n아무래도 좋아
MSG:7:15	03838A	MSG:0:15	9512892c1088f8edf45ded880a01fb8589e9c084c0c1d2e09e0aacbc80bd97109815921b999d0abc821983a89500	The main\nthing is,\nthere is\nprobably{D}\ntreasure\ninside that\ndungeon...	요컨대,저 던전\n안에는 레어 아이템이\n잔뜩 있을지도 모른다\n이거지
MSG:7:16	0383B8	MSG:0:16	1e99a4bd2cc4e98901c0911e12840a83199a9c01f81b82179815961a0d0a04040b040089f8edf45ded850a019f978211178885021e02408401e6010c0a9c01dc139a950d0a1e99a4bdb78700	Anyway,\nwhile I\nfind us a{D}\nplace to\nstay,you\nshould{D}\nprepare to\nexplore,\n<04>{B}<00>!	그럼,난 살 만한 곳을\n찾아볼 테니까{D}\n<04>{B}<00>,넌 던전에\n내려갈 준비를 해 둬{D}\n그럼 나중에 봐
MSG:7:17	038404	MSG:0:17	93b70a1196bc1bbd1100	Hello,\nthere!	여어\n어서 와
MSG:7:18	03840E	MSG:0:18	026e027c01768c9512191e0a84859c026e027c1b8e1bbf1200	Welcome\nto my{D}\nForge.\nWant to\nfuse?	합성소에 잘 왔어\n뭘 합성할까?
MSG:7:19	038427	MSG:0:19	018fa8873f0d0a1abc16881ca2170a0265025b84e23bf0e7880a02a20282bc82888900	You\nfriends\nwith{D}\nthe hypermoogle\nfrom{D}\nbefore?	너구나?{D}\n아까 그 엄청\n활기찬 모그리의\n친구라는 게
MSG:7:20	03844A	MSG:0:20	0265025b84e23bf0e784960a01ef01fe8802528c019ebc1f950d0a102c1e121e120d0a1e881280022e9bbc1f0a01c802159c1c9815960d0a1e888316850a0241821799958400	That\nenergetic{D}\nmoogle\nwent to{D}\nsee the\nmayor.{D}\nMy shop\nopens soon{D}so please\ncome by{D}\nthen!	활기찬 모그리라면\n촌장님 댁에 갔어{D}\n아,맞다 맞다{D}\n조만간 색다른\n장사를 시작할 테니까{D}\n그때\n와 줘
MSG:7:21	038490	MSG:0:21	01ef01fe88025215113f0d0a5fc78819880252881ca00a01a5880252a8950d0a1e19880404db2627c704001a9d9e0a198801ef8801ef01fe1a00	The mayor?{D}\nGo left\nfrom here!{D}\nThe villagemayor,{D}\n<04>Fawkes<00>\nis there.	촌장님 댁 말이야?{D}\n우리 집 바로\n왼쪽 집이야{D}\n거기 <04>포크<00> 씨가\n이 마을 촌장이지
MSG:7:22	0384CA	MSG:0:22	8ea81988025902549e0a020a1584119da800	My\nmachine{D}\nis not\nrunning.	아직 이 기계가\n안 움직여
MSG:7:23	0384DC	MSG:0:23	1988025902541ca0850acafe821b8e129da80d0a8485151111c0c1d2e09e0a84111584b700	My machine\nis rusty.{D}\nIf there\nwas an{D}\nitem to\nhelp...	이 기계는 금방\n녹이 슬어 버려{D}\n뭔가 좋은 아이템\n없으려나
MSG:7:24	038501	MSG:0:24	101010102c100a1e1e2c1e88c53bfc890a84842c849da8113f00	Ahhhh,\nthat!{D}\nThat\ncard! Whatis that?	아아아아,아\n그그,그 카드는\n뭐,뭐야?
MSG:7:25	03851B	MSG:0:25	024c12950a1999a4bd841100	Not\nthis.	아니야\n이게 아니야
MSG:7:26	038527	MSG:0:26	1414210a1999892100	Ah,\nthis!	오오!\n이건!
MSG:7:27	038530	MSG:0:27	93bcb2971e12a80a1999a82100	This\nwill{D}\ndo it!	역시 그렇군\n이거야!
MSG:7:28	03853D	MSG:0:28	018f210a1ca2119519992100	You!\nAmazing!	너!\n이거 굉장해!
MSG:7:29	038549	MSG:0:29	10bc210af2e1ed00	Ah!	앗!\n미안
MSG:7:30	038551	MSG:0:30	c53bfc2c15bc82850a0153bc80bdbc1f9500	Sorry!{D}\nI ended\nup{D}\nusing thecard.	카드,멋대로\n써 버렸어
MSG:7:31	038563	MSG:0:31	ab922c025902549e020a111f15960a03401b821799958400	But now,\nit runs!{D}\nForgive\nme!	그래도 기계가 움직였으니\n용서해 줘
MSG:7:32	03857B	MSG:0:32	1e88159b97850a31017da818ca3bfecc1c98159600	As an\napology{D}\nuse it\nonce,free.	그 대신\n1번은 공짜로 해 줄게
MSG:7:33	038590	MSG:0:33	102c19880259025488031a012a9c0a1b828415bc1f958400	Ah,I\nnever{D}\nexplained\nit...	아,이 기계 설명을\n안 했지
MSG:7:34	0385A8	MSG:0:34	1e122c198802590254191e9e0ac7eb83c7eb9c01a4a6820a02b51b11c7eb851c9802590254a800	This\nmachine can\nfuse{D}\ntogether\ntwo of\nyour tools.	그래,이 기계야말로\n도구와 도구를 섞어서\n새 도구로 만드는 기계야
MSG:7:35	0385CF	MSG:0:35	133f0a95179b159684113f00	Eh?\nTell you{D}\nmore?	응?\n잘 모르겠다고?
MSG:7:36	0385DB	MSG:0:36	133c832c0339035f8502661283a88400	How to say...	음~ 간단히 말하자면
MSG:7:37	0385EB	MSG:0:37	1e88018f8801b3bc821198d1e10a1e122cd1e19c328111991f960a02b51b11d1e18501de8e99022e9b9800	Those\nTalons you\nhold. Put{D}\ntwo of\nthem in to\ncreate a{D}\nnew one.	네가 가진 그 발톱\n그래,발톱을 2개 넣으면\n새 발톱으로 다시 태어나지
MSG:7:38	038616	MSG:0:38	1e88018f8801b3bc821198c7e60a1e122cc7e69c328111991f960a02b51b11c7e68501de8e99022e9b9800	Those\nSaddles you\nhold. Put{D}\ntwo of\nthem in to\ncreate a{D}\nnew one.	네가 가진 그 안장\n그래,안장을 2개 넣으면\n새 안장으로 다시 태어나지
MSG:7:39	038641	MSG:0:39	01e6010cab169892889c328111991f960a02b51b11e2d88501de8e99022e9b989da800	Put two\nequippable{D}\nitems in to\nmake a new\none.	장비품을 2개 넣으면\n새 물건으로 다시 태어나지
MSG:7:40	038664	MSG:0:40	3d3dd1e13f0a018f2c1e88d1e189ac19ab0a01ba850210991f9da83f00	...\nTalons?\nWhere did{D}\nyou find\nthose\nTalons?	…발톱?\n너,그 발톱은 어디서\n손에 넣은 거야?
MSG:7:41	038681	MSG:0:41	3d3dc7e63f0a018f2c1e88c7e689ac19ab0a01ba850210991f9da83f00	...\nSaddle?\nWhere did{D}\nyou find\nthose\nTalons?	…안장?\n너,그 안장은 어디서\n손에 넣은 거야?
MSG:7:42	03869E	MSG:0:42	1e121113ad2c018f0a1e99892c849da8113f0aac19ab01ba850210991f9da83f00	Speaking\nof which\nwhat is{D}\nthat?Where\nis it\nfrom?	그러고 보니,너\n그건 뭐야?\n어디서 손에 넣었어?
MSG:7:43	0386BF	MSG:0:43	1e9989dadfd13f00	Secret?	그건 비밀?
MSG:7:44	0386C7	MSG:0:44	025b858498a4bd8411150a025f138217999500	Curious!\nTell me!	궁금하잖아\n알려 줘
MSG:7:45	0386DA	MSG:0:45	f8e13f00	No?	안 돼?
MSG:7:46	0386DE	MSG:0:46	123c9d0a025b858498a73c00	Hm...{D}\nHow\nodd.	으음~\n궁금하다~
MSG:7:47	0386EA	MSG:0:47	849da8bc823f0af8edf45deda8bc823f00	What?\nA dungeon?	뭐라고?\n던전이라고?
MSG:7:48	0386FB	MSG:0:48	123c9d0a0404c5dfe67b7b04001a9d92027b0364a818ac0af8edf45ded92025b85849884b700	I worry for\n<04>Camillas Dad<00>\nbut also{D}\nthe dungeon\n...	으음~\n<04>카미라 아빠<00>도 걱정이지만\n던전도 궁금하네
MSG:7:49	038721	MSG:0:49	31017dca3bfecc1c98bc820a036f035ba8bc1f8700	You were\npromised{D}\none free\ntry.	1번 공짜로 해 주기로\n약속했었지
MSG:7:50	038736	MSG:0:50	1988070081ab111115113f0f0c00	{7:00}	이거 {7:00}개면 될까?¶
MSG:7:51	038744	MSG:0:51	0700efe80a021e0240a818ac111115843f0f0f0c00	{7:00}	{7:00}길\n필요한데 괜찮겠어?¶
MSG:7:52	038759	MSG:0:52	01a802c92c8e1001fd01ae9e024a119da80a1088c53bfc88019a1601289e0a841784bc82161f8815843f00	Lately it\nhas not\nworked.{D}\nPerhaps the\nCard has\nworn off?	요즘 또 상태가 안 좋아\n그 카드의 효과가\n다 떨어졌나?
MSG:7:53	038784	MSG:0:53	1ab72cac9dac9d0241821799950a92bc8314015f9c02e691820d0a0404cad5c004009c19198c01979dab0a11bc1bbf850369961c9da800	You keep\ncoming{D}\nback! After\nsaving more{D}\nmoney,I\nwill ask{D}\n<04>Sania<00> to\nlive here.	자,계속 찾아와 줘\n돈을 더 모아서{D}\n<04>사니아<00>를 여기로 불러\n함께 살 거야
MSG:7:54	0387BB	MSG:0:54	93bc832c0404cad5c004009e02418217991f950a19991596922c1988140287ab0a026e027c1b8217999500	<04>Sania<00> is\nfinally here!\nKeep fusing{D}\nhere from\nnow on!	드디어 <04>사니아<00>가 와 줬어\n앞으로도 이 가게에서\n합성해 줘
MSG:7:55	0387E6	MSG:0:55	89a4918e1b820a0404cad5c004008311118e1c00	Hello!{D}\nI am\n<04>Sania<00>.	처음 뵙겠습니다\n<04>사니아<00>라고 해요
MSG:7:56	0387FA	MSG:0:56	1181920404e6ccc704009e0a141d9b8584bc828e1c00	<04>Rask<00> is\nalways{D}\nhelping\nme.	늘 <04>라스크<00>가\n신세 지고 있어요
MSG:7:57	038810	MSG:0:57	9b1f1b929e9dad978e1c15960a10841f922c9e9dadbc8217a81a118700	I am doing\nmy best,so{D}\nyou do the\nsame!	저도 열심히 할 테니\n당신도 힘내세요
MSG:7:58	03882D	MSG:0:58	ac121c983f0a328188026e027c15113f0a1e9983922c338115113f0c00	So,want\nto fuse 2?\nOr 3?¶	어떻게 할래?\n2개 합성?\n아니면 3개?¶
MSG:7:59	03884A	MSG:0:59	3281880a3381880a939182141700	2\n3\nQuit	2개\n3개\n그만둔다
MSG:7:60	038858	MSG:0:60	14933f0a1e88c53bfc89849da83f0a80bfbc83015c1d8217999500	Oh? What\nis that\ncard?{D}\nCould I\nsee?	어라?\n그 카드는 뭐야?\n잠깐 보여 줘
MSG:7:61	038873	MSG:0:61	192c1999892100	What?	이,이건!
MSG:7:62	03887A	MSG:0:62	10210ff2e1ed0a8e1f93bc1f9500	Sorry!\nI did{D}\nit\nagain!	앗!미안\n또 저질렀어
MSG:7:63	038888	MSG:0:63	19999c10a19815960a03401b8217999500	Please\nforgive{D}\nme.\nHere.	이걸 줄 테니까\n용서해 줘
MSG:7:64	038899	MSG:0:64	81110154bc1f9da818ac0a1faf9d015313988301af1200	This was\nmade.{D}\nYou can\nuse it.	그냥 만들어 본 건데\n아마 쓸 만할 거야
MSG:7:65	0388B0	MSG:0:65	1faf9dc0c1d2e09c31810a01fa035788ac19158c010d9dab1799980d0a02a60202ab892c018f8802528c0a036dbc8217989500	This item\ncan return{D}\nan item to\nyour home.	아마 아이템을 1개\n지상 어딘가로 옮겨 줄 거야{D}\n예정대로라면 너희 집으로\n돌아올 거야
MSG:7:66	0388E3	MSG:0:66	ac121b1f3f0a8e1fd2e97f5f27c7cc9e119888153f00	What is\nit? Another{D}\nTeleport Box?	무슨 일이야?\n또 텔레포 박스가 필요해?
MSG:7:67	0388F9	MSG:0:67	89112c1999ab111100	Yes,\nhello.	자,이거면 됐어
MSG:7:68	038902	MSG:0:68	01b7892c025902549c0a7beb3bc0277d1b1f9da800	I powered\nthe{D}\nmachine.	실은,기계를\n파워업했어
MSG:7:69	038917	MSG:0:69	026e027c1c988316852ccfd79301b79c0a11bc1bbf8501a4a69819839eab16989da800	When fusing\nyou can also{D}\nadd a seed or\nnut.	합성할 때 씨앗이나 열매를\n같이 섞을 수 있게 됐어
MSG:7:70	03893A	MSG:0:70	0404c2c1f504009e0adaedd39c17991f9da800	<04>Wiz<00> gave\na hint.	<04>위즈<00>가\n힌트를 줬거든
MSG:7:71	03894D	MSG:0:71	026e027c1c9883168511bc1bbf8502109998830ad1e193c7e6882c0211011d9c026e01f3ab16980acfd79e1098961b1100	When fusing\nthere is a\nseed to{D}\ncombine abilitiesof Talons and\nSaddles.	합성할 때 같이 넣으면\n발톱이나 안장의 능력을\n합칠 수 있는 씨앗이\n있다나 봐
MSG:7:72	03897E	MSG:0:72	92bc83920211011d8932811b150a026e027cab16841118ac8400	At most\nup to 2{D}\nabilities\ncan fuse.	다만 능력은 2개까지만\n합성할 수 있지만
MSG:7:73	038998	MSG:0:73	015c81181f888496849dab920a1f911b828f989da88400	If you\nfind it,{D}\ntry it\nwith many{D}\nthings.	찾으면 뭐든지\n시험해 보라고
MSG:7:74	0389AF	MSG:0:74	01b78992121ca00252035c9e0a0280131e12848800	Seems my\nfamily{D}\nwill\ngrow soon.	실은 곧 가족이\n늘 것 같아요
MSG:7:75	0389C4	MSG:0:75	1bad9617af97870a01ae0341bc821ca08501f616178498889500	The children\nwill soon be{D}\nall grown\nup.	오랜만이에요\n아이들은 금방 자라네요
MSG:7:76	0389DE	MSG:0:76	0404c5c6c00400210d0a19bc808c0241820aa210111a811b841a1100	<04>Kakia<00>!{D}\nCome\nintroduce{D}\nyourself!	<04>카키아<00>!{D}\n이리 와서\n인사드리렴
MSG:7:77	0389FA	MSG:0:77	192c199d85808900	H...{D}\nhello.	아,안녕하세요
MSG:7:78	038A02	MSG:0:78	b0ba3c00	...	메롱~
MSG:7:79	038A06	MSG:0:79	1996210a0404c5c6c004008e80841a112100	Hey!{D}\n<04>Kakia<00>,\nwait!	요 녀석!\n<04>카키아<00>,거기 서!
MSG:7:80	038A18	MSG:0:80	923c210aa8998503511f88151b9600	Hmph!\nHe takes\nafter...	정말~!\n누굴 닮았담
MSG:7:81	038A27	MSG:0:81	c4e9153d3d00	Me...	나인가…
MSG:7:82	038A2D	MSG:0:82	01ae033282bc821f118c9d950aab921f881b119b00	It is\nhard,but{D}\nfun to\nraise{D}\nkids.	아이 키우기는 힘들어요\n그래도 즐거워요
MSG:7:83	038A42	MSG:0:83	8f9d84027715bc1f18ac0af8edf45ded89030fbc1f8400	Everyone\nis safe.{D}\nThe\ndungeon{D}\nstayed.	모두 무사했지만\n던전은 남았네
MSG:7:84	038A59	MSG:0:84	f8edf45ded9e109815960a1402879e01ed189699989da800	My store\nstays open{D}\nusing the\ndungeon.	던전이 있으니까\n가게를 계속할 수 있어
MSG:7:85	038A71	MSG:0:85	8f9d84023901b1ab0a9515bc1f9b00	Glad\nevery{D}\none\nis OK.	모두 무사해서\n다행이에요
MSG:7:86	038A80	MSG:0:86	f8edf45ded9e841784968417820a9515bc1f88152c9b9815bc1f88150d0a9b1f1b85892c9b159684119b00	I am not\nsure if it{D}\nis good or\nbad that the{D}\ndungeon\nstayed.	던전이 사라지지 않은 게\n잘된 건지,잘못된 건지{D}\n저는 모르겠어요
MSG:7:87	038AAB	MSG:0:87	f8edf45dedbc8284853f00	What is{D}\na dungeon?{D}\nIs it	던전이 뭐야?
MSG:7:88	038AB6	MSG:0:88	14921b9a11883f0c00	...cool?¶	재밌어?¶
MSG:7:89	038ABF	MSG:0:89	a4bd105fc7920a8911bc828f9500	I will\ntry to{D}\ngo in\ntoo!	그럼 나도\n들어가 볼래
MSG:7:90	038ACD	MSG:0:90	849da80a818e9d84118800	Oh!{D}\nIs it\nboring?	뭐야\n시시해
MSG:7:91	038AD8	MSG:0:91	3d3d3d3d00	...	……
MSG:7:92	038ADD	MSG:0:92	f8e1a8950a14015f92bc828416bd00	How{D}\nbad! I\nneed{D}\nmoney!	안 돼\n돈이 없으면
MSG:7:93	038AEC	MSG:0:93	5fc7892c027f02670176880a0404c2c1f50400bc821112881a00	I am <04>Wiz<00>!{D}\nI run the\nstorage.	나는 창고지기\n<04>위즈<00>라고 해
MSG:7:94	038B06	MSG:0:94	c6df9e0f0f0f0f0f0f0a04040b0400a8873f00	Are you\n<04>{B}<00>?	혹시 네가\n<04>{B}<00>?
MSG:7:95	038B19	MSG:0:95	1abc16e23bf0e7880a0404c0d3e604009e161f9500	A moogle,<04>Atla<00>,{D}\ncame by.	아까 모그리\n<04>아트라<00>가 왔었어
MSG:7:96	038B2E	MSG:0:96	1e881280851f171a9d0ac0c1d2e09c01b3bc820a179815960d0a027f02679c018e188311820a1799bc820266bc821f9500	He said\nsince he\nwill be{D}\nbringing\nitems\nsoon,he{D}\nwanted\nto rent a\nstoreroom.	조만간 아이템을\n잔뜩 가지고\n올 테니까{D}\n창고를 비워 달라고\n하더라고
MSG:7:97	038B5F	MSG:0:97	921b151b820af8edf45dedab920a015c81181f8815843f00	Maybe\nit is\nitems{D}\nfound in\ndungeons?	혹시\n던전이라도\n찾은 걸까?
MSG:7:98	038B77	MSG:0:98	14015f9e1f8ebc1f960a8e1f1411ab9500	You need\nmoney!	돈이 모이면\n또 와
MSG:7:99	038B88	MSG:0:99	1e121e122c5fc7890a027f0267017684881a0d0aac12a8112c027f02679c0a1597828f841115113f00	Right. I\nmanage{D}\nthe store-house.{D}\nNeed some\nstorage?	그래그래,나는\n창고지기야{D}\n어때,창고를\n빌려 보지 않을래?
MSG:7:100	038BB1	MSG:0:100	318188027f0267852c3130c90ac0c1d2e09e021098881a00	One\nstoreroom{D}\nholds 10\nitems.	창고 1개에 아이템이\n10개 들어가
MSG:7:101	038BC9	MSG:0:101	ac12a8112c027f026731810a0700efe81a0a15979815113f0c00	Rent one?\n{7:00}	어때,창고 1개\n{7:00}길이야\n빌릴래?¶
MSG:7:102	038BE3	MSG:0:102	021e02408584bc1f960a168217991f9611111a00	I will\nbe here{D}\nif you\nneed me.	필요해지면\n오면 돼
MSG:7:103	038BF7	MSG:0:103	8e11ac10973c00	Thanks!	매번 고마워~
MSG:7:104	038BFE	MSG:0:104	02f918980a02729701c41c0a93919800	Give\nTake\nEnd	맡긴다\n꺼낸다\n그만둔다
MSG:7:105	038C0E	MSG:0:105	0fc2c1f588027f02670f0c00	Storage¶	 위즈의 창고 ¶
MSG:7:106	038C1A	MSG:0:106	9212dbc7ea9e11bcb211a89500	Your bag is\nalready full.	이제 주머니가 가득 찼어
MSG:7:107	038C27	MSG:0:107	108e9790971b8411ab0a94bc17979399ad11111a00	Working\ntoo hard{D}\nis bad.\nRelax\nsome!	너무 무리하지 말고\n천천히 하면 돼
MSG:7:108	038C3C	MSG:0:108	fce8018f9e198801ef8802b51b1101c00149850a84bc1f881a00	<04>Chip<00> is new\nto living in{D}\nthe village.	도르가 이 마을의\n새 주민이 됐어
MSG:7:109	038C56	MSG:0:109	159b111101c001499e8b13820a12991b11159f971a00	Glad to\nsee more{D}\ncute new\nresidents!	귀여운 주민이 늘어서\n기쁘기 그지없어
MSG:7:110	038C6C	MSG:0:110	1e99851b82920404c5dfe67b7b0400890aa811a4bf12af848815b700	I really\nhope that{D}\n<04>Camillas Dad<00>\nis OK.	그나저나 <04>카미라 아빠<00>는\n괜찮은 걸까
MSG:7:111	038C88	MSG:0:111	0404c5dfe67b7b04009e0a027715bc1f8301afbc1f88850d0a199dac892c0404c0d3e604001500	Just after\n<04>Camillas{D}\nDad<00> was\nsaved,now{D}\n<04>Atla<00>...	<04>카미라 아빠<00>가\n살았다 싶었더니{D}\n이번엔 <04>아트라<00>인가
MSG:7:112	038CAF	MSG:0:112	102c1e9989029101d013a8870a029101d013932c140336881983890a0404c5dfe604009e179b1b11881a00	Ah,your\nPlant.\n<04>Camilla<00>{D}\nknows\nabout\nplant pots{D}\nand flowers.	아,그건 화분이구나\n화분이나 꽃에 대해선\n<04>카미라<00>가 잘 알아
MSG:7:113	038CDA	MSG:0:113	0404dfe804001a9d892c0404fce80400018f830a11bc1bbf8517961c9da8bc821a00	<04>Mill<00> is\nliving with{D}\n<04>Chip<00>!	<04>미르<00> 씨는 <04>도르<00> 군과\n함께 산대
MSG:7:114	038CFC	MSG:0:114	0404fce80400018f922c12991b1e12a89500	<04>Chip<00> seems{D}\nhappy!	<04>도르<00> 군도 기뻐 보여
MSG:7:115	038D0E	MSG:0:115	0404fce80400018f832c0404dfe804001a9d850a01ae03419e01de8e991f881a0d0a1e9992360297921a00	<04>Mill<00> and\n<04>Chip<00> had{D}\nbabies!{D}\n6 of\nthem!	<04>도르<00> 군과 <04>미르<00> 씨에게\n아이가 태어났어{D}\n그것도 6마리나
MSG:7:116	038D39	MSG:0:116	1e99851b82920404c0d3e60400890aa811a4bf12af848815b700	I hope\n<04>Atla<00>{D}\nis all\nright.	그나저나 <04>아트라<00>는\n괜찮은 걸까
MSG:7:117	038D53	MSG:0:117	123c9d0a8e1ff8edf45ded9eab1f9500	Now,\nanother{D}\ndungeon is\nmade.	으음~\n또 던전이 나타났어
MSG:7:118	038D63	MSG:0:118	ac129396027297034a8e991f88890a029088c5c5cb961b11881a00	This time\na farm{D}\nscarecrow\nwas taken.	아무래도 사로잡힌 건\n밭의 허수아비인가 봐
MSG:7:119	038D7E	MSG:0:119	318188027b15969b16ab1f0a02fa036aa4bd8411159200	Not just\nthe{D}\ndesire of\none heart.	마음 하나에서 솟아난\n욕망이 아닐지도 몰라
MSG:7:120	038D95	MSG:0:120	1f171a9d8801c91a8402fa036a9e0a02758ebc82989512840ac1e13bf484881a00	Rather\nit seems\nmany{D}\nsmall\ndesires\ntogether.	수많은 작은 욕망이\n모여 있는 듯한\n느낌이야
MSG:7:121	038DB6	MSG:0:121	849d8384179b15bc1f881a0d0a1088f8edf45ded890ac5c5cb9c02e91b8202889bbc1f0d0a01ef888f9d8488027b84881a00	Somehow I\nsee. The{D}\nscarecrow\nis a vessel{D}\nfor the\ndungeon to{D}\ntransmit\nour desires.	어쩐지 알 것 같아{D}\n저 던전은\n허수아비를 통해 전해진{D}\n마을 모두의 마음이야
MSG:7:122	038DE8	MSG:0:122	1e122cf8edf45ded9e0a10bc1f8d129e01ef9e0a01f6161784981b0d0a02e40165920280139815968700	While\na dungeon\nexists,{D}\nthe\ntown grows{D}\nand more\nfriends\narrive.	그래,던전이\n있는 편이 마을이\n커지고{D}\n동료도 늘어나니까
MSG:7:123	038E12	MSG:0:123	123c9d0a849da8152c02d3014802d8850aa88e1a998211989512843d3d00	It seems\nthe Tyrian\nCrystal is{D}\ndeceiving\nthem.	으음~\n어쩐지 자수정에\n속고 있는 것 같은데…
MSG:7:124	038E30	MSG:0:124	1196bc1bbd1100	Hello.	어서 오세요
MSG:7:125	038E37	MSG:0:125	10962c111102a1aa93880ad05dc95fa8198300	Oh,a\nchocobo!{D}\nWhat fine\nfeathers!	어머,깃털이 참 고운\n초코보네요
MSG:7:126	038E4A	MSG:0:126	dede210a7b7b2cac1985920a1184119b9500	Mom!\nDad is\nmissing!	엄마!\n아빠가 어디에도\n없어
MSG:7:127	038E5C	MSG:0:127	10963c0aac198c11bc1f880a151b963f00	Oh,wherecould\nhe be?	어머~\n어디 가셨을까?
MSG:7:128	038E6D	MSG:0:128	029085920a118415bc1f8800	He was\nnot in{D}\nthe\nfield!	밭에도\n없었어
MSG:7:129	038E79	MSG:0:129	10962c1e121113ad0a10841f7b7b9c015c8e0a1d9dab1b1f3f00	How aboutyou?{D}\nHave you\nseen him?	어머,그러고 보니\n혹시 아이 아빠를\n못 보셨나요?
MSG:7:130	038E93	MSG:0:130	dffce7880217ebe60a023301ae9c15afbc1f0ad05dc95f8488ab1c9e00	He is a\nchocobo\nwearing{D}\na green\nstraw\nhat.	초록색 밀짚\n모자를 쓴\n초코보인데요
MSG:7:131	038EB0	MSG:0:131	13210aac19ab015c1f883f00	Oh!\nWhere?	어!\n어디서 봤어?
MSG:7:132	038EBC	MSG:0:132	10963f0a01c20176ab1c153f0c00	Oh,the\ninn?¶	어머?\n여관이요?¶
MSG:7:133	038ECA	MSG:0:133	13210a01c2017684883f00	Oh!Theinn?	어!\n여관이라고?
MSG:7:134	038ED5	MSG:0:134	dede2c8485150a8c9da89b00	Some-\nthing{D}\nis\nfishy,{D}\nMom.	엄마,뭔가\n이상해
MSG:7:135	038EE1	MSG:0:135	8ea801539b99821184110a01c201768488853d3d00	The inn isnot in{D}\nbusiness\nyet.	아직 영업도 안 하는\n여관인데…
MSG:7:136	038EF6	MSG:0:136	1e1287ba2c0404c5dfe604000a80bfbc8302a891983f00	Can I\nask a{D}\nfavor,\n<04>Camilla<00>?	그래,<04>카미라<00>\n부탁 좀 해도 될까?
MSG:7:137	038F0D	MSG:0:137	0404db2627c704001a9d850a1402ac1b821411820a1799983f00	Can you\ntalk to\n<04>Fawkes<00>?	<04>포크<00> 씨께\n이야기 좀\n전해 줄래?
MSG:7:138	038F27	MSG:0:138	9b15bc1f9b210a019ebc8217989b8700	Got it!\n{D}I will\nbe back!	알았어!\n다녀올게
MSG:7:139	038F37	MSG:0:139	10960aa2919d841a11870d0a1dbc15170241820a111fa8111f888500	Oh,\nsorry.{D}\nAfter\nyou{D}\ncame all\nthis way.	어머\n미안해요{D}\n모처럼 와\n주셨는데
MSG:7:140	038F53	MSG:0:140	7b7bbc1f960aac121b1f88151b9600	My,where\nis my{D}\nhusband?	아이 아빠도 참\n어떻게 된 걸까
MSG:7:141	038F62	MSG:0:141	10960aa2919d841a11870d0a14028788012302ad0a1b8284118800	Oh,sorry.Nothing{D}\nis for\nsale.	어머\n미안해요{D}\n가게 준비를\n못 했어요
MSG:7:142	038F7D	MSG:0:142	7b7b9e118411830a02159892889e84118800	Papa is\ngone and{D}\nwe have\nnothing{D}\nto sell\neither.	남편이 없으면\n팔 물건이 없어요
MSG:7:143	038F8F	MSG:0:143	10962c10841f0a84859c92bc8298883f00	Oh,what\nis this?	어머,당신\n뭘 가지고 있어요?
MSG:7:144	038FA0	MSG:0:144	10962c199911119b9500	How nice.	어머,이거 좋네요
MSG:7:145	038FAA	MSG:0:145	ac19159601b3bc82161f88150a014096841118ac0a9b1f1b850215bc8217998e1d9d3f00	Not sure\nwhere\nyou bought{D}\nit from,but\nwill you{D}\nsell it?	어디서 가져왔는지\n모르겠지만\n저한테 팔지 않을래요?
MSG:7:146	038FCE	MSG:0:146	7b7b9e11841115960a02159702299e8417820a198ebc821f8800	We have\nno wares\nwith my{D}\nhusband\ngone.	남편이 없어서\n팔 물건이 없어\n곤란했거든요
MSG:7:147	038FE8	MSG:0:147	92bc832c119a119a8492889c0a01b3bc82168201781a118700	Please\nbring even{D}\nmore items\nfor us.	앞으로도 여러 가지\n가져와 주세요
MSG:7:148	039001	MSG:0:148	7b7b89ac198c0a11bc1f88151b963f00	Oh,where\ncould he{D}\nhave\ngone?	아이 아빠는 어디\n간 걸까?
MSG:7:149	039011	MSG:0:149	8ebc1f177b7bbc1f960aac198c11bc1f88151b960d0a92122c14028785a81c92889e0a841784bc1f888500	Geez,Dad.{D}\nWhere in\nthe world{D}\ndid you\ngo to?{D}\nWe have no\ninventory...	정말 이이도 참\n어디 간 걸까{D}\n이제 가게에 낼 물건도\n다 떨어졌는데
MSG:7:150	03903C	MSG:0:150	10841f9e2c119a119a8492889c0a92bc82168217999815960a14028792128e1711bc8211989b00	Because you\nhave brought\nmany things{D}\nback,the\nshop is\ndoing well.	당신이 이것저것\n가져다준 덕분에\n가게도 잘되고 있어요
MSG:7:151	039063	MSG:0:151	0404db2627c704001a9d15960a0324168e1b1f00	<04>Fawkes<00>\ntold me.	<04>포크<00> 씨한테\n들었어요
MSG:7:152	039077	MSG:0:152	10841f9e01b3bc8217980ac0c1d2e0890d0af8edf45ded159601b3bc820a025abc82161f9288ab0d0a1e88f8edf45ded9c0154bc1f889e0a7b7ba8bc8200	The items you\nbrought were{D}\nfrom the\ndungeon my{D}\nhusband built.	당신이 가져오는\n아이템은{D}\n던전에서 가지고\n돌아온 거고{D}\n그 던전을 만든 게\n남편이라고요
MSG:7:153	0390B5	MSG:0:153	14033a11ab1c0a9b1f1b1f80887b7b9c0d0a7b7b9c0277188201781a1100	Please,my\nhusband!{D}\n...Please\nsave him!	부탁이에요\n우리 남편을{D}\n남편을 구해 주세요
MSG:7:154	0390D3	MSG:0:154	3d3d3d3d0a7b7b9c0277188210a1822100	...Save my\nPapa!	……\n아빠를 구해 줘!
MSG:7:155	0390E4	MSG:0:155	109d84851483841b17820a14a89315847b7b9e3d3d00	My calm,\nmature{D}\npapa...	그렇게 얌전하고\n온화한 아빠가…
MSG:7:156	0390FA	MSG:0:156	034f892c1403368819831b159b1596841118ac0a848515036e851f829819839e1099ad3d3d00	I really only\nknow about{D}\nflowers. If you\nthink I can{D}\nhelp...	난 꽃밖에 모르지만\n뭔가 도울 일이 있다면…
MSG:7:157	039120	MSG:0:157	14033a119500	...	부탁해
MSG:7:158	039126	MSG:0:158	10979e8312870a10841f881415a19500	It is all\nthanks to{D}\nyou!	고마워요\n당신 덕분이에요
MSG:7:159	039136	MSG:0:159	93bc837b7b92017d01321b82161f9b00	My husband{D}\nis healing.	드디어 남편도 회복됐어요
MSG:7:160	039146	MSG:0:160	10960a7b7b849602908c01c415181f9b9500	He left\nfor the{D}\nfields.	어머\n남편이라면 밭에 나갔어요
MSG:7:161	039158	MSG:0:161	0404c0d3e6040080bd9d0aac1284bc80bd1288151b963d3d00	But what\nhappened to{D}\n<04>Atla<00>?	<04>아트라<00>는\n어떻게 되는 걸까…
MSG:7:162	039171	MSG:0:162	7b7b9c3d3d3d0a10979e831200	Thank\nyou...\nfor my\ndad...	아빠를…\n고마워
MSG:7:163	03917E	MSG:0:163	9b1f1b85928485150a1401ba0288111a1d8200	Please,\nlet me{D}\nhelp\nsomehow.	나도 뭔가\n돕게 해 줘
MSG:7:164	039191	MSG:0:164	159bbc1f02918700	Odd{D}\nPlant!	특이한 화분이네
MSG:7:165	039199	MSG:0:165	f8edf45ded8801fbab0a015c81181f88ab1bbf3f00	Did you\nfind it{D}\nin the\ndungeon?	던전 안에서\n찾은 거지?
MSG:7:166	0391AE	MSG:0:166	cfd7152c01b79c92bc8284113f0a1e9985023e13980127922c92bc8284113f00	Do you have\nSeeds,Nuts{D}\nor Tonics to\nuse on it?	씨앗이나 열매 없어?\n거기 줄 약도 없어?
MSG:7:167	0391CE	MSG:0:167	cfd7832c0127ab0a033282828f8e1bbf129500	Try\nusing a{D}\nSeed and\nTonic.	씨앗이랑 약으로\n키워 보자
MSG:7:168	0391E1	MSG:0:168	0291892c036302081f97880a111183199a8c02e311828300	Place the\nPlant in{D}\nthe\nsunlight.	화분은 햇볕이\n잘 드는 곳에 두고…
MSG:7:169	0391F9	MSG:0:169	84859c01d01398150190911f960a029101d0138c02109982870d0a019988919dac12899b1f1b9e0a015c82141715968700	Once you\nhave{D}\nchosen what\nto grow{D}\ninsert\nyour Plant.{D}\nLeave the\nrest to me.	뭘 심을지 정하면\n화분에 넣어 줘{D}\n그다음 돌보는 건 내가\n맡을게
MSG:7:170	03922A	MSG:0:170	8ea82c033789ab8284119b00	Not yet!	아직 싹이 안 났어
MSG:7:171	039236	MSG:0:171	03379e01c41f9b8700	It grew!	싹이 났네
MSG:7:172	03923F	MSG:0:172	1699118403368700	Pretty!	예쁜 꽃이네
MSG:7:173	039247	MSG:0:173	1999bc822cac9d8401b78488151b960a92122c01b3bc82019e17883f0c00	Take this\nnut?¶	이건 어떤 열매일까\n벌써 가져갈 거야?¶
MSG:7:174	039265	MSG:0:174	03541b82989b950a01b3bc82019e17883f0c00	Ripe!\nTake?¶	잘 익었어\n가져갈 거야?¶
MSG:7:175	039278	MSG:0:175	92122c027297850241841115960a171abc80bdbc1f9b9500	Darn. It\nrotted.	가지러 안 와서\n썩어 버렸어
MSG:7:176	039290	MSG:0:176	a2919d870a921202e31701cd01c59e84118800	Sorry\nthere is{D}\nno room.	미안\n더 둘 곳이 없어
MSG:7:177	0392A3	MSG:0:177	0f0f0f029101d0130f0f0f0c00	Plant¶	   화분    ¶
MSG:7:178	0392B0	MSG:0:178	ac999c01d01398883f0c00	Seed?¶	뭘 심을래?¶
MSG:7:179	0392BB	MSG:0:179	ac8801279c023e1398883f0c00	Tonic?¶	어떤 약을 줄래?¶
MSG:7:180	0392C8	MSG:0:180	1999ab0332829888873f0c00	Grow here?¶	이걸로 키우는 거지?¶
MSG:7:181	0392D4	MSG:0:181	9b15bc1f9b0a01f601b185033282989b8700	I see.\nI will{D}\ncare\nfor it.	알았어\n소중히 키울게
MSG:7:182	0392E6	MSG:0:182	dbc7ea9e11bcb211870a02f91882161f963f00	The bag\nis full.{D}\nStore\nitems?	주머니가 가득 찼네\n맡기고 오는 게 어때?
MSG:7:183	0392F9	MSG:0:183	10979e831200	...	고마워
MSG:7:184	0392FF	MSG:0:184	8ea82c01b5022a888415ab0a84859e1419bc1f88153d3d00	Still... I\nwonder{D}\nwhat came\nover me...	아직도 내 안에서\n무슨 일이 있었는지…
MSG:7:185	039317	MSG:0:185	c6c8ed84012885109b1d821b8ebc820a1c8e8415bc1f00	Sorry for\ncausing so{D}\nmuch danger.	위험한 일을 겪게 해서\n미안하네
MSG:7:186	03932E	MSG:0:186	018f02828502bd9c025f131f01990a02d3024988014802d89c8d97a81b1f9da800	I found a\npurple{D}\ncrystal after\nguiding you.	자네들에게 길을 알려 준 뒤\n보라색 수정을 캐냈다네
MSG:7:187	03934F	MSG:0:187	01b5022a8801fb852c01b5022aab84110179159e0a01b5022a8801fbab01f6161784bc8211bc1f00	Inside...\nSomething{D}\nthat was not\nme grew{D}\nbigger.	내 안에서,내가 아닌 무언가가\n점점 커져 갔지
MSG:7:188	039377	MSG:0:188	1e19159602dd892cc6df9e024d021b0a0140bc821198a89a1200	After that\nyou know{D}\nwhat\nhappened.	그다음은 자네가 제일\n잘 알겠지
MSG:7:189	039391	MSG:0:189	01b5022a88027b888415852c10889512840a027b9e10bc1f8389843d3d3d00	Something\nlike that was{D}\ndeep in my\nheart...	내 마음속에 그런\n마음이 있었다니…
MSG:7:190	0393B0	MSG:0:190	ac9d84027b85922c02b98303719e10980a1b151b2c03719e02b985849819839e0a10bc82898496841100	The heart\nhas light\nand dark.{D}\nThe most\nimportant\nthing is to{D}\nlighten\ndarkness.	어떤 마음에도 겉과 속이 있지\n하지만 속이 겉이 되는 일은\n있어서는 안 되네
MSG:7:191	0393DA	MSG:0:191	1b151b2c1088014802d889027b880a02b98303719c02109915139800	The\ncrystal made{D}\nlight\nbecome{D}\ndarkness.	하지만 그 수정은 마음의\n겉과 속을 뒤바꾼다네
MSG:7:192	0393F6	MSG:0:192	9517027715bc1f9288a80a1e1b822c1c8e841100	You did\nwell to{D}\nhelp. I\nam\nsorry.	용케 살아났군\n그리고,미안하네
MSG:7:193	03940A	MSG:0:193	018f8802a202829e2c027297034a8e99821b8ebc1f00	Now your\nfriend was{D}\npossessed.	자네 친구가 사로잡히고 말았네
MSG:7:194	039420	MSG:0:194	01f39e020a1795128584bc1f960a108802909c92bc8301fdb0828f98950d0a0179159b159815921b99841115968400	When I can\nmove,I will\nsearch the{D}\nfield more!\nMaybe I will\nfind something.	몸이 움직이게 되면\n그 밭을 더 조사해 보겠네{D}\n뭔가 알아낼지도 모르니
MSG:7:195	03944F	MSG:0:195	0404c0d3e6040080bd9d920a04047b7b040092023901b1a8bc1f9b8700	So <04>Atla<00>\nand my{D}\nhusband\nare OK...	<04>아트라<00>도\n<04>남편<00>도 무사했네요
MSG:7:196	03946C	MSG:0:196	ab922cf8edf45ded898ea80a10989b8700	But the\ndungeon{D}\nstill\nexists.	그래도 던전은 아직\n있네요
MSG:7:197	03947D	MSG:0:197	01a802c9892cf8edf45ded9e1098889e0a101f978e138501af1382161f9b00	Lately\ndungeons{D}\nexisting\nseems to be{D}\nthe norm.	요즘은 던전이 있는 게\n당연하게 느껴져요
MSG:7:198	03949C	MSG:0:198	1088f8edf45dedbc82ac121b820a101e1985109888151b96873f00	I wonder\nwhy that{D}\ndungeon is\nover there?	저 던전은 왜\n저기 있는 걸까요?
MSG:7:199	0394B7	MSG:0:199	0404c0d3e6040080bd9d920a023901b1ab9515bc1f9b8700	I am\nglad <04>Atla<00>{D}\nis OK\ntoo.	<04>아트라<00>도\n무사해서 다행이에요
MSG:7:200	0394CF	MSG:0:200	0249016d84033693cfd79e0a03328296998214921b9a119b00	Growing\nflowers and{D}\nseeds is\nso neat.	여러 꽃이랑 씨앗을\n키울 수 있어서 재밌어
MSG:7:201	0394E8	MSG:0:201	a8999211841784bc82841188850af8edf45ded9e109888bc820a022101af025c958700	Nobody is gonebut the\ndungeon is{D}\nstill there.\nMysterious.	아무도 사라지지 않았는데\n던전이 있다니\n신기해
MSG:7:202	03950B	MSG:0:202	95120a8415841511110252a89500	Man,nice\nhouse.	여어\n꽤 좋은 집이야
MSG:7:203	039519	MSG:0:203	a899922c01c201768801fb850af8edf45ded9e1098889c0a01409684119512a89500	We should\nensure\nnobody{D}\nelse finds\nthe inn\ndungeon!	아무도 여관 안에\n던전이 있다는 걸\n모르는 것 같아
MSG:7:204	03953B	MSG:0:204	849da8159b1596841118ac0a1111159da4a89500	No clue why.{D}I have a\ngood{D}\nfeeling.	뭔지 모르겠지만\n느낌이 좋아
MSG:7:205	03954F	MSG:0:205	a83c0a0283920140968411bc82198389840d0a14023089c4e91f8088e2d8bc820a1983a89500	The reason\nnobody has{D}\nheard of\nthe treasure{D}\nis because\nit is{D}\nwaiting for\nme to{D}\nclaim it!	에휴~\n아무도 모른다는 건{D}\n보물은 우리 차지라는\n거라고
MSG:7:206	039575	MSG:0:206	8d9d83853c0a9b15bc829d88153f00	Yeeep.{D}\nGet the\npicture?	정말~\n알아듣고 있는 거야?
MSG:7:207	039584	MSG:0:207	8ebc2c11111500	Bah.	뭐,됐어
MSG:7:208	03958B	MSG:0:208	19bc808504040b0400880a022501769c012302ad1b8214111f9500	Whatever.\nI had a{D}\nhome set\nup for you,{D}\n<04>{B}<00>!	여기에 <04>{B}<00>의\n방을 마련해 뒀어
MSG:7:209	0395A6	MSG:0:209	f8edf45ded1596025abc82161f960a1919ab2c025d908311119500	You can use\nit to rest{D}\nafter a\ndungeon.	던전에서 돌아오면\n여기서 쉬면 돼
MSG:7:210	0395C1	MSG:0:210	83971013a50a025d9dab14111f96ac12a800	Speaking\nof,need{D}\na break?	일단\n쉬어 두는 게 어때
MSG:7:211	0395D3	MSG:0:211	a4bd1001c201768801e2ab0a8ebc829815968400	I will\nwait{D}\noutside.	그럼 여관 앞에서\n기다릴게
MSG:7:212	0395E7	MSG:0:212	1e121e122c02e3118214161f110ac0c1d2e0898411153f00	Right.{D}\nNeed me to\nhold items?	맞다,맡겨 두고 싶은\n아이템은 없어?
MSG:7:213	0395FF	MSG:0:213	1988cfedcc8801fb850ac4e99e02f915bc8214179500	I can keep\nitems in{D}\nthis\ndresser.	이 옷장 안에\n내가 맡아 둘게
MSG:7:214	039615	MSG:0:214	ab922ccfedcc85890a3130c91b1502109684119500	But only\n10 items{D}\ncan fit\nin here.	하지만 옷장에는\n10개밖에 안 들어가
MSG:7:215	03962A	MSG:0:215	1f171a9d02e3118214178884960a027f026701768c02ac9c1b8214111f15960a1ebc808c02f918988311119500	If you have\nlots of\nitems,head{D}\nover to the\nstorehouse\nto store them.	많이 맡기려면\n창고지기한테 말해 뒀으니까\n거기 맡기면 돼
MSG:7:216	039657	MSG:0:216	8485152c02f915bc82141912153f0a1e9983922c01b3bc82019e178815113f00	Wanna deposit\nsomething?{D}\nOr perhaps\nwithdraw?	뭔가 맡아 둘까?\n아니면 가져갈 거야?
MSG:7:217	039677	MSG:0:217	02f9188214170a01b3bc82019e170a939182141700	Store\nTake\nQuit	맡긴다\n가져간다\n그만둔다
MSG:7:218	03968C	MSG:0:218	0fc0d3e688cfedcc0f0c00	Dresser¶	 아트라의 옷장 ¶
MSG:7:219	039697	MSG:0:219	cfedcc8801fb8911bcb211ab1c00	The dresser{D}\nis full.	옷장 안이 가득 찼습니다
MSG:7:220	0396A5	MSG:0:220	dbc7ea8801fb8911bcb211ab1c00	The bag{D}\nis full.	주머니 안이 가득 찼습니다
MSG:7:221	0396B3	MSG:0:221	14210a1415139700	Hey!	오!\n어서 와
MSG:7:222	0396BB	MSG:0:222	ac12a8110a84851510bc1f153f00	So then,\nanything{D}\nhappen?	어때\n뭔가 있었어?
MSG:7:223	0396C9	MSG:0:223	8b9d8b9d00	Hm!	흠흠
MSG:7:224	0396CE	MSG:0:224	02db1101bb850a01471101461500	Is\nthat?	빨간 구슬에\n파란 돌이라
MSG:7:225	0396DC	MSG:0:225	841584150a951a1e12a88400	Magic-\nite?{D}\nSeems\nnice.	꽤\n좋아 보이는데
MSG:7:226	0396E8	MSG:0:226	93bc83e9c0c0c1d2e0830a0197b09892888501c402be130a1e12a8958400	You have\nfinally\ncome{D}\nacross a\nrare item\ntreasure!	드디어 레어 아이템이라고\n부를 만한 걸 만날\n것 같아
MSG:7:227	039706	MSG:0:227	8b3c903d3d3d0a01a802d78502bebc1f8316890a0404c5dfe67b7b0400ab0d0a81160243831a991f831685890a0404f45bd5cf3b0400849da800	We met\n<04>Camillas\nDad<00> first.{D}\nBut it\nwas <04>Janita<00>\nat the inn{D}\ninstead.	흐음…\n처음 만났을 때는\n<04>카미라 아빠<00>였고{D}\n떠밀렸을 때는\n<04>자니타<00>였단 말이지
MSG:7:228	039740	MSG:0:228	8ebc210f111115210ac0c1d2e0119a119a10981b00	What! How isthat? So{D}\nmany items!	뭐!됐어!\n아이템이 잔뜩 있으니까
MSG:7:229	039755	MSG:0:229	01f6026a16840404c0d3e60400890a0606063d060606063d060606063d060606063d060606063d0a11841100	He is\ngone...{D}\nMy dear\nfriend{D}\n<04>Atla<00>...	사랑하는 <04>아트라<00>는\n{6:06}{6:3D}{6:06}{6:06}·{6:06}{6:06}·{6:06}{6:06}·{6:06}{6:06}·\n이제 없다
MSG:7:230	039781	MSG:0:230	3d06063d06063d06063d06063d06060d0af2e1ed210f0f00	.{6:06}.{6:06}.{6:06}.{6:06}.{D}\n	·{6:06}·{6:06}·{6:06}·{6:06}·{6:06}{D}\n미안!
MSG:7:231	039799	MSG:0:231	108e9785014802d89e0a169911a8bc1f15960d0a849da89a128301afbc1f960a9b189b159d841784bc82168200	Sorry! The\ncrystal was{D}\nso pretty,\nI wondered{D}\nwhat it\nwas. No{D}\nclue why.	수정이 너무\n예뻐서{D}\n뭘까 하고 생각했더니\n머리가 이상해져 버렸어
MSG:7:232	0397C6	MSG:0:232	1a822c10938ebc1f1b0d0a01b789027297034a8e9982988316850a1ca211c1e13bf49c015c1f9da800	That was a\nmistake. I{D}\nsaw an\nincredible{D}\nimage as I\nwas{D}\npossessed.	자,사과는 했으니까{D}\n실은 사로잡혀 있을 때\n굉장한 걸 봤어
MSG:7:233	0397EF	MSG:0:233	1088014802d8880140014f8801fb850ac4e90282880140968411c0c1d2e00a9e11bcb21110bc1f9da800	The mind\nof the\ncrystal had{D}\nmany items\nI had not\nseen!	그 수정의 지식 속에\n우리가 모르는 아이템이\n잔뜩 있었어
MSG:7:234	039819	MSG:0:234	1088f8edf45ded8801fb850af627cfc18510989da800	Those are\ndefinitely{D}\nin that\ndungeon!	저 던전 안에\n틀림없이 있어
MSG:7:235	03982F	MSG:0:235	849da815014096841118ac0a01ef01fe9e1a9e1b821fa700	Not sure\nbut they{D}\nseek the\nmayor.	뭔지 모르겠지만\n촌장이 찾던데
MSG:7:236	039847	MSG:0:236	838497880404e6ccc70400a818ac0a5fea5fea88025902549c84141b82980a8f1f11a88400	Seems <04>Rask<00> to\nthe left is\nfixing up{D}\nan old\nmachine.	옆집 <04>라스크<00> 말인데\n낡아 빠진 기계를 고치는\n모양이야
MSG:7:237	03986C	MSG:0:237	c4c1e8ab928699ad0a111188858400	Oil wouldhelp.	기름이라도 바르면\n될 텐데
MSG:7:238	03987B	MSG:0:238	838497880404e6ccc70400a818ac0a8e1f022d88c53bfc9c01f81b8211980a8f1f11a800	<04>Rask<00> to the\nleft seeks\na different{D}\nCard.	옆집 <04>라스크<00> 말인데\n또 다른 카드를 찾는\n모양이야
MSG:7:239	03989F	MSG:0:239	849dab922cc0c1d2e09c0a01b5022a8802528c01e89819839e0aab1698961b1100	Seems\nlike no\nmatter{D}\nwhere,it\ncan send\nitems\nhome.	뭐든지 아이템을\n자기 집으로 보낼 수\n있대
MSG:7:240	0398C0	MSG:0:240	04040b04009e01b3bc820a025abc82161fc0c1d2e09c015c820a8f9d849e2c14ac9a1182989500	<04>{B}<00>,\neveryone is\nsurprised{D}\nto see the\nitems you\nbring back.	<04>{B}<00>,네가 가지고\n돌아온 아이템을 보고\n다들 놀라고 있어
MSG:7:241	0398E7	MSG:0:241	91a5961b1188832c5eede78488ab0a8f9d848801de018492022e9bbc82161e12a800	They are rare\nand useful,so{D}\nit changed\nthe way of life.	신기하고 편리하니까\n다들 생활도 바뀌겠어
MSG:7:242	039909	MSG:0:242	ac9dac9dc0c1d2e09c021599ad0ac4e9028288023a01e292021599821798a700	At this\nrate,we{D}\nneed to\nmarket our{D}\nnames,too.	아이템을 척척 팔면\n우리 이름도 알려질 거야
MSG:7:243	039929	MSG:0:243	ac9dac9dc0c1d2e09c021599ad0a01f6015f01b3801a00	If we keep\nselling,we{D}\nwill be rich!	아이템을 척척 팔면\n큰 부자야
MSG:7:244	039940	MSG:0:244	01a3020588f8edf45ded3d3d3d0a109989023901958501ed118211983d3d3d00	The next\ndungeon...{D}\nwill go on\nforever...	이번 던전은…\n끝없이 이어져 있어…
MSG:7:245	039960	MSG:0:245	03129b979e0239113d3d3d0a1e9d84d5c4c19e1c9800	It seems...\nendless.	끝이 없어…\n그런 냄새가 나
MSG:7:246	039976	MSG:0:246	1e99a4bd100a019ebc828f95121500	Well,whynot take{D}a look?	그럼\n가 볼까
MSG:7:247	039985	MSG:0:247	8c3c0a1997bd11119300	! This\nis all?	헤에~\n이거 좋은데
MSG:7:248	03998F	MSG:0:248	023602088501c201768801fb9e0af8edf45ded1e8892880a8584bc82989da800	The\ninside of\nthe inn{D}\nreally IS\na dungeon!	정말로 여관 안이\n던전 그 자체가\n돼 버렸어
MSG:7:249	0399AF	MSG:0:249	a4bd101f889da8950a04040b04002100	It is up\nto you,{D}\n<04>{B}<00>!	그럼 부탁해\n<04>{B}<00>!
MSG:7:250	0399BF	MSG:0:250	c4e9892c01ef8801fb9c017dbc820a0279029a9c02759183179500	I will\ngather{D}\ninfo around\nthe village.	난 마을을 돌면서\n정보를 모아 둘게
MSG:7:251	0399DA	MSG:0:251	ac121b1f3f0d0aa811a4bf12afa8bc82210a849d83158498bc822100	What? Are\nyou OK?{D}\nSomething\nhappen?	왜 그래?{D}\n괜찮다니까!\n어떻게든 될 거야!
MSG:7:252	0399F6	MSG:0:252	951b951b0a9e9dadbc8217999500	OK,then!{D}\nDo your\nbest!	좋아좋아\n힘내라고
MSG:7:253	039A04	MSG:0:253	14112ca811a4bf12af153f00	Hey,you\nall right?	이봐,괜찮아?
MSG:7:254	039A10	MSG:0:254	025b9c0271bc1f960a19198c02f0ad1a991fbc823f00	You fainted\nand ended{D}\nup here?	정신을 잃었더니\n여기로 날아왔다고?
MSG:7:255	039A26	MSG:0:255	ac1284bc829da83f00	What{D}\nhappened?	어떻게 된 거야?
MSG:7:256	039A2F	MSG:0:256	3d3d3d3d8ebc1111150aa811a4bf12af1e12a81b8400	...Well.{D}\nAt least\nyou are OK.	……뭐,됐어\n괜찮아 보이니까
MSG:7:257	039A45	MSG:0:257	1e99ab11119288890a10bc1f88153f00	So,did\nyou{D}\nfind any-thing?	그래서 좋은 건\n있었어?
MSG:7:258	039A55	MSG:0:258	84210f849da8bc82213f0a01b38002299e841784bc8298a8bc822100	What!\nReally!? Your{D}\nitems are\ngone!	뭐!뭐라고!?\n소지품이 없어졌다고!
MSG:7:259	039A71	MSG:0:259	849d8219bc1f0aac1297ab2ca811a4bf12af849da800	What the\nhey? At least{D}\nyou are OK!	이런 세상에\n그래서 멀쩡했구나
MSG:7:260	039A87	MSG:0:260	04040b04002c819f890a849d83151b8201b5011dab0f0d0a025abc8217989da89500	<04>{B}<00>.{D}\nNext time,\ntry to{D}\nget back\non your\nown.	<04>{B}<00>,다음엔\n어떻게든 혼자 힘으로{D}\n돌아오라고
MSG:7:261	039AA9	MSG:0:261	1e12a4bd8411833d3d00	Counting{D}\non you!	안 그러면…
MSG:7:262	039AB3	MSG:0:262	1f889da89500	Bye!	부탁해
MSG:7:263	039AB9	MSG:0:263	199d85808900	Hello.	안녕하세요
MSG:7:264	039ABF	MSG:0:264	01b789cfedcc88121b9a850aa811a484e4feeb9e024380820a1b8ebc1f88ab1c00	I dropped myimportant\nring.	실은 옷장 뒤에\n소중한 반지를 떨어뜨리고\n말았어요
MSG:7:265	039AE0	MSG:0:265	8485152c1111c0c1d2e0890a84119288ab1bbf12153f00	Would you\nhappen to{D}\nhave any\ngood items?	뭔가 좋은 아이템은\n없을까요?
MSG:7:266	039AF7	MSG:0:266	1988c0c1d2e0ab890a0272991e128510978e1d9d8700	Seems this\nitem can{D}\nnot be\ntaken.	이 아이템으로는\n못 꺼낼 것 같네요
MSG:7:267	039B0D	MSG:0:267	102c1999892100	This!	아,이건!
MSG:7:268	039B14	MSG:0:268	10979e8312a2a3118e1c0a93bc8302729819839eab168e1b1f00	Thank you\nmuch. Now{D}\nit could be\ntaken.	고맙습니다\n드디어 꺼낼 수 있었어요
MSG:7:269	039B2E	MSG:0:269	1a1a9315ab1c9e0a1403729c121883bc8217a81a1100	It is not\nmuch but{D}\nhave this\nas thanks.	약소하지만\n답례를 받아 주세요
MSG:7:270	039B44	MSG:0:270	11933c0f109915960a171d8584bc821b8ebc823d3d00	No,from\nthere. It{D}\nbecame a\nhabit...	아니~ 그 뒤로\n버릇이 돼 버려서…
MSG:7:271	039B5A	MSG:0:271	84158415111101efab1c0a1999159692bc8301f616170a84971e12ab1c8700	This nice\nvillage\nwill keep{D}\ngrowing.	꽤 좋은 마을이에요\n앞으로 더 커질\n것 같네요
MSG:7:272	039B79	MSG:0:272	83199aab2c1988c53bfc890a01a801a0ab1c00	By the\nway,Doom{D}\nCard is\ngreat!	그런데 이 카드는\n최고예요
MSG:7:273	039B8C	MSG:0:273	3202af15962c3102af8c159d1f9d850a14979819839eab169888ab1c159600	Using it\nyou can{D}\neasily go\nfrom 2F to{D}\n1F!	2층에서 1층으로 간단히\n내려갈 수 있으니까요
MSG:7:274	039BAB	MSG:0:274	ab922c01a802d7853202af85118411830a01fa023b859197199dab1b8e118e1c00	But if\nyou are not on{D}\n2F you\nend up in{D}\nthe ground!	하지만 처음에 2층에 없으면\n땅에 파묻혀 버려요
MSG:7:275	039BCC	MSG:0:275	198801ef8591a5961b11c0c1d2e09e0a0215969982119883032411820a8abc191b82168e1b1f8800	I heard\nthere were\nrare items{D}\nso I moved\nhere!	이 마을에서 신기한 아이템을\n판다고 들어서\n이사 왔어요
MSG:7:276	039BF4	MSG:0:276	108801ae852c16161e12840ac0c1d2e09e015c811599ad111188ab1c9e00	I want\nto find an{D}\nitem to help\nmy child.	우리 아이에게 들을 만한\n아이템을 찾으면 좋겠는데요
MSG:7:277	039C12	MSG:0:277	1988fce9c1ed880236ab0a198801ae858015969c0a9b188217a81a1100	Use the\nDrain\nbook to{D}\ngive\npower to\nmy{D}\nchild.	이 드레인 책으로\n이 아이에게 힘을\n나눠 주세요
MSG:7:278	039C2F	MSG:0:278	108301ca1bab0265025b850a849888ab1c00	They are\nnearly{D}\nbetter.	조금만 더 있으면\n기운을 차릴 거예요
MSG:7:279	039C41	MSG:0:279	10b73d3d3d00	Ah...	아아…
MSG:7:280	039C47	MSG:0:280	0265025b840249853d3d00	Better!	혈색이 돌아와요…
MSG:7:281	039C52	MSG:0:281	10979e8312a2a3118e1c00	Thank you.	고맙습니다
MSG:7:282	039C5D	MSG:0:282	ac121403729c1b82111188939600	How can I{D}\nrepay you?	뭐라고 감사드려야 할지
MSG:7:283	039C6B	MSG:0:283	108801aebc1f960a0144abd33bfc8584bc820a023d9dab11989dab1c00	My\nchild\nbecame a{D}\ntoad to\nplay in a\nfountain.	우리 애가 글쎄\n샘에서 두꺼비가 돼서\n놀고 있지 뭐예요
MSG:7:284	039C88	MSG:0:284	140338ab2c023dae1f1184b700	I want{D}\nto go play.	밖에서 놀고 싶다~
MSG:7:285	039C95	MSG:0:285	14034380bd9d890a022101af025c84c0c1d2e09e02438082980af8edf45ded8c023dae85111788ab1bbf3f00	Maybe my\nbrother went\nto check the{D}\ndungeon with\nthe mysterious\nitems?	오빠는\n신기한 아이템이 떨어져 있는\n던전에 놀러 가는 거지?
MSG:7:286	039CC1	MSG:0:286	101f1b92019e161f1184b700	I want{D}\nto go!	나도 가고 싶다~
MSG:7:287	039CCD	MSG:0:287	9bb7110a14034380bd9d10979e831200	Wah!{D}\nThanks,\nbrother!	와아\n오빠 고마워
MSG:7:288	039CDD	MSG:0:288	1415101a9d9e870a109d8e97d33bfc8584bc82023daf84bc8200	Mom said less\nplaying as a{D}\ntoad in\nfountains.	엄마가 말이야\n두꺼비가 돼서 너무 놀지 말래
MSG:7:289	039CF7	MSG:0:289	15849701f6168401ef850a84bc1f9b8700	This\nvillage{D}\nwill\nkeep{D}\ngrowing.	꽤 큰 마을이\n됐네요
MSG:7:290	039D08	MSG:0:290	8ea88ea80a159b989b8700	I willknow{D}\nsome\nday.	아직도\n변할 거예요
MSG:7:291	039D13	MSG:0:291	8ea82c159b9883199a9e0a10989b9500	I am\ncloser to{D}\nknowing!	아직 변할 곳이\n있어요
MSG:7:292	039D23	MSG:0:292	921201ca1b8485150a159b989b9500	Soon,\nI will{D}\nunder-\nstand!	조금 더 뭔가\n변할 거예요
MSG:7:293	039D32	MSG:0:293	1ca2119b0a1cad961b1101ef8700	The\nvillage{D}\nis\ngreat,no?	굉장해요\n멋진 마을이네요
MSG:7:294	039D40	MSG:0:294	0181152c018f1f808502bebc1f88890a1919a8bc1f8400	This is\nwhere we{D}\nmet,yes?	분명,자네들을 만난 게\n여기였지
MSG:7:295	039D57	MSG:0:295	0404c0d3e60400018f890a023901b1a89a12153d3d3d00	Will <04>Atla<00>\nbe OK...?	<04>아트라<00> 군은\n무사할까…
MSG:7:296	039D6E	MSG:0:296	9b1f1b892c198802909c0a92bc8301f616171b820d0a198801ef9c941f15850a1b1f1188a89500	I want to\nexpand thefield for\nour{D}\nvillage!	나는 이 밭을\n더 넓혀서{D}\n이 마을을 풍요롭게\n만들고 싶다네
MSG:7:297	039D95	MSG:0:297	c5c5cb9e841784bc821b8ebc1f00	A scarecrow\nis missing.	허수아비가 없어져 버렸어
MSG:7:298	039DA3	MSG:0:298	028392027297034a8e998211841188850af8edf45ded892c1e198510980d0aac121b828488153d3d3d00	Nobody is\npossessed\nbut a{D}\ndungeon is\nstill over\nthere...	아무도 사로잡히지 않았는데\n던전은 저기 있어{D}\n어째서일까…
MSG:7:299	039DCD	MSG:0:299	f8edf45ded890283158802fa036a9c9283850a1e1985026c9e980d0aab892c02838802fa036a8488153d3d00	Dungeons are\nbased on{D}\ndesires,but\nI wonder{D}\nwhose desires\nthese are?	던전은 누군가의 욕망을\n바탕으로 펼쳐지지{D}\n그럼 누구의 욕망일까…
MSG:7:300	039DF9	MSG:0:300	c15eedd39c015c8e1c153f0c00	See event?¶	SEE EVENT?¶
MSG:7:301	039E06	MSG:0:301	849d93879d840a8ea893bc8200	I am\ndoing{D}\nsome\nthing.	WAIT\nNOT DONE YET
MSG:7:302	039E13	MSG:0:302	ac999c11a4989d933f0c00	Which one?¶	WHICH ONE?¶
MSG:7:303	039E1E	MSG:0:303	1811a3118916be12dbe6f00f0acbd4e7c4dbe6f00f0f121303570ac3c0ea8802360f0f0f0f839101b00affe7edc788c53bfc0f153c01100a9b16014888c53bfc0f0fad1803350ae2d5cf3b1a9dc6edcb0f0f02320acaedf83b8802360f0f0f0f0f0f0a93919300	Shop flag\nScenario flag\nAero Book\nBlink Card\nSpring Card\nMonitor\nThunder Book\nExit	SHOP FLAG\nSCENARIO FLAG\nAERO BOOK\nBLINK CARD\nSPRING CARD\nMONITOR OFF\nTHUNDER BOOK\nEXIT
MSG:7:304	039E85	MSG:0:304	3030300a3130300a3135300a3230300a3235300a3330300a93919300	000\n100\n150\n200\n250\n300\nEnd	000\n100\n150\n200\n250\n300\nEXIT
MSG:7:305	039EA1	MSG:0:305	1a111bbf0afce810830aa811329b0aa811339b0a93919300	Start\nChip\nPart 2\nPart 3\nEnd	START\nCHIP AFTER\nPART 2\nPART 3\nEXIT
MSG:7:306	039EB9	MSG:0:306	30300a31300a32300a33300a34300a35300a93919300	00\n10\n20\n30\n40\n50\nEnd	00\n10\n20\n30\n40\n50\nEXIT
MSG:7:307	039ECF	MSG:0:307	30300a33300a35300a37300a93919300	00\n30\n50\n70\nEnd	00\n30\n50\n70\nEXIT
MSG:7:308	039EDF	MSG:0:308	e2d5cf3b1a9d8981159b8411ab0c00	Do not use¶	NO MONITOR¶
MSG:7:309	039EEE	MSG:0:309	0f30300a0f31300a0f32300a0f33300a0f34300a0f35300a0f36300a0f37300a0f38300a0f39300a3130300a93919300	00\n10\n20\n30\n40\n50\n60\n70\n80\n90\n100\nEnd	 00\n 10\n 20\n 30\n 40\n 50\n 60\n 70\n 80\n 90\n100\nEXIT
MSG:7:310	039F1E	MSG:0:310	9512191e210a191297bd17887fc1edd3892c023693d1e12cc7e69c0a035701ba85033282981983ab1c0ae0e79c1b8281bc198ea585d2e97fc53bfcab01ef8c0a025abc824c569c10a18e1bbf120a0f0f0f0f0f0f0f159d1bbe120f01fb01ef02cc024d0f959700	Welcome! It is\neffective to make\nsure you raise\nBooks,Talons,{100}\nSaddles. Increase\nyour level without{D}\noverdoing it by\nusing Teleport\nCards to return to\nthe village.\n-Director Nakamura\nKouichi	환영합니다!\n공략 포인트는 책,발톱,안장을\n잘 키우는 것입니다\n무리하게 파고들지 말고 텔레포 카드로\n마을에 돌아와 LV를 올립시다\n    감수 나카무라 코이치
SLPS:0	06CB04		7d3be900	Poulet	푸레
SLPS:1	06CB08		00		
SLPS:2	06CB0A		891100	OK	예
SLPS:3	06CB0D		11111300	No 	아니오
SLPS:4	06CB11		0190020200	OK	결정
SLPS:5	06CB16		022e019d00	OK	변경
SLPS:6	06CB1B		93919800	End	그만
SLPS:7	06CB1F		10111213149b0f9c0f9d15161718199e9fa0a1a21a1b1c1d1ea3a4a5a6a71f80818283a8a9aaabac8485868788adaeafb0b1898a8b8c8db2b3b4b5b68e8f909192b7b8b9babb930f940f95bd0fbe0fbf969798999a3b0fbc0808c0c1c2c3c4eb0fec0fedc5c6c7c8c9eeeff0f1f2cacbcccdcef3f4f5f6f7cfd0d1d2d3f8f9fafbfcd4d5d6d7d8fdfeff5e5fd9dadbdcdd7b7c7d7e7fdedfe0e1e22223242526e30fe40fe55b0f5c0f5de6e7e8e9ea3b20270808303132333435363738394142434445464748494a4b4c4d4e4f505152535455565758595a0f0f0f0f6162636465666768696a6b6c6d6e6f707172737475767778797a0f0f0f0f213f2b2d2f3c28292c2a2e3d3e3a40600f0f080800	{10}{11}{12}{13}{14}{9B} {9C} {9D}{15}{16}{17}{18}{19}{9E}{9F}{A0}{A1}{A2}{1A}{1B}{1C}{1D}{1E}{A3}{A4}{A5}{A6}{A7}{1F}{80}{81}{82}{83}{A8}{A9}{AA}{AB}{AC}{84}{85}{86}{87}{88}{AD}{AE}{AF}{B0}{B1}{89}{8A}{8B}{8C}{8D}{B2}{B3}{B4}{B5}{B6}{8E}{8F}{90}{91}{92}{B7}{B8}{B9}{BA}{BB}{93} {94} {95}{BD} {BE} {BF}{96}{97}{98}{99}{9A}; {BC}{8:08}{C0}{C1}{C2}{C3}{C4}{EB} {EC} {ED}{C5}{C6}{C7}{C8}{C9}{EE}{EF}{F0}{F1}{F2}{CA}{CB}{CC}{CD}{CE}{F3}{F4}{F5}{F6}{F7}{CF}{D0}{D1}{D2}{D3}{F8}{F9}{FA}{FB}{FC}{D4}{D5}{D6}{D7}{D8}{FD}{FE}{FF}^_{D9}{DA}{DB}{DC}{DD}{|}~{7F}{DE}{DF}{E0}{E1}{E2}"#$%&{E3} {E4} {E5}[ \ ]{E6}{E7}{E8}{E9}{EA}; '{8:08}0123456789ABCDEFGHIJKLMNOPQRSTUVWXYZ    abcdefghijklmnopqrstuvwxyz    !?+-/<(),*.=>:@`  {8:08}	
SLPS:8	06CC2E		01a801f636022b01b200	6 max	6글자까지
SLPS:9	06CC38		023a01e200	Name	이름
SLPS:10	06CC3D		141700	Drop	놓기
SLPS:11	06CC40		189800	Kick	차기
SLPS:12	06CC43		81151200	Use	쓰기
SLPS:13	06CC47		889000	Drink	마시기
SLPS:14	06CC4A		1fb09800	Eat	먹기
SLPS:15	06CC4E		01e6010c00	Equip	장비
SLPS:16	06CC53		89a51c00	Remove	해제
SLPS:17	06CC57		959000	Read	읽기
SLPS:18	06CC5A		1b15189800	Use?	설치
SLPS:19	06CC5F		11999800	Put	넣기
SLPS:20	06CC63		8a9a1200	Get	줍기
SLPS:21	06CC67		0268025700	Swap	교환
SLPS:22	06CC6C		d1e100	Talons	발톱
SLPS:23	06CC6F		c7e600	Saddle	안장
SLPS:24	06CC72		014b011f00	Collars	목걸이
SLPS:25	06CC77		023600	Books	책
SLPS:26	06CC7A		012c014600	Magicit	마석
SLPS:27	06CC7F		01bb00	Pearls	구슬
SLPS:28	06CC82		171c9700	Drinks	약
SLPS:29	06CC86		01b783cfd700	Seeds 	씨·열매
SLPS:30	06CC8C		c53bfc00	Cards 	카드
SLPS:31	06CC90		1e8802b700	Misc. 	기타
SLPS:32	06CC95		e1e2e73bc53bfc9c0153bc8288cd3bff89ab168e1d9d028b01fbabe1e2e73bc53bfc9c1a1b8292cd3bff890f0fab16841188aba202e502ad17a81a110f0f0f0f0f0f0f0f023601f388028901949c0145bc1f972ce7cd27d39c1c98830f0f02ba026488020f02bb8901cb13821b8e118e1c00	Without a Memory Card\n\ndata will be \nlost if the game is reset or  powered of\nf.        Please use a card.       	카드 없이는 세이브할 수 없습니다\n도중에 카드를 꽂아도 세이브할 수\n없으니 주의해 주세요\n본체 전원을 끄거나 리셋하면\n모험 내용이 사라집니다
SLPS:33	06CD07		e1e2e73bc53bfc85018e16ffea27c79e10978e1d9d00	No free blocks	메모리 카드에 빈 블록이 없습니다
SLPS:34	06CD1D		101f961b1702ba02649c02b3919800	New Game	새로운 모험을 시작
SLPS:35	06CD2C		02ba02648881aa169c1c9800	Continue	모험을 계속한다
SLPS:36	06CD38		02ba02649c12811c00	Copy	모험 복사
SLPS:37	06CD41		02ba02649c181c00	Erase	모험 삭제
SLPS:38	06CD49		ccea27d331ab02ba02649c02b3919800	Slot 1	슬롯1로 모험 시작
SLPS:39	06CD59		ccea27d332ab02ba02649c02b3919800	Slot 2	슬롯2로 모험 시작
SLPS:40	06CD69		e1e2e73bc53bfc9c01539b841100	No card	메모리 카드 안 씀
SLPS:41	06CD77		ccea27d331159681aa169c1c9800	Slot 1	슬롯1에서 계속한다
SLPS:42	06CD85		ccea27d332159681aa169c1c9800	Slot 2	슬롯2에서 계속한다
SLPS:43	06CD93		ccea27d3318802ba02649c12811c00	Slot 1	슬롯1의 모험 복사
SLPS:44	06CDA2		ccea27d3328802ba02649c12811c00	Slot 2	슬롯2의 모험 복사
SLPS:45	06CDB1		ccea27d3318802ba02649c181c00	Slot 1	슬롯1의 모험 삭제
SLPS:46	06CDBF		ccea27d3328802ba02649c181c00	Slot 2	슬롯2의 모험 삭제
SLPS:47	06CDCD		e95ee855508eab00	Next Lv	레벨UP까지
SLPS:48	06CDD5		01a801d402af00	 	최심층
SLPS:49	06CDDC		01c501b3015f00		소지금
SLPS:50	06CDE3		efe800	GP	길
SLPS:51	06CDE6		01150116011d00	ATK	공격력
SLPS:52	06CDED		0235011c011d00	DEF	방어력
SLPS:53	06CDF4		41544200	ATB	ATB
SLPS:54	06CDF8		108300	to	남은
SLPS:55	06CDFB		02ed0235011c00	SDF	특방어
SLPS:56	06CE02		d827c7c0c2d300	K.O.  	녹아웃
SLPS:57	06CE09		c0c1d2e000	Item	아이템
SLPS:58	06CE0E		01e0020200	Setup	설정
SLPS:59	06CE13		101b928300	Foot	발밑
SLPS:60	06CE18		013801694c5600	ReadLv	독해LV
SLPS:61	06CE1F		01788802af8c14979800	Go down	다음 층으로
SLPS:62	06CE29		cd3bff1b8214979800	Save{100}Go	세이브하고 간다
SLPS:63	06CE32		939182141700	Exit	그만둔다
SLPS:64	06CE38		02f9189800	Give	맡긴다
SLPS:65	06CE3D		02729701c41c00	Take	꺼낸다
SLPS:66	06CE44		027f026700	Wiz	창고
SLPS:67	06CE49		dfd5de277d02b902b400	Map Fill	미니맵 표시
SLPS:68	06CE53		dfd5de277d01f6161a00	Map Size	미니맵 크기
SLPS:69	06CE5D		415442fd3b02b902b400	Fade ATB	ATB바 표시
SLPS:70	06CE67		415442fd3b02ae019e00	Foe ATB 	ATB바 진행
SLPS:71	06CE71		e127cd3bf4cc7c3bfc00	TextSpeed	메시지 속도
SLPS:72	06CE7B		c223edfcc2028f026100	Window	창 배경
SLPS:73	06CE85		028f02610219013b012a00	WindowFade	창 반투명
SLPS:74	06CE90		cac2edfc00	SFX.	사운드
SLPS:75	06CE95		0117111f83199a00	Step	걸은 곳
SLPS:76	06CE9D		0210bc1f83199a00	Room	들어간 곳
SLPS:77	06CEA5		1414161100	Big	크게
SLPS:78	06CEAA		80111a1100	Tiny	작게
SLPS:79	06CEAF		1c189800	Yes	투명
SLPS:80	06CEB3		1c18841100	No	불투명
SLPS:81	06CEB8		828e1300	 No	앞
SLPS:82	06CEBC		121b9a00	Yes	뒤
SLPS:83	06CEC0		89931100	Fst	빠름
SLPS:84	06CEC4		8b811200	Mid	보통
SLPS:85	06CEC8		141e1100	Slo	느림
SLPS:86	06CECC		0f0f3100	  1	  1
SLPS:87	06CED0		0f0f3200	  2	  2
SLPS:88	06CED4		0f0f3300	  3	  3
SLPS:89	06CED8		0f0f3400	  4	  4
SLPS:90	06CEDC		0f0f3500	  5	  5
SLPS:91	06CEE0		0f0f3600	  6	  6
SLPS:92	06CEE4		0f0f3700	  7	  7
SLPS:93	06CEE8		0f0f3800	  8	  8
SLPS:94	06CEEC		4f4e00	ON	ON
SLPS:95	06CEEF		4f464600	OFF	OFF
SLPS:96	06CEF3		ccd2e9c400	Ster	스테레오
SLPS:97	06CEF8		e2d8e6e800	Mono	모노
SLPS:98	06CEFD		ebc1fc00	Sur	와이드
SLPS:99	06CF01		02141200	Buy	산다
SLPS:100	06CF05		02159800	Sel	판다
SLPS:101	06CF09		02af02b800	Setup	계단
SLPS:102	06CF0E		cd3bff00	Sav	세이브
SLPS:103	06CF12		01fdb09800	Look	조사
SLPS:104	06CF17		c0c1d2e002b602b000	ItemFile	아이템 도감
SLPS:105	06CF20		e2edcccf3b02b602b000	BeastFile	몬스터 도감
SLPS:106	06CF2A		ccea27d300	Slot	슬롯
SLPS:107	06CF2F		01539b9982118e1d9d00	No Data	사용하지 않음
SLPS:108	06CF39		43449e017f1896991f00	CD error	CD 커버 열림
SLPS:109	06CF43		809e12fb23ccc79e119996991f00	Disk changed.	다른 디스크입니다
SLPS:110	06CF51		fb3bcfdb22c1e89ccd3bff1b82118e1c0fe1e2e73bc53bfc83c9edd3ea3be69c0f0f0292161a1b0f1b8411ab17a81a1100	Saving data...   Do not touch the memory card.  	데이터 파일 세이브 중입니다\n메모리 카드와 컨트롤러를\n뽑거나 꽂지 마세요
SLPS:111	06CF82		c3e63b3400	{C3}{E6};4	에러4
SLPS:112	06CF87		c3e63b3500	{C3}{E6};5	에러5
SLPS:113	06CF8C		c3e63b3600	{C3}{E6};6	에러6
SLPS:114	06CF91		c3e63b3700	{C3}{E6};7	에러7
SLPS:115	06CF96		fb3bcfdb22c1e8ea3bfc01fb0f0f0f0f0f0fe1e2e73bc53bfc83c9edd3ea3be69c0f0f0292161a1b0f1b8411ab17a81a1100	Loading data      Do not touch the memory card.	데이터 파일 로드 중\n메모리 카드와 컨트롤러를\n뽑거나 꽂지 마세요
SLPS:116	06CFC8		fb3bcfdb22c1e8cd3bff01fb0f0f0f0f0f0fe1e2e73bc53bfc83c9edd3ea3be69c0f0f0292161a1b0f1b8411ab17a81a1100	Saving data...    Do not touch the memory card.	데이터 파일 세이브 중\n메모리 카드와 컨트롤러를\n뽑거나 꽂지 마세요
SLPS:117	06CFFA		e1e2e73bc53bfcd02527c701fb0f0f0f0f0fe1e2e73bc53bfc83c9edd3ea3be69c0f0f0292161a1b0f1b8411ab17a81a1100	Reading data...   Do not touch the memory card.	메모리 카드 확인 중\n메모리 카드와 컨트롤러를\n뽑거나 꽂지 마세요
SLPS:118	06D02C		fb3bcfdb22c1e8c97c3b01fb0f0f0f0f0f0fe1e2e73bc53bfc83c9edd3ea3be69c0f0f0292161a1b0f1b8411ab17a81a1100	Copying data...   Do not touch the memory card.	데이터 파일 복사 중\n메모리 카드와 컨트롤러를\n뽑거나 꽂지 마세요
SLPS:119	06D05E		fb3bcfdb22c1e8034e035501fb0f0f0f0f0f0f0fe1e2e73bc53bfc83c9edd3ea3be69c0f0f0292161a1b0f1b8411ab17a81a1100	Erasing data...     Do not touch the memory card.	데이터 파일 삭제 중\n메모리 카드와 컨트롤러를\n뽑거나 꽂지 마세요
SLPS:120	06D092		fb3bcfdb22c1e80154027c01fb0f0f0f0f0f0f0fe1e2e73bc53bfc83c9edd3ea3be69c0f0f0292161a1b0f1b8411ab17a81a1100	Do not touch        the memory card. 	데이터 파일 작성 중\n메모리 카드와 컨트롤러를\n뽑거나 꽂지 마세요
SLPS:121	06D0C6		e1e2e73bc53bfc9e029ddb263bde27d3ab1cdb263bde27d39c019e118e1c153f00	Format thememory card?          	카드가 포맷되지 않았습니다\n포맷하겠습니까?
SLPS:122	06D0E7		e1e2e73bc53bfcdb263bde27d301fb0f0f0fe1e2e73bc53bfc83c9edd3ea3be69c0f0f0292161a1b0f1b8411ab17a81a1100	Formatting data...Do not touch the memory card.  	메모리 카드 포맷 중\n메모리 카드와 컨트롤러를\n뽑거나 꽂지 마세요
SLPS:123	06D119		021b8502b51b1102ba02649c02b102bc1b8e1c153f00	:New Game?	번에 새 모험을 기록할까요?
SLPS:124	06D12F		021b8802ba02649c01cb1b8e1c153f00	:Erase data?	번 모험을 지울까요?
SLPS:125	06D13F		021b8802ba02648801ed169c1b8e1c153f00	:Continue?	번의 모험을 계속할까요?
SLPS:126	06D151		021b8502ba02649c12811b8e1c153f00	:Copy Data?	번에 복사할까요?
SLPS:127	06D161		fb3bcfdb22c1e88903570276161a998e1c0ffb3bcfdb22c1e89ccd3bff1b8e1c153f00	{FB};{CF}{DB}"{C1}{E8}{89}{357}{276}{16}{1A}{99}{8E}{1C} {FB};{CF}{DB}"{C1}{E8}{9C}{CD};{FF}{1B}{8E}{1C}{15}?	데이터 파일을 덮어씁니다\n데이터 파일을 세이브할까요?
SLPS:128	06D184		e1e2e73bc53bfc85db22c1e89e10978e1d9d00	{E1}{E2}{E7};{C5};{FC}{85}{DB}"{C1}{E8}{9E}{10}{97}{8E}{1D}{9D}	메모리 카드에 파일이 없습니다
SLPS:129	06D197		e1e2e73bc53bfc9e1a1abc828e1d9d00	{E1}{E2}{E7};{C5};{FC}{9E}{1A}{1A}{BC}{82}{8E}{1D}{9D}	카드가 꽂혀 있지 않습니다
SLPS:130	06D1A7		e1e2e73bc53bfc9edb263bde27d31a99828e1d9d00	Card not formatted. 	카드가 포맷되지 않았습니다
SLPS:131	06D1BC		03570276161b8e1c153f00	{357}{276}{16}{1B}{8E}{1C}{15}?	덮어쓸까요?
SLPS:132	06D1C7		fb3bcfdb22c1e89e10978e1d9d00	No data file.	데이터 파일이 없습니다
SLPS:133	06D1D5		fb3bcfdb22c1e89e0154027cab168e1d9dab1b1f00	Data not saved.	데이터 파일을 만들지 못했습니다
SLPS:134	06D1EA		fb3bcfdb22c1e89eea3bfcab168e1d9dab1b1f00	Data not loaded	데이터 파일을 로드하지 못했습니다
SLPS:135	06D1FE		fb3bcfdb22c1e89e034e0355ab168e1d9dab1b1f00	{FB};{CF}{DB}"{C1}{E8}{9E}{34E}{355}{AB}{16}{8E}{1D}{9D}{AB}{1B}{1F}	데이터 파일을 삭제하지 못했습니다
SLPS:136	06D1FE	SLPS:135	fb3bcfdb22c1e89e034e0355ab168e1d9dab1b1f00	{FB};{CF}{DB}"{C1}{E8}{9E}{34E}{355}{AB}{16}{8E}{1D}{9D}{AB}{1B}{1F}	데이터 파일을 삭제하지 못했습니다
SLPS:137	06D213		fb3bcfdb22c1e89ec97c3bab168e1d9dab1b1f00	Data was not copied	데이터 파일을 복사하지 못했습니다
CARD:0	06D2F0		c0d48810111fc53bfc00	With hole	구멍 난 카드
CARD:1	06D2FA		14998e9ebc1fc53bfc00	Bent	구부러진 카드
CARD:2	06D304		c5fe8889131fc53bfc00	Moldy	곰팡이 핀 카드
CARD:3	06D30E		014599821198c53bfc00	Expired	잘린 카드
CARD:4	06D318		1b9b1780bd88c53bfc00	Crumpled	구겨진 카드
CARD:5	06D322		1c9716991fc53bfc00	Frayed	닳은 카드
CARD:6	06D32B		1e971513bc1fc53bfc00	Bent-Back	휘어진 카드
CARD:7	06D335		809f991fc53bfc00	Ripped	찢어진 카드
CARD:8	06D33D		fcea8881111fc53bfc00	Muddy	진흙 묻은 카드
CARD:9	06D347		85a49da8c53bfc00	Smudged	번진 카드
CARD:10	06D34F		86991fc53bfc00	Wet	젖은 카드
CARD:11	06D356		8b981e1284c53bfc00	Bendy	낡은 카드
CARD:12	06D35F		93af991fc53bfc00	Torn	해진 카드
CARD:13	06D367		101f961b11014b011f00	Looks Old	새 목걸이
CARD:14	06D371		c1c5cc014b011f00	Fine	멋진 목걸이
CARD:15	06D379		11188298014b011f00	Cool	괜찮은 목걸이
CARD:16	06D382		14141611014b011f00	Big	큰 목걸이
CARD:17	06D38B		141bbd9984014b011f00	Fashion	세련된 목걸이
CARD:18	06D395		15bc191111014b011f00	Neat	폼 나는 목걸이
CARD:19	06D39F		15bc199b9811014b011f00	Gaudy	촌스러운 목걸이
CARD:20	06D3AA		159b1111014b011f00	Cute	귀여운 목걸이
CARD:21	06D3B3		161f8411014b011f00	Dirty	더러운 목걸이
CARD:22	06D3BC		c9c8901b1f014b011f00	Mossy	이끼 낀 목걸이
CARD:23	06D3C6		a281a2811b1f014b011f00	Rugged	울퉁불퉁 목걸이
CARD:24	06D3D1		19bc1f014b011f00	Stiff	공들인 목걸이
CARD:25	06D3D9		1aae8298014b011f00	Rusted	녹슨 목걸이
CARD:26	06D3E2		cbffc1014b011f00	Dandy	수수한 목걸이
CARD:27	06D3EA		f4df84014b011f00	Plain	밋밋한 목걸이
CARD:28	06D3F2		cbed7de884014b011f00	Plain	심플한 목걸이
CARD:29	06D3FC		cdc7cb3b84014b011f00	Sexy	섹시한 목걸이
CARD:30	06D406		f8cac1014b011f00	Uncool	후진 목걸이
CARD:31	06D40E		80111a11014b011f00	Small	작은 목걸이
CARD:32	06D417		819381931b1f014b011f00	Glossy	반들반들 목걸이
CARD:33	06D422		819881981b1f014b011f00	Slippery	매끈한 목걸이
CARD:34	06D42D		83a18881111f014b011f00	Thorned	가시 달린 목걸이
CARD:35	06D438		fceaa8961888014b011f00	Muddy	진흙투성이 목걸이
CARD:36	06D443		d4c1cc84014b011f00	Nice	나이스 목걸이
CARD:37	06D44C		d9fb84014b011f00	Flashy	화려한 목걸이
CARD:38	06D454		ffc5ffc584014b011f00	Too Big	헐렁한 목걸이
CARD:39	06D45E		8b9811014b011f00	Old	낡은 목걸이
CARD:40	06D466		dced84014b011f00	Strange	이상한 목걸이
CARD:41	06D46E		95a2991f014b011f00	Dirty	때 묻은 목걸이
CARD:42	06D477		14151b84014b011f00	New	우스운 목걸이
CARD:43	06D480		949e9da8014b011f00	Distort	일그러진 목걸이
CARD:44	06D489		cac1c884014b011f00	Wild	요란한 목걸이
CARD:45	06D492		108e15961e128401b700	Bitterswt	달콤매콤 열매
CARD:46	06D49C		108e1e128401b700	Sweet	달콤한 열매
CARD:47	06D4A4		121c10a41e128401b700	Bland	싱거운 열매
CARD:48	06D4AE		14111b1e128401b700	Yummy	맛나 보이는 열매
CARD:49	06D4B7		151f1101b700	Shell	딱딱한 열매
CARD:50	06D4BD		151f1e128401b700	Hard	단단한 열매
CARD:51	06D4C5		c5fe171a1101b700	Moldy	곰팡내 열매
CARD:52	06D4CD		15961e128401b700	Spicy	매운 열매
CARD:53	06D4D5		171a1101b700	Moist	냄새나는 열매
CARD:54	06D4DB		8ea51e128401b700	Stinky	맛없는 열매
CARD:55	06D4E3		8fa5bcb61e128401b700	Bitter	물컹한 열매
CARD:56	06D4ED		1912ad1b1e128401b700	Salty	고소한 열매
CARD:57	06D4F7		1984bcb61101b700	Sour	가루 같은 열매
CARD:58	06D4FF		f3e6f3e61b1f01b700	Course	까칠한 열매
CARD:59	06D508		1b1415961e128401b700	Salty	짭짤한 열매
CARD:60	06D512		1bbc8397831b1f01b700	Moist	촉촉한 열매
CARD:61	06D51C		1baf1e128401b700	Tart	떫은 열매
CARD:62	06D524		1bbfbcb21e128401b700	SaltyLook	짠 열매
CARD:63	06D52E		1cbcb21e128401b700	SourLook	신 열매
CARD:64	06D537		a89d97bf1788109801b700	Bendy	탱탱한 열매
CARD:65	06D542		818ebc821e128401b700	Stuck	꽉 찬 열매
CARD:66	06D54C		fcea171a1101b700	Muddy	흙내 나는 열매
CARD:67	06D554		848ea01a1101b700	Fishy	비린 열매
CARD:68	06D55C		8514118816811101b700	Smelly	냄새 독한 열매
CARD:69	06D566		859e1e128401b700	Flavor	쓴 열매
CARD:70	06D56E		ffe5ffe51b1f01b700	Wobbly	흐물흐물 열매
CARD:71	06D577		7de57de51b1f01b700	Jelly	말랑말랑 열매
CARD:72	06D580		dbe927cb5c8401b700	Fresh	싱싱한 열매
CARD:73	06D589		c0eba8bc1f012700	Bubbly	거품 이는 약
CARD:74	06D591		efd3efd388012700	Oily	기름진 약
CARD:75	06D599		c6e6c6e61b1f012700	Sparkly	반짝이는 약
CARD:76	06D5A2		efe6efe61b1f012700	Glitter	번쩍이는 약
CARD:77	06D5AB		f0d55bf0d55b88012700	Squishy	물렁한 약
CARD:78	06D5B5		f1eaf1ea84012700	Gross	역겨운 약
CARD:79	06D5BD		cae6cae61b1f012700	Flowing	맑은 약
CARD:80	06D5C6		f3e6f3e61b1f012700	Rough	까칠한 약
CARD:81	06D5CF		f5e8f5e888012700	Smooth	주르륵 약
CARD:82	06D5D7		f6e73b01cf88012700	Jelly	젤리 같은 약
CARD:83	06D5E0		d13bed831798012700	Pungent	톡 쏘는 약
CARD:84	06D5E9		d1ffd1ff021097012700	Lumpy	알갱이 든 약
CARD:85	06D5F3		fbeafbea84012700	Ferment	걸쭉한 약
CARD:86	06D5FB		fcc6fcc684012700	Hearty	두근두근 약
CARD:87	06D603		d3ead3ea88012700	Melty	진득한 약
CARD:88	06D60B		fceafcea88012700	Muddy	질척한 약
CARD:89	06D613		d6e1d6e188012700	Goopy	미끈한 약
CARD:90	06D61B		d6e8d6e81b1f012700	Slimy	미끌미끌 약
CARD:91	06D624		d7cfd7cf1b1f012700	Spoiled	찐득한 약
CARD:92	06D62D		d7d05bd7d05b88012700	Sticky	쩍쩍 붙는 약
CARD:93	06D637		d7fdd7fd1b1f012700	Clingy	끈끈한 약
CARD:94	06D640		7bca7bca88012700	Fresh	퍼석한 약
CARD:95	06D648		5ed35ed31b1f012700	Goopy	끈적끈적 약
CARD:96	06D651		7cc57cc51b1f012700	Shining	빛나는 약
CARD:97	06D65A		7dc77dc71b1f012700	Bubbling	보글보글 약
CARD:98	06D663		7de87de81b1f012700	Jiggly	탱글탱글 약
CARD:99	06D66C		5ecf5ecf1b1f012700	Adhesive	들러붙는 약
ITEM:0	06D878		014f022d88c53bfc00	Identify	식별 카드
ITEM:1	06D881		018101d288c53bfc00	ID All	확신 카드
ITEM:2	06D88A		c9eddb5cc53bfc00	Confu	컨퓨 카드
ITEM:3	06D892		cce77de8c53bfc00	Sleepel	슬리플 카드
ITEM:4	06D89A		d33bfcc53bfc00	Toad	토드 카드
ITEM:5	06D8A1		dfd5dee0c53bfc00	Mini	미니멈 카드
ITEM:6	06D8A9		ffe7edc7c53bfc00	Blink	블링크 카드
ITEM:7	06D8B1		029f025588c53bfc00	Doom	명계 카드
ITEM:8	06D8BA		c4c1e8c53bfc00	Oil	오일 카드
ITEM:9	06D8C1		9b16014888c53bfc00	Geyser	샘물 카드
ITEM:10	06D8CA		de277dc53bfc00	Map	맵 카드
ITEM:11	06D8D1		d2e97fc53bfc00	Teleport	텔레포 카드
ITEM:12	06D8D8		eee6cc88014b011f00	Glass	유리 목걸이
ITEM:13	06D8D8	ITEM:12	eee6cc88014b011f00	Glass	유리 목걸이
ITEM:14	06D8E1		e8fe3b88014b011f00	Ruby	루비 목걸이
ITEM:15	06D8EA		f8c1e388014b011f00	Diamond	다이아 목걸이
ITEM:16	06D8F3		1cad931a88014b011f00	Quick	민첩의 목걸이
ITEM:17	06D8FD		cc7c3bfc88014b011f00	Speed	스피드 목걸이
ITEM:18	06D907		889dae9788014b011f00	Relax	느긋한 목걸이
ITEM:19	06D911		01388f839788014b011f00	Reading	판독 목걸이
ITEM:20	06D91C		01e401388f88014b011f00	Scholar	속독 목걸이
ITEM:21	06D927		94bc1797013890014b011f00	SlowRead	느린읽기 목걸이
ITEM:22	06D933		cccfdfd488014b011f00	Stamina	스태미나 목걸이
ITEM:23	06D93D		0262026d88014b011f00	Rough	건강 목걸이
ITEM:24	06D947		0263199788014b011f00	Health	어깨결림 목걸이
ITEM:25	06D951		017d013288014b011f00	Regen	회복 목걸이
ITEM:26	06D95B		e7c5fde73b88014b011f00	Recover	리커버리 목걸이
ITEM:27	06D966		0221019c88014b011f00	Bad Luck	불행 목걸이
ITEM:28	06D970		1596af9788014b011f00	Whiff	헛방 목걸이
ITEM:29	06D97A		ddcfe8017c88014b011f00	Firefly	반딧불 목걸이
ITEM:30	06D985		019110159788014b011f00	Moonlit	달빛 목걸이
ITEM:31	06D990		d33bfc88014b011f00	Toad	토드 목걸이
ITEM:32	06D999		80bc80bd84014b011f00	Mini	조그만 목걸이
ITEM:33	06D9A3		022101af025c84014b011f00	Mystery	신기한 목걸이
ITEM:34	06D9AF		ee3bfc88014b011f00	Guard	가드 목걸이
ITEM:35	06D9B8		0234998411014b011f00	Memory	기억의 목걸이
ITEM:36	06D9C2		d427d100	Nut	너트
ITEM:37	06D9C2	ITEM:36	d427d100	Nut	너트
ITEM:38	06D9C2	ITEM:36	d427d100	Nut	너트
ITEM:39	06D9C2	ITEM:36	d427d100	Nut	너트
ITEM:40	06D9C2	ITEM:36	d427d100	Nut	너트
ITEM:41	06D9C2	ITEM:36	d427d100	Nut	너트
ITEM:42	06D9C2	ITEM:36	d427d100	Nut	너트
ITEM:43	06D9C2	ITEM:36	d427d100	Nut	너트
ITEM:44	06D9C2	ITEM:36	d427d100	Nut	너트
ITEM:45	06D9C2	ITEM:36	d427d100	Nut	너트
ITEM:46	06D9C6		e6caed8801b700	Lasan	라산 열매
ITEM:47	06D9CD		8115999801b700	Tired	지치는 열매
ITEM:48	06D9D4		14111b1101b700	Tasty	맛있는 열매
ITEM:49	06D9DB		a2801e128801b700	Feast	진수성찬 열매
ITEM:50	06D9E3		171abc1f01b700	Rotted	썩은 열매
ITEM:51	06D9EA		1188808801b700	Life	생명의 열매
ITEM:52	06D9F1		0271028d8801b700	Bad	실패의 열매
ITEM:53	06D9F9		e95ee8c0277d8801b700	Level Up	레벨업 열매
ITEM:54	06DA03		e95ee8f8c2ed8801b700	LevlDown	레벨다운 열매
ITEM:55	06DA0D		014002608801b700	Wise	지혜의 열매
ITEM:56	06DA15		1cad931a8801b700	Speed	민첩의 열매
ITEM:57	06DA1D		017c88cfd700	Fire	불의 씨앗
ITEM:58	06DA23		021f88cfd700	Ice	얼음 씨앗
ITEM:59	06DA29		024288cfd700	Thunder	번개 씨앗
ITEM:60	06DA2F		022788cfd700	Wind	바람 씨앗
ITEM:61	06DA35		01cb018c88cfd700	Remove	소거 씨앗
ITEM:62	06DA3D		026e01f388cfd700	Unite	합체 씨앗
ITEM:63	06DA45		02a5026e88cfd700	Fusion	융합 씨앗
ITEM:64	06DA4D		e95ee888cfd700	Level	레벨 씨앗
ITEM:65	06DA54		0265025b8801b700	Energy	기운 열매
ITEM:66	06DA5C		0265025b8802391101b700	Weary	기운 없는 열매
ITEM:67	06DA67		7f3bcb5ded00	Potion	포션
ITEM:68	06DA67	ITEM:67	7f3bcb5ded00	Potion	포션
ITEM:69	06DA67	ITEM:67	7f3bcb5ded00	Potion	포션
ITEM:70	06DA67	ITEM:67	7f3bcb5ded00	Potion	포션
ITEM:71	06DA67	ITEM:67	7f3bcb5ded00	Potion	포션
ITEM:72	06DA67	ITEM:67	7f3bcb5ded00	Potion	포션
ITEM:73	06DA67	ITEM:67	7f3bcb5ded00	Potion	포션
ITEM:74	06DA6D		d9c17f3bcb5ded00	Hi-Potion	하이포션
ITEM:75	06DA75		c3e7c7ca3b00	Elixir	엘릭서
ITEM:76	06DA7B		01690139015500	Antidote	해독제
ITEM:77	06DA82		02370211012700	Remedy	만능약
ITEM:78	06DA89		01350218012700	Nitro	폭발약
ITEM:79	06DA90		013b012a012700	Invis	투명약
ITEM:80	06DA97		f8e13bf4012700	Damage	대미지약
ITEM:81	06DA9E		0139012700	Toxin	독약
ITEM:82	06DAA3		01460335015500	Break	석화제
ITEM:83	06DAAA		cceac288012700	Slow	슬로 약
ITEM:84	06DAB1		dcc1ccd388012700	Haste	헤이스트 약
ITEM:85	06DAB9		5fe001b09188012700	Defuse	봄 방지약
ITEM:86	06DAC2		0251014800	Salty	소금물
ITEM:87	06DAC7		cac1e9cc88012700	Mute	사일런스 약
ITEM:88	06DACF		0128851111012700	Eyedrops	눈에 좋은 약
ITEM:89	06DAD7		fbcc7ee888012700	Dispel	디스펠 약
ITEM:90	06DADF		0234999db11288012700	Amnesia	건망증 약
ITEM:91	06DAE9		0281151d88012700	Shackle	족쇄 약
ITEM:92	06DAF1		01ba02771888012700	Help	도움 약
ITEM:93	06DAFA		018e885fd3e800	Bottle	빈 병
ITEM:94	06DAFA	ITEM:93	018e885fd3e800	Bottle	빈 병
ITEM:95	06DAFA	ITEM:93	018e885fd3e800	Bottle	빈 병
ITEM:96	06DAFA	ITEM:93	018e885fd3e800	Bottle	빈 병
ITEM:97	06DAFA	ITEM:93	018e885fd3e800	Bottle	빈 병
ITEM:98	06DAFA	ITEM:93	018e885fd3e800	Bottle	빈 병
ITEM:99	06DAFA	ITEM:93	018e885fd3e800	Bottle	빈 병
ITEM:100	06DAFA	ITEM:93	018e885fd3e800	Bottle	빈 병
ITEM:101	06DB01		013388d1e100	Leather	가죽 발톱
ITEM:102	06DB07		012988d1e100	Wood	나무 발톱
ITEM:103	06DB0D		013e88d1e100	Iron	쇠 발톱
ITEM:104	06DB13		d9eed788d1e100	Steel	강철 발톱
ITEM:105	06DB1A		dfcce7e8c7ea3b00	Mithril	미스릴 발톱
ITEM:106	06DB22		0175014e88d1e100	King	제왕의 발톱
ITEM:107	06DB2A		c7e7cccfe888d1e100	Crystal	크리스탈 발톱
ITEM:108	06DB33		d0cfed88d1e100	Titan	티탄 발톱
ITEM:109	06DB3A		dbe9c1e0c7ea3b00	Fire	화염 발톱
ITEM:110	06DB42		c0c1ccc7ea3b00	Ice	얼음 발톱
ITEM:111	06DB49		caedf83bc7ea3b00	Thunder	번개 발톱
ITEM:112	06DB51		c223edfcc7ea3b00	Wind	바람 발톱
ITEM:113	06DB59		d4d05ce6e8c7ea3b00	Natural	자연 발톱
ITEM:114	06DB62		fce6f2edc6e63b00	Wyrmkill	드래곤 킬러
ITEM:115	06DB6A		f45bc1c0edd3c6e63b00	Giantkill	자이언트 킬러
ITEM:116	06DB74		c0edfb27fcc6e63b00	Zombikill	언데드 킬러
ITEM:117	06DB7D		dbea3bcf3bc6e63b00	Floatkill	플로터 킬러
ITEM:118	06DB86		7de6edd3c6e63b00	Plantkill	플랜트 킬러
ITEM:119	06DB8E		7fc1f5edc6e63b00	Toxikill	포이즌 킬러
ITEM:120	06DB96		d33bfc88d1e100	Toad	토드 발톱
ITEM:121	06DB9D		c43bf83bc7ea3b00	Order	오더 클로
ITEM:122	06DBA5		c03bc7c7ea3b00	Arc	아크 클로
ITEM:123	06DBAC		ca3bc7e8c7ea3b00	Circle	서클 클로
ITEM:124	06DBB4		c7eaccc7ea3b00	Cross	크로스 클로
ITEM:125	06DBBB		dee8d07de8c7ea3b00	Multiple	멀티플 클로
ITEM:126	06DBC4		02b211d1e100	Light	가벼운 발톱
ITEM:127	06DBCA		0221020a88d1e100	Stop	부동의 발톱
ITEM:128	06DBD2		0194015088d1e100	Genji	겐지의 발톱
ITEM:129	06DBDA		01d9014d88d1e100	Weak	쇠약의 발톱
ITEM:130	06DBE2		01f601d39788d1e100	Round	강타 발톱
ITEM:131	06DBEB		7beb3bc7ea3b00	Power	파워 클로
ITEM:132	06DBF2		8496ae88d1e100	Row	줄맞춤 발톱
ITEM:133	06DBF9		9e8e9d88d1e100	Wait	인내의 발톱
ITEM:134	06DC00		c7e7d223c5e8c7ea3b00	Critical	크리티컬 클로
ITEM:135	06DC0A		9517ad9788d1e100	Greedy	욕심쟁이 발톱
ITEM:136	06DC12		f8ffe8d827c7c7ea3b00	2x Knock	더블 녹 클로
ITEM:137	06DC1C		e95ee834fbcc88d1e100	Lvl4Death	레벨4 데스 발톱
ITEM:138	06DC26		e95ee833fbcc88d1e100	Lvl3Death	레벨3 데스 발톱
ITEM:139	06DC30		c65bedcde8c7ea3b00	Cancel	캔슬 클로
ITEM:140	06DC39		da27d3fd27c7c7ea3b00	Hit Back	히트백 클로
ITEM:141	06DC43		929a8988d1e100	2-Edge	양날 발톱
ITEM:142	06DC4A		11931b88d1e100	Healer	치유의 발톱
ITEM:143	06DC51		e7dbe927cb5cc7ea3b00	Refresh	리프레시 클로
ITEM:144	06DC5B		c0fb23cb5dedc7ea3b00	Addition	애디션 클로
ITEM:145	06DC65		ccd427d0c7ea3b00	Snatch	스내치 클로
ITEM:146	06DC6D		012b9788d1e100	Sleep	잠의 발톱
ITEM:147	06DC74		01a4024488d1e100	Confuse	혼란의 발톱
ITEM:148	06DC7C		013988d1e100	 Pois	독의 발톱
ITEM:149	06DC82		021d024788d1e100	K.O.	피로의 발톱
ITEM:150	06DC8A		0146033588d1e100	Break	석화의 발톱
ITEM:151	06DC92		f425d8cac1f83b00	Genocid	제노사이더
ITEM:152	06DC9A		efe888d1e100	Gil	길의 발톱
ITEM:153	06DCA0		e627c63bc7ea3b00	Lucky	럭키 클로
ITEM:154	06DCA8		cb5bfc3bc7ea3b00	Shadow	섀도 클로
ITEM:155	06DCB0		013388c7e600	Hide	가죽 안장
ITEM:156	06DCB0	ITEM:155	013388c7e600	Hide	가죽 안장
ITEM:157	06DCB0	ITEM:155	013388c7e600	Hide	가죽 안장
ITEM:158	06DCB6		012988c7e600	Wood	나무 안장
ITEM:159	06DCBC		013e88c7e600	Iron	쇠 안장
ITEM:160	06DCC2		d9eed788c7e600	Steel	강철 안장
ITEM:161	06DCC9		dfcce7e8e1c1e800	Mithril	미스릴 메일
ITEM:162	06DCD1		0175014e88c7e600	King	제왕의 안장
ITEM:163	06DCD9		c7e7cccfe8e1c1e800	Crystal	크리스탈 메일
ITEM:164	06DCE2		d0cfed88c7e600	Titan	티탄 안장
ITEM:165	06DCE9		016c88c7e600	Flame	화염 안장
ITEM:166	06DCEF		021f88c7e600	Ice	얼음 안장
ITEM:167	06DCF5		024288c7e600	Shock	번개 안장
ITEM:168	06DCFB		022788c7e600	Wind	바람 안장
ITEM:169	06DD01		d4d05ce6e8e1c1e800	Natural	자연 메일
ITEM:170	06DD0A		01cb027488c7e600	NoScent	탈취 안장
ITEM:171	06DD12		c4d5c4ed88c7e600	Onion	어니언 안장
ITEM:172	06DD1A		1b9d169a1288c7e600	Mirage	신기루 안장
ITEM:173	06DD23		0194015088c7e600	Genji	겐지의 안장
ITEM:174	06DD2B		159188c9c2e600	TurtlShl	거북 등껍질
ITEM:175	06DD32		fce6f2ede1c1e800	Dragon	드래곤 메일
ITEM:176	06DD3A		01d9014d88c7e600	Weak	쇠약의 안장
ITEM:177	06DD42		5fe088c7e600	Bomb	봄의 안장
ITEM:178	06DD48		e6dbe1c1e800	Rough	러프 메일
ITEM:179	06DD4E		9517ad9788c7e600	Greedy	욕심쟁이 안장
ITEM:180	06DD56		022902109788c7e600	Expense	돈 드는 안장
ITEM:181	06DD5F		010da8911b88c7e600	Try Luck	운 시험 안장
ITEM:182	06DD68		01a40244951888c7e600	Confusion	혼란 방지 안장
ITEM:183	06DD72		0139951888c7e600	NoToxin	독 방지 안장
ITEM:184	06DD7A		012b97951888c7e600	Sleep	잠 방지 안장
ITEM:185	06DD83		021d0247951888c7e600	Fatigue	피로 방지 안장
ITEM:186	06DD8D		01ff023c951888c7e600	No-Mute	침묵 방지 안장
ITEM:187	06DD97		cceac2951888c7e600	No-Slow	슬로 방지 안장
ITEM:188	06DDA0		e6c1d3e1c1e800	Light	라이트 메일
ITEM:189	06DDA7		1b88ae88c7e600	Shnobi	닌자 안장
ITEM:190	06DDAE		c0df5ce927d3e1c1e800	Amulet	아뮬렛 메일
ITEM:191	06DDB8		c5c2edcf3be1c1e800	Counter	카운터 메일
ITEM:192	06DDC1		02a088c7e600	Life	생명의 안장
ITEM:193	06DDC7		e4d5c93bed88012c014600	Unicorn	유니콘 마석
ITEM:194	06DDC7	ITEM:193	e4d5c93bed88012c014600	Unicorn	유니콘 마석
ITEM:195	06DDC7	ITEM:193	e4d5c93bed88012c014600	Unicorn	유니콘 마석
ITEM:196	06DDC7	ITEM:193	e4d5c93bed88012c014600	Unicorn	유니콘 마석
ITEM:197	06DDC7	ITEM:193	e4d5c93bed88012c014600	Unicorn	유니콘 마석
ITEM:198	06DDC7	ITEM:193	e4d5c93bed88012c014600	Unicorn	유니콘 마석
ITEM:199	06DDC7	ITEM:193	e4d5c93bed88012c014600	Unicorn	유니콘 마석
ITEM:200	06DDC7	ITEM:193	e4d5c93bed88012c014600	Unicorn	유니콘 마석
ITEM:201	06DDC7	ITEM:193	e4d5c93bed88012c014600	Unicorn	유니콘 마석
ITEM:202	06DDC7	ITEM:193	e4d5c93bed88012c014600	Unicorn	유니콘 마석
ITEM:203	06DDC7	ITEM:193	e4d5c93bed88012c014600	Unicorn	유니콘 마석
ITEM:204	06DDC7	ITEM:193	e4d5c93bed88012c014600	Unicorn	유니콘 마석
ITEM:205	06DDC7	ITEM:193	e4d5c93bed88012c014600	Unicorn	유니콘 마석
ITEM:206	06DDD2		c1dbe73bd388012c014600	Ifrit	이프리트 마석
ITEM:207	06DDDD		cb202288012c014600	Shiva	시바 마석
ITEM:208	06DDE6		e6e0c288012c014600	Ramuh	라무 마석
ITEM:209	06DDEF		db25d527c7cc88012c014600	Phoenix	피닉스 마석
ITEM:210	06DDFB		c53bfdedc7e888012c014600	Carbuncle	카번클 마석
ITEM:211	06DE07		cfc1cfed88012c014600	Titan	타이탄 마석
ITEM:212	06DE11		c43bfb233bed88012c014600	Odin	오딘 마석
ITEM:213	06DE1D		e72022c1c0caed88012c014600	Leviathan	리바이어선 마석
ITEM:214	06DE2A		fdd9e03bd388012c014600	Bahamut	바하무트 마석
ITEM:215	06DE35		d25c7f3bed88012c014600	Typhon	티폰 마석
ITEM:216	06DE40		db22e6c788012c014600	Falak	파라크 마석
ITEM:217	06DE4A		014600	Stone	돌
ITEM:218	06DE4D		151f11014600	Hard	단단한 돌
ITEM:219	06DE53		eb3b7dccd33bed00	WarpStn	워프 스톤
ITEM:220	06DE5B	SLPS:50	efe800	GP	길
ITEM:221	06DE5E		fcc7ea00	Skull	해골
ITEM:222	06DE62		d9e0ddc127cce800	Whistle	햄 호루라기
ITEM:223	06DE6A		d2e97f5f27c7cc00	TeleBox	텔레포 박스
ITEM:224	06DE72		83ae9688c5ef00	Key	문 열쇠
ITEM:225	06DE79		cb3bdb88c5ef00	ThfKey	시프 열쇠
ITEM:226	06DE80		029101d01300	Plant	화분
ITEM:227	06DE86		d1e301c41bc7e73be000	PolishCrm	광택 크림
ITEM:228	06DE90		d1e301cb1bc7e73be000	RustCream	무광 크림
ITEM:229	06DE9A		022101af025c841b149700	Bookmark	신기한 책갈피
ITEM:230	06DEA5		db22c1c088023600	Fire	파이어 책
ITEM:231	06DEA5	ITEM:230	db22c1c088023600	Fire	파이어 책
ITEM:232	06DEA5	ITEM:230	db22c1c088023600	Fire	파이어 책
ITEM:233	06DEA5	ITEM:230	db22c1c088023600	Fire	파이어 책
ITEM:234	06DEAD		ffe7f3fc88023600	Blizrd	블리자드 책
ITEM:235	06DEB5		caedf83b88023600	Thundr	선더 책
ITEM:236	06DEBD		c3c0ea88023600	Aero	에어로 책
ITEM:237	06DEC4		fb23e088023600	Dim	딤 책
ITEM:238	06DECB		cb5bc1ed88023600	Shine	샤인 책
ITEM:239	06DED3		fce9c1ed88023600	Drain	드레인 책
ITEM:240	06DEDB		c0e8d2de8801bb00	Ultima	알테마 구슬
ITEM:241	06DEE3		dd3be73b8801bb00	Holy	홀리 구슬
ITEM:242	06DEEB		7dd0e1d2c48801bb00	Comet	프티 메테오 구슬
ITEM:243	06DEF4		e1d2c48801bb00	Meteor	메테오 구슬
ITEM:244	06DEFB		dbe9c08801bb00	Flare	플레어 구슬
ITEM:245	06DF02		efeedbe9c08801bb00	GigaFlar	기가 플레어 구슬
ITEM:246	06DF0B		f0e6feee8801bb00	Graviga	그라비가 구슬
ITEM:247	06DF13		c7c3c1c78801bb00	Quake	퀘이크 구슬
ITEM:248	06DF1B		c225c1ff8801bb00	Wave	웨이브 구슬
ITEM:249	06DF23		fbcc8801bb00	Death	데스 구슬
ITEM:250	06DF29		fbf45ded8801bb00	Warp	데존 구슬
ITEM:251	06DF31		fbf45dedf58801bb00	MultWarp	데존즈 구슬
ITEM:252	06DF3A		fdc1c48801bb00	Bio	바이오 구슬
ITEM:253	06DF41		fdc1c4fd3bccd38801bb00	BioBurst	바이오버스트 구슬
ITEM:254	06DF4C		db23e6d7cc8801bb00	Filaness	필라네스 구슬
ITEM:255	06DF55		e63bdb26cc8801bb00	Lafoss	라포스 구슬
MON:0	06E070		f2ffe7ed00	Goblin	고블린
MON:1	06E075		5fe000	Bomb	봄
MON:2	06E078		c1c3ea3bf6e73b00	YlFlan	옐로 젤리
MON:3	06E080		dae8efee3bcc00	HlGigas	힐기가스
MON:4	06E087		c6edf05eda3be2cc00	KnBehmth	킹 베히모스
MON:5	06E090		d3ed5ee700	Tonbry	톤베리
MON:6	06E095		c225c0e627d300	WereRat	웨어래트
MON:7	06E09C		ffe627fb235f3bed00	BlBone	블러디 본
MON:8	06E0A5		e2e85fe800	Malbor	몰볼
MON:9	06E0AA		d427d1c13bcf3b00	NutEat	너트이터
MON:10	06E0B2		e6dfc000	Lamia	라미아
MON:11	06E0B6		eee8c6decde600	Jackanap	가르키마세라
MON:12	06E0BD		01a2012c02bd01ad00	Mage	흑마도사
MON:13	06E0C6		cad9efed00	Sahagn	사하긴
MON:14	06E0CB		01c7018501ad00	Caller	소환사
MON:15	06E0D2		e6edfccf3bd3e800	Turtle	랜드터틀
MON:16	06E0DA		e9ffd4edd300	Revenant	레버넌트
MON:17	06E0E0		fbf33bd3cad9efed00	D.Sahagn	데저트 사하긴
MON:18	06E0E9		c03be7deed00	Ahriman	아리만
MON:19	06E0EF		cb3bdb00	Thief	시프
MON:20	06E0F3		def427c77f27d300	M.Pot	매직 포트
MON:21	06E0FB		dd3be73bfce6f2ed00	HolyDrgn	홀리 드래곤
MON:22	06E104		ffe6edfce6dfc000	Q.Lamia	브랜드 라미아
MON:23	06E10C		dfccd3fce6f2ed00	M.Dragon	미스트 드래곤
MON:24	06E114		f83bc7fdd9e03bd300	D.Bahamt	다크 바하무트
MON:25	06E11D		ca5fd2edf83b00	Cactuar	사보텐더
MON:26	06E124		cce6f000	Slug	슬러그
MON:27	06E128		ccd2233be8fd27d300	Bat	스틸 배트
MON:28	06E131		ffe627c7f2ffe7ed00	BlGoblin	블랙 고블린
MON:29	06E13A		f83bc7cfc1cfed00	D.Titan	다크 타이탄
MON:30	06E142		ccd33bedf23be9e000	Golem	스톤 골렘
MON:31	06E14B		dc27f4dd27f000	HedgHog	헤지호그
MON:32	06E152		0129014900	Treant	목인
MON:33	06E157		e1cfe8da27d3deed00	Hitman	메탈 히트맨
MON:34	06E160		eed3e7edf0cc00	Gatling	개틀링스
MON:35	06E167		dbea3bcfc15f3be800	FloatEye	플로트아이볼
MON:36	06E170		5eda3be2cc00	Behmth	베히모스
MON:37	06E176		dbeaccd3f23be9e000	F.Golem	프로스트 골렘
MON:38	06E17F		c43bee00	Ogre	오거
MON:39	06E183		fd3bcac43bee00	MadOgre	버서 오거
MON:40	06E18A		7de7ed00	Flan	푸딩
MON:41	06E18E		e03bcc00	Mousse	무스
MON:42	06E192		dee7c4d7c1cf3b00	Marion	마리오네이터
MON:43	06E19A		f0e9d73bfc00	Grenade	그레네이드
MON:44	06E1A0		d7c4ed00	Neon	네온
MON:45	06E1A4		fce7277c3b00	Drippy	드리피
MON:46	06E1AA		fcc7eac13bcf3b00	SkulEat	해골 이터
MON:47	06E1B2		ccc8e8d3ed00	Bone	스켈레톤
MON:48	06E1B8		c4d5c4ed00	Onion	어니언
MON:49	06E1BD		c1ed7d00	Imp	임프
MON:50	06E1C1		f0e6cb5be65fe6cc00	G.Lblas	글라샤라볼라스
MON:51	06E1CA		01b4012c02bd01ad00	TimeWiz	시마도사
MON:52	06E1D3		decccf3bd3ed5ee700	M.Tonbry	마스터 톤베리
MON:53	06E1DC		dee2ed00	Mammon	마몬
MON:54	06E1E0		ea27c7ee3bcf3b00	RkSlug	록 가터
MON:55	06E1E8		dfd5def4cb5bed00	TinyMage	미니 매지션
MON:56	06E1F0		f7edfe3b00	Zombie	좀비
MON:57	06E1F5		dfd5fce8c1fc00	Druid	미니 드루이드
MON:58	06E1FC		deccc700	Mask	마스크
MON:59	06E200		015101d600	Doom	사신
MON:60	06E205		ebc1e8fce627d300	WereRat	와일드 래트
MON:61	06E20D		e95ee8d02527c53b00	LvCheck	레벨 체커
MON:62	06E216		01d6012000	Shinryu	신룡
MON:63	06E21B		c4e1ee00	Omega	오메가
MON:64	06E21F		fbfee8d05dc95f00	DvlChoco	데빌 초코보
MON:65	06E227		c7e7cb253be800	Cryshale	크리셰르
MON:66	06E22E		e2e85fe8f0e93bd300	GrMalbor	몰볼 그레이트
MON:67	06E237		ca7fd2edf83b00	Kactuar	사포텐더
MON:68	06E23E		7bc400	Pao	파오
MON:69	06E241		e95ee8d3e727c53b00	LvTrick	레벨 트리커
MON:70	06E24A		e4d5c93bed00	Unicorn	유니콘
MON:71	06E250		c1dbe73bd300	Ifrit	이프리트
MON:72	06E256		cb202200	Shiva	시바
MON:73	06E25A		e6e0c200	Ramuh	라무
MON:74	06E25E		db25d527c7cc00	Phoenix	피닉스
MON:75	06E265		c53bfdedc7e800	Carbncl	카번클
MON:76	06E26C		cfc1cfed00	Titan	타이탄
MON:77	06E271		c43bfb233bed00	Odin	오딘
MON:78	06E278		e72022c1c0caed00	Leviathn	리바이어선
MON:79	06E280		fdd9e03bd300	Bahamt	바하무트
MON:80	06E286		d25c7f3bed00	Typhon	티폰
MON:81	06E28C		db22e6c700	Falak	파라크
MON:82	06E291		f45bd5cf3b00	Janita	자니타
MON:83	06E291	MON:82	f45bd5cf3b00	Janita	자니타
MON:84	06E291	MON:82	f45bd5cf3b00	Janita	자니타
MON:85	06E291	MON:82	f45bd5cf3b00	Janita	자니타
MON:86	06E291	MON:82	f45bd5cf3b00	Janita	자니타
MON:87	06E291	MON:82	f45bd5cf3b00	Janita	자니타
MON:88	06E291	MON:82	f45bd5cf3b00	Janita	자니타
MON:89	06E291	MON:82	f45bd5cf3b00	Janita	자니타
MON:90	06E291	MON:82	f45bd5cf3b00	Janita	자니타
MON:91	06E291	MON:82	f45bd5cf3b00	Janita	자니타
MON:92	06E291	MON:82	f45bd5cf3b00	Janita	자니타
MON:93	06E291	MON:82	f45bd5cf3b00	Janita	자니타
MON:94	06E291	MON:82	f45bd5cf3b00	Janita	자니타
MON:95	06E291	MON:82	f45bd5cf3b00	Janita	자니타
MON:96	06E291	MON:82	f45bd5cf3b00	Janita	자니타
MON:97	06E291	MON:82	f45bd5cf3b00	Janita	자니타
MON:98	06E291	MON:82	f45bd5cf3b00	Janita	자니타
MON:99	06E291	MON:82	f45bd5cf3b00	Janita	자니타
MON:100	06E291	MON:82	f45bd5cf3b00	Janita	자니타
MON:101	06E291	MON:82	f45bd5cf3b00	Janita	자니타
MON:102	06E291	MON:82	f45bd5cf3b00	Janita	자니타
MON:103	06E291	MON:82	f45bd5cf3b00	Janita	자니타
MON:104	06E291	MON:82	f45bd5cf3b00	Janita	자니타
MON:105	06E291	MON:82	f45bd5cf3b00	Janita	자니타
MON:106	06E291	MON:82	f45bd5cf3b00	Janita	자니타
MON:107	06E291	MON:82	f45bd5cf3b00	Janita	자니타
MON:108	06E291	MON:82	f45bd5cf3b00	Janita	자니타
MON:109	06E291	MON:82	f45bd5cf3b00	Janita	자니타
MON:110	06E291	MON:82	f45bd5cf3b00	Janita	자니타
MON:111	06E291	MON:82	f45bd5cf3b00	Janita	자니타
MON:112	06E297		d4f788d05dc95f00	Mystery Chocobo	수수께끼 초코보
MON:113	06E29F		c7e93be800	Krehl	크레르
MON:114	06E2A4		e93bf0e600	Regla	레그라
MON:115	06E2A9		db2627c700	Fawkes	포크
MON:116	06E2AE		c5c6c000	Kakia	카키아
MON:117	06E2B2		cad5c000	Sania	사니아
MON:118	06E2B6		e6ccc700	Rask	라스크
MON:119	06E2BA		dfe800	Mill	미르
MON:120	06E2BD		fce800	Chip	도르
MON:121	06E2C0		c0d3e600	Atla	아트라
MON:122	06E2C4		c2c1f500	Wiz	위즈
MON:123	06E2C8		c5dfe6dede00	Camillas Mom	카미라 엄마
MON:124	06E2CE		c5dfe67b7b00	Camillas Dad	카미라 아빠
MON:125	06E2D4		c5dfe600	Camilla	카미라
MON:126	06E2D8		1f118e8100	Lamp	횃불
MON:127	06E2DD		0236a88400	Shelf	책장
MON:128	06E2E2		8b12119d1a991f013400	Box	봉인된 상자
MON:129	06E2EC		02180289025900	Generator	발전기
MON:130	06E2EC	MON:129	02180289025900	Generator	발전기
MON:131	06E2F3		c5ef881515bc1f013400	Lock	잠긴 상자
MON:132	06E2F3	MON:131	c5ef881515bc1f013400	Lock	잠긴 상자
MON:133	06E2FD		11a58f00	Well	샘
MON:134	06E301		c0c1d2e00f81151200	Use	아이템 사용
MON:135	06E30A	SLPS:1	00		
SKILL:0	06E428	SLPS:1	00	IceRock	
SKILL:1	06E42A		c0c1ccea27c700	IceRock	아이스 록
SKILL:2	06E431		c0277b3b00	Upper	어퍼
SKILL:3	06E436		c0d3df27c7e9c100	AtomRay	아토믹 레이
SKILL:4	06E43E		c0e8d2de00	Ultima	알테마
SKILL:5	06E443		c1c5f5d088013e019200	ZapHit	번개 철권
SKILL:6	06E44D		c1d4f5dece3bfc00	Shock	번개검
SKILL:7	06E455		01870206a100	Rock	바위 던지기
SKILL:8	06E45B		c223f33bda27d300	Wither	위더 히트
SKILL:9	06E463		c3c0ea00	Aero	에어로
SKILL:10	06E467		c4d5c4ed0206a100	OnionTos	어니언 던지기
SKILL:11	06E46F		017e0177021200	Sound	괴음파
SKILL:12	06E476		158f811600	Bite	물기
SKILL:13	06E47B		eee6eee600	Shake	달그락
SKILL:14	06E480		c5e6cc00	Crow	까마귀
SKILL:15	06E484		018a01bf00	Sap	흡수
SKILL:16	06E489		169781189800	Cut	베기
SKILL:17	06E48F		efe80206a100	GilToss	길 던지기
SKILL:18	06E495		c7c3c1c700	Quake	퀘이크
SKILL:19	06E49A		012700	Tonic	약
SKILL:20	06E49D		021f88d1e100	ColdCut	얼음 발톱
SKILL:21	06E4A3		021f88013e019200	IceHit	얼음 철권
SKILL:22	06E4AB		c93be800	Call	콜
SKILL:23	06E4AF		f2ffe7edc0cf27c700	Punch	고블린 어택
SKILL:24	06E4B8		deccc78801be1100	Curse	가면의 저주
SKILL:25	06E4C0		01a402440177021200	Muddle	혼란 음파
SKILL:26	06E4C9		01a402448801ea00	CnfGas	혼란의 숨결
SKILL:27	06E4D1		cac1e9cc00	Mute	사일런스
SKILL:28	06E4D6		1a1512968f00	Resent	앙갚음
SKILL:29	06E4DC		01ab00	Acid	산
SKILL:30	06E4DF		caedf83b00	Zap	선더
SKILL:31	06E4E4		caedf83bffe93bfc00	ZapCut	선더 블레이드
SKILL:32	06E4ED		01518801e101a100	Doom	죽음의 선고
SKILL:33	06E4F5		01b5013500	Bomb	자폭
SKILL:34	06E4FA		cb5ce7c8ed0206a100	Star	수리검 던지기
SKILL:35	06E503		01c7018500	Summon	소환
SKILL:36	06E508		01d101ba00	Arm	촉수
SKILL:37	06E50D		01a6151800	Sand	모래 뿌리기
SKILL:38	06E512		0209811600	Head	박치기
SKILL:39	06E517		cce77de800	Sleepel	슬리플
SKILL:40	06E51C		cceac200	Slow	슬로
SKILL:41	06E520		01f302081f9700	Slam	몸통 박치기
SKILL:42	06E527		cfc1f8e8c225c1ff00	Tidal	타이달 웨이브
SKILL:43	06E530		cf27d000	Tap	터치
SKILL:44	06E534		cfd700	Seed	씨앗
SKILL:45	06E537		01c91a84e1eafb233b00	MiniSong	작은 멜로디
SKILL:46	06E541		811300	Rod	지팡이
SKILL:47	06E544		02451f11c6fd00	IceFang	차가운 송곳니
SKILL:48	06E54B		02451f11c6e700	IceMist	차가운 안개
SKILL:49	06E552		d33bfc00	Toad	토드
SKILL:50	06E556		d33bfc8801ea00	ToadGas	토드의 숨결
SKILL:51	06E55D		0139eecc00	Toxin	독가스
SKILL:52	06E562		01398801ea00	Cough	독의 숨결
SKILL:53	06E568		013988c6fd00	Venom	독 송곳니
SKILL:54	06E56E		0139fde700	Sting	독침
SKILL:55	06E573		fcc7ea0206a100	Skull	해골 던지기
SKILL:56	06E57A		83bc1b9d00	Rush	돌진
SKILL:57	06E57F		3f00	?	?
SKILL:58	06E581		8416a21300	Cry	울음소리
SKILL:59	06E586		849f89961100	Down	쓸어 베기
SKILL:60	06E58C		84a09700	Slam	때리기
SKILL:61	06E590		d427d10206a100	Nut	너트 던지기
SKILL:62	06E597		d53bfce800	Pin	니들
SKILL:63	06E59C		861c9000	Take	훔치기
SKILL:64	06E5A0		d7c4ed5f3be800	Ball	네온 볼
SKILL:65	06E5A7		879d131600	Snot	점액
SKILL:66	06E5AC		89a41683ad1b00	Knock	튕겨 날리기
SKILL:67	06E5B3		0136020a023200	Gun	파동포
SKILL:68	06E5BA		d9edde3b00	Bonk	해머
SKILL:69	06E5BF		fe3be0c527cf3b00	BeamCut	빔 커터
SKILL:70	06E5C7		8abc151600	Claw	할퀴기
SKILL:71	06E5CC		022c01ba01f28000	Slap	따귀
SKILL:72	06E5D4		db22c1c000	Fire	파이어
SKILL:73	06E5D9		db22c1c03bea27fc00	FireRod	파이어 로드
SKILL:74	06E5E2		8b1683ad1b00	Blow	날려 버리기
SKILL:75	06E5E8		7dd0e1d2c400	Comet	프티 메테오
SKILL:76	06E5EE		ffe7f3fc00	Blizzrd	블리자드
SKILL:77	06E5F3		af9d84a09700	HardHit	후려치기
SKILL:78	06E5F9		af9d8e9b1b00	Spin	휘두르기
SKILL:79	06E5FF		dcc1ccd300	Haste	헤이스트
SKILL:80	06E604		5ed35ed300	Grime	끈적끈적
SKILL:81	06E609		022f01fc00	Knife	식칼
SKILL:82	06E60E		dd3be73b00	Holy	홀리
SKILL:83	06E613		016c88d1e100	FlmCut	화염 발톱
SKILL:84	06E619		016c88e0d000	FlmWhip	화염 채찍
SKILL:85	06E61F		def427c700	Magic	매직
SKILL:86	06E624		def427c7d9edde3b00	MgHamr	매직 해머
SKILL:87	06E62D		e1eedbe9c000	GFlare	메가 플레어
SKILL:88	06E633		e1d2c400	Meteo	메테오
SKILL:89	06E637		94129b1700	Tempt	유혹
SKILL:90	06E63C		02388f98c6e700	Dream	꿈꾸는 안개
SKILL:91	06E643		e6c1ffe600	Libra	라이브라
SKILL:92	06E648		e95ee833c43be8fc00	L3Old	레벨3 올드
SKILL:93	06E651		e95ee833c9eddb5c00	L3Conf	레벨3 컨퓨
SKILL:94	06E65A		e95ee834f0e6feee00	L4Grav	레벨4 그라비가
SKILL:95	06E663		e95ee834dbe9c000	L4Flar	레벨4 플레어
SKILL:96	06E66B		021d0247eecc00	Fatigue	피로 가스
SKILL:97	06E672		eb3b7d0206a100	Warp	워프 던지기
SKILL:98	06E679		891f16198f00	Crush	내려치기
SKILL:99	06E67F		7b3b7de8ffe9cc00	PrplBrth	퍼플 브레스
SKILL:100	06E687		ffe9c1edf5c0c100	MindEye	브레인즈 아이
SKILL:101	06E68F		c0cf27c700	Attack	어택
SKILL:102	06E694		e6c1d3c0ea3b00	Arrow	라이트 애로
SKILL:103	06E69B		ca3bc7e8cb5d27d300	Circle	서클 샷
SKILL:104	06E6A4		7de6f5ee00	Plasga	플라즈가
SKILL:105	06E6A9		f45cc3e800	Gem	주얼
SKILL:106	06E6AE		fdc1c400	Bio	바이오
SKILL:107	06E6B2		da3be8dd3bed00	HealHorn	힐 혼
SKILL:108	06E6B9		01fa02cf88017c016c00	Hellfire	지옥의 화염
SKILL:109	06E6C3		443df8ccd300	DDust	D·더스트
SKILL:110	06E6C9		02d01688024200	Judge	심판의 번개
SKILL:111	06E6D0		02ea01de88016c00	Reborn	전생의 불꽃
SKILL:112	06E6D8		e8fe3b8802cc00	RubyLigt	루비의 빛
SKILL:113	06E6DF		01f601fa8802eb9700	Wrath	대지의 분노
SKILL:114	06E6E8		02d2013e02cb00	Lance	참철검
SKILL:115	06E6EF		f0edf0d5e88802df00	Gungnir	궁니르의 창
SKILL:116	06E6F8		01f602bf02d900	Tide	대해일
SKILL:117	06E6FF		d2e6dbe9c000	GigFlare	테라 플레어
SKILL:118	06E705		028601fa02f5016800	Cleanse	천지붕괴
SKILL:119	06E70E		029f025501070374011600	6 Roars	명계육포격
SKILL:120	06E719		cc3b7b3bd53bfce800	Needle	슈퍼 니들
SKILL:121	06E722		02390f01ec01db00	N/A	무 속성
SKILL:122	06E72A		017c0f01ec01db00	Fire	불 속성
SKILL:123	06E732		021f0f01ec01db00	Ice	얼음 속성
SKILL:124	06E73A		02420f01ec01db00	Thundr	번개 속성
SKILL:125	06E742		02270f01ec01db00	Wind	바람 속성
SKILL:126	06E74A		01c7018502d60f00	Esper	소환수
SKILL:127	06E752		02390fcfc17d00	N/A	무 타입
SKILL:128	06E759		0224023dcfc17d00	Float	부유 타입
SKILL:129	06E761		01390fcfc17d00	Poisn	독 타입
SKILL:130	06E768		01320184cfc17d00	Life	부활 타입
SKILL:131	06E770		02210151cfc17d00	Imrtl	불사 타입
SKILL:132	06E778		01630149cfc17d00	Giant	거인 타입
SKILL:133	06E780		0151014ecfc17d00	Unded	망자 타입
SKILL:134	06E788		01d00229cfc17d00	Plant	식물 타입
SKILL:135	06E790		01200fcfc17d00	Dragn	용 타입
SKILL:136	06E797		decbedcfc17d00	Mech	머신 타입
SKILL:137	06E79E		0224023d3d02210151cfc17d00	FltDead	부유·불사 타입
SKILL:138	06E7AB		01390f3d01320184cfc17d00	PsnLife	독·부활 타입
SKILL:139	06E7B7		0151014e3d01320184cfc17d00	LifeDead	망자·부활 타입
SKILL:140	06E7C4		01d002293d01390fcfc17d00	PsnPlnt	식물·독 타입
SKILL:141	06E7D0		01200f3d0224023dcfc17d00	DgnFlt	용·부유 타입
DESC:0	06E9DE		0153bc82010e027b210fc0c1d2e0014f022d2100	Identify 1 item	쓰면 안심!아이템 식별!
DESC:1	06E9F2		1999ab010e027b210fc0c1d2e09c024d020585014f022d2100	Identify every item	이걸로 안심!아이템을 한 번에 식별!
DESC:2	06EA0B		01531283c7e6c7e60f01a402441c9800	Get confused if used	쓰면 어질어질 혼란에 빠진다
DESC:3	06EA1B		01531283f027cce70f012b9785811700	Use it for a good rest	쓰면 쿨쿨 잠이 든다
DESC:4	06EA2B		022101af025c210fc5c3e88584999800	Mystery! Become Frog	신기해!개구리가 될 수 있다
DESC:5	06EA3B		022101af025c210f80bc80bd1784999800	Mystery! Become Mini	신기해!작아질 수 있다
DESC:6	06EA4C		fdd3e8ab02a302a9210f022a01d788028a01cd2100	Make a decoy	전투에서 유리!분신 등장!
DESC:7	06EA61		025e0298210f015101d69e93bc8217982100	Fear the reaper!	공포!사신이 찾아온다!
DESC:8	06EA73		cafe95180123210fd1e115c7e69cc93bd223edf02100	Guards items from rust	녹 방지용!발톱이나 안장을 코팅!
DESC:9	06EA89		022101af025c840144850f01489e9b172100	Repair spring	신기한 샘에 물이 솟는다!
DESC:10	06EA9B		01a31198dbeac0880fde277d9e9b15982100	Show the floor map	지금 있는 층의 지도를 알 수 있다!
DESC:11	06EAAD		c0278311120165850ff8edf45ded01f701c42100	Escape the dungeon	눈 깜짝할 새에 던전 탈출!
DESC:12	06EAC1		eee6cc01aa026b880f16991184024d02202100	Collar made of glass	유리 세공의 예쁜 물건!
DESC:13	06EAC1	DESC:12	eee6cc01aa026b880f16991184024d02202100	Collar made of glass	유리 세공의 예쁜 물건!
DESC:14	06EAD4		e8fe3b01aa026b880f16991184024d02202100	Collar made with ruby	루비 세공의 예쁜 물건!
DESC:15	06EAE7		f8c1e301aa026b880f16991184024d02202100	Collar made of diamond	다이아 세공의 예쁜 물건!
DESC:16	06EAFA		c627c788cc7c3bfc9e0f01e417849800	Kick speed increases	킥 속도가 빨라진다
DESC:17	06EB0A		c627c788cc7c3bfc9e0ff0ed830f01e417849800	Kick much faster	킥 속도가 훨씬 빨라진다
DESC:18	06EB1E		c627c788cc7c3bfc9e0ffc3bed830f028417849800	Kick becomes slower	킥 속도가 확 느려진다
DESC:19	06EB33		02369c013890cc7c3bfc9e0f01e417849800	Read books faster	책 읽는 속도가 빨라진다
DESC:20	06EB45		02369c013890cc7c3bfc9e0ff0ed830f01e417849800	Skim books quickly	책 읽는 속도가 훨씬 빨라진다
DESC:21	06EB5B		02369c013890cc7c3bfc9e0ffc3bed830f028417849800	Slows reading speed	책 읽는 속도가 확 느려진다
DESC:22	06EB72		19991a131099ad0f0265025b9e01fe01b3802100	Energy lasts longer	이것만 있으면 기운이 오래간다!
DESC:23	06EB86		1181ab920fac19ab920f0265025b9e11bcb2112100	Energy will not drop	언제 어디서나 기운이 가득!
DESC:24	06EB9B		848515830f0265025b9e019397931c1100	Energy drops faster	왠지 기운이 쉽게 줄어든다
DESC:25	06EBAC		4850017d01329e0f01e417849800	HP recovers faster	HP 회복이 빨라진다
DESC:26	06EBBA		4850017d01329e0ff0ed830f01e417849800	HP recovers faster	HP 회복이 훨씬 빨라진다
DESC:27	06EBCC		4850017d01329e0ffc3bed830f028417849800	HP recovers slower	HP 회복이 확 느려진다
DESC:28	06EBDF		8118988301f6022e210fdfcc9e01f017849800	Makes you miss often	달면 큰일!미스가 많아진다
DESC:29	06EBF2		8e9b979e0f80bfbcb3970f012a9817015c139800	Looks somewhat bright	주변이 조금 밝게 보인다
DESC:30	06EC06		8e9b979e0f18bc19120f012a9817015c139800	Looks very bright	주변이 꽤 밝게 보인다
DESC:31	06EC19		c5c3e8026a16850f7c27cfe72100	For Frog lovers	개구리를 좋아한다면 딱!
DESC:32	06EC27		80bc80bd1188026a16850f7c27cfe72100	For Mini lovers	작은 걸 좋아한다면 딱!
DESC:33	06EC38		022e01d7026a16850f7c27cfe72100	For those who morph	변신을 좋아한다면 딱!
DESC:34	06EC47		1e841382010e027b210f02078f8802a60235850f019a025302042100	Protects from theft	대비하면 안심!도둑 예방에 효과적!
DESC:35	06EC63		0117111fde277d890f023499841100	Will not forget maps	걸은 지도는 잊지 않는다
DESC:36	06EC72		0265025b88017d0132850f027ab09801b700	Eat for recovery	기운 회복에 먹는 열매
DESC:37	06EC72	DESC:36	0265025b88017d0132850f027ab09801b700	Eat for recovery	기운 회복에 먹는 열매
DESC:38	06EC72	DESC:36	0265025b88017d0132850f027ab09801b700	Eat for recovery	기운 회복에 먹는 열매
DESC:39	06EC72	DESC:36	0265025b88017d0132850f027ab09801b700	Eat for recovery	기운 회복에 먹는 열매
DESC:40	06EC72	DESC:36	0265025b88017d0132850f027ab09801b700	Eat for recovery	기운 회복에 먹는 열매
DESC:41	06EC72	DESC:36	0265025b88017d0132850f027ab09801b700	Eat for recovery	기운 회복에 먹는 열매
DESC:42	06EC72	DESC:36	0265025b88017d0132850f027ab09801b700	Eat for recovery	기운 회복에 먹는 열매
DESC:43	06EC72	DESC:36	0265025b88017d0132850f027ab09801b700	Eat for recovery	기운 회복에 먹는 열매
DESC:44	06EC72	DESC:36	0265025b88017d0132850f027ab09801b700	Eat for recovery	기운 회복에 먹는 열매
DESC:45	06EC72	DESC:36	0265025b88017d0132850f027ab09801b700	Eat for recovery	기운 회복에 먹는 열매
DESC:46	06EC84		0265025b9e0ffd27d0e70f017d01321c9800	Recovers Energy	기운이 확실히 회복된다
DESC:47	06EC96		fc3bed83811599820f0265025b9ef8c2ed00	Fatigue drops Energy	확 지쳐서 기운이 다운
DESC:48	06ECA8		14111b17820f01f3011d9c017d01321c9800	Tasty,recovers Energy	맛있어서 체력을 회복한다
DESC:49	06ECBA		025002a7029b013d210f01f3011d9c017d01322100	Full recovery	영양 만점!체력을 회복!
DESC:50	06ECCF		027ab0988302580264210ff8e13bf49c01bd189800	Eating causes damage	먹으면 위험!대미지를 받는다
DESC:51	06ECE4		11888088027eab1c210f48509ec0277d2100	Eat to boost max HP	생명의 근원!HP가 업!
DESC:52	06ECF6		027ab0988301f60271028d210f48509ef8c2ed2100	Eating lowers HP	먹으면 대실패!HP가 다운!
DESC:53	06ED0B		027ab098830f1181ab920fe95ee89ec0277d2100	Eat to raise level	먹으면 언제나 레벨이 업!
DESC:54	06ED1F		027ab098830f1181ab920fe95ee89ef8c2ed2100	Eating lowers level	먹으면 언제나 레벨이 다운!
DESC:55	06ED33		027ab098a818ab0f02099e9517849800	Eat to raise smartness	먹기만 해도 머리가 좋아진다
DESC:56	06ED43		027ab098a818ab0f01f39e02b217849800	Eat to make you nimble	먹기만 해도 몸이 가벼워진다
DESC:57	06ED54		017c8801ec01db9c01b3bc1f0f022101af025c84cfd700	Mysterious Fire seed	불의 속성을 가진 신기한 씨앗
DESC:58	06ED6B		021f8801ec01db9c01b3bc1f0f022101af025c84cfd700	Mysterious seed of Ice	얼음의 속성을 가진 신기한 씨앗
DESC:59	06ED82		02428801ec01db9c01b3bc1f0f022101af025c84cfd700	Mysterious Thundr seed	번개의 속성을 가진 신기한 씨앗
DESC:60	06ED99		02278801ec01db9c01b3bc1f0f022101af025c84cfd700	Mysterious Wind seed	바람의 속성을 가진 신기한 씨앗
DESC:61	06EDB0		0211011d9c01cb1b018c980f022101af025c84cfd700	It erases abilities	능력을 지워 버리는 신기한 씨앗
DESC:62	06EDC6		0211011d9c17bc8118980f022101af025c84cfd700	Odd seed,adds ability	능력을 붙여 주는 신기한 씨앗
DESC:63	06EDDB		0211011d8802a5026e9eab16980f022101af025c84cfd700	Odd seed,fuses ability	능력을 융합할 수 있는 신기한 씨앗
DESC:64	06EDF3		026e027c88e95ee801da9c0280931c0f022101af025c84cfd700	Boosts level of crafts	합성 레벨 수를 늘리는 신기한 씨앗
DESC:65	06EE0D		0265025b7beb3b9e0fc0277d1c982100	Eating raises energy	기운 파워가 업한다!
DESC:66	06EE1D		0265025b7beb3b9e0ff8c2ed1c982100	Eating lowers energy	기운 파워가 다운한다!
DESC:67	06EE2D		48509c0f017d0132ab169800	Recovers HP	HP를 회복할 수 있다
DESC:68	06EE2D	DESC:67	48509c0f017d0132ab169800	Recovers HP	HP를 회복할 수 있다
DESC:69	06EE2D	DESC:67	48509c0f017d0132ab169800	Recovers HP	HP를 회복할 수 있다
DESC:70	06EE2D	DESC:67	48509c0f017d0132ab169800	Recovers HP	HP를 회복할 수 있다
DESC:71	06EE2D	DESC:67	48509c0f017d0132ab169800	Recovers HP	HP를 회복할 수 있다
DESC:72	06EE2D	DESC:67	48509c0f017d0132ab169800	Recovers HP	HP를 회복할 수 있다
DESC:73	06EE2D	DESC:67	48509c0f017d0132ab169800	Recovers HP	HP를 회복할 수 있다
DESC:74	06EE39		48509c0f1fbcb4970f017d0132ab169800	Recovers decent HP	HP를 듬뿍 회복할 수 있다
DESC:75	06EE4A		4850920f0265025b920f018601e385017d0132ab169800	Maximize HP/Energy	HP도 기운도 완전히 회복할 수 있다
DESC:76	06EE61		024f90830f01399c84141c01b19eab169800	Cures poison	마시면 독을 치료할 수 있다
DESC:77	06EE73		ac9d84017001ce920f1999ab010e027b2100	Cures all ailments	어떤 이상도 이걸로 안심!
DESC:78	06EE85		024f9083022101af025c210f017d9785f8e13bf42100	Hurt area around user	마시면 신기!주위에 대미지!
DESC:79	06EE9B		02709c01cb1b820fe3d1969c0f10a390182100	Causes invisibility	모습을 감추고 녀석들을 속여라!
DESC:80	06EEAE		f8e13bf49e818ebc1f0f022101af025c84014800	Odd drink that damages	대미지가 가득 찬 신기한 물
DESC:81	06EEC2		024f90830f01399c01bd18821b8e1200	A drink that poisons	마시면 독에 걸려 버린다
DESC:82	06EED2		01468584bc821b8e120f022101af025c84014800	A drink that petrifies	돌이 되어 버리는 신기한 물
DESC:83	06EEE6		889dae971118980f022101af025c84014800	Slows down the drinker	느긋해지는 신기한 물
DESC:84	06EEF8		eeedeeed1118980f022101af025c84014800	Speeds up the drinker	빨라지는 신기한 물
DESC:85	06EF0A		013502181c98e3d1850f019a025302042100	Use on explosive foe	폭발하는 녀석에게 효과적!
DESC:86	06EF1C		1fa8880f1bbfbcb21101482100	Plain salt water	그냥 짠 물!
DESC:87	06EF29		024f90830f02369e0138918417849800	Makes it hard to read	마시면 책을 못 읽게 된다
DESC:88	06EF39		015c13841192889e0f015c1382179800	Reveals the invisible	안 보이는 것이 보이게 된다
DESC:89	06EF49		024f90830f01be9b991f01e6010c9e0f89a5998217999800	Removes cursed items	마시면 저주받은 장비가 벗겨진다
DESC:90	06EF61		014f022d1b1f92889c0f023499821b8e1200	Forget known items	식별한 것을 잊어버린다
DESC:91	06EF73		024f90830f4154429e0f0219022a1b151f8e96841100	ATB only fills half	마시면 ATB가 절반밖에 안 찬다
DESC:92	06EF89		024f90830f4154429e0f0219022a1f8ebc82119800	ATB is filled to half	마시면 ATB가 절반 차 있다
DESC:93	06EF9E		01489c1791980fc5e6277f885fd3e800	Empty bottle	물을 뜰 수 있는 빈 병
DESC:94	06EF9E	DESC:93	01489c1791980fc5e6277f885fd3e800	Empty bottle	물을 뜰 수 있는 빈 병
DESC:95	06EF9E	DESC:93	01489c1791980fc5e6277f885fd3e800	Empty bottle	물을 뜰 수 있는 빈 병
DESC:96	06EF9E	DESC:93	01489c1791980fc5e6277f885fd3e800	Empty bottle	물을 뜰 수 있는 빈 병
DESC:97	06EF9E	DESC:93	01489c1791980fc5e6277f885fd3e800	Empty bottle	물을 뜰 수 있는 빈 병
DESC:98	06EF9E	DESC:93	01489c1791980fc5e6277f885fd3e800	Empty bottle	물을 뜰 수 있는 빈 병
DESC:99	06EF9E	DESC:93	01489c1791980fc5e6277f885fd3e800	Empty bottle	물을 뜰 수 있는 빈 병
DESC:100	06EF9E	DESC:93	01489c1791980fc5e6277f885fd3e800	Empty bottle	물을 뜰 수 있는 빈 병
DESC:101	06EFAE		0133ab015496991fd1e100	Leather talons	가죽으로 만든 발톱
DESC:102	06EFB9		0129ab015496991fd1e100	Wooden talons	나무로 만든 발톱
DESC:103	06EFC4		013eab015496991fd1e100	Iron talons	쇠로 만든 발톱
DESC:104	06EFCF		d9eed7ab01c40241821198d1e100	Steel talons	강철로 만든 발톱
DESC:105	06EFDD		dfcce7e8ab01c40241821198d1e100	Mythril talons	미스릴로 만든 발톱
DESC:106	06EFEC		0175014e88022702569c01b381d1e100	Royal talons	제왕의 풍격을 지닌 발톱
DESC:107	06EFFC		c7e7cccfe89c017b026b1b1fd1e100	Crystal talons	크리스탈을 가공한 발톱
DESC:108	06F00B		d0cfed017b026b88016211d1e100	Titanium talons	티탄 가공의 강한 발톱
DESC:109	06F019		017c8801ec01db9c0f01b3bc821198d1e100	Fire talons	불의 속성을 가진 발톱
DESC:110	06F02B		021f8801ec01db9c0f01b3bc821198d1e100	Ice talons	얼음의 속성을 가진 발톱
DESC:111	06F03D		02428801ec01db9c0f01b3bc821198d1e100	Thunder talons	번개의 속성을 가진 발톱
DESC:112	06F04F		02278801ec01db9c0f01b3bc821198d1e100	Wind talons	바람의 속성을 가진 발톱
DESC:113	06F061		017c21021f210242210227210f1cb0828801ec01db02221688d1e100	Every element talons	불!얼음!번개!바람!모든 속성의 발톱
DESC:114	06F07D		0120cfc17d850f019a025302042100	Strong to dragons	용 타입에 효과적!
DESC:115	06F08C		01630149cfc17d850f019a025302042100	Strong to giants	거인 타입에 효과적!
DESC:116	06F09D		0151014ecfc17d850f019a025302042100	Strong to undead	망자 타입에 효과적!
DESC:117	06F0AE		0224023dcfc17d850f019a025302042100	Strong to floating	부유 타입에 효과적!
DESC:118	06F0BF		01d00229cfc17d850f019a025302042100	Strong to plants	식물 타입에 효과적!
DESC:119	06F0D0		0139cfc17d850f019a025302042100	Strong to poison	독 타입에 효과적!
DESC:120	06F0DF		027d12c5c3e8880f016211029c02312100	Strong to frogs	싸우는 개구리의 든든한 편!
DESC:121	06F0F0		011501160293024b9e0f026c11d1e100	Wide range talons	공격 범위가 넓은 발톱
DESC:122	06F100	DESC:121	011501160293024b9e0f026c11d1e100	Wide range talons	공격 범위가 넓은 발톱
DESC:123	06F110	DESC:121	011501160293024b9e0f026c11d1e100	Wide range talons	공격 범위가 넓은 발톱
DESC:124	06F120	DESC:121	011501160293024b9e0f026c11d1e100	s	공격 범위가 넓은 발톱
DESC:125	06F130	DESC:121	011501160293024b9e0f026c11d1e100	ons	공격 범위가 넓은 발톱
DESC:126	06F140		c627c788cc7c3bfc9e0f01e41784982100	Kick speed increases	킥 속도가 빨라진다!
DESC:127	06F151		0221020a887beb3b9e0f4154429cca7f3bd32100	Halves ATB time	부동의 파워가 ATB를 서포트!
DESC:128	06F165		dfcc8801ca841a9e0fa48e9d88024d02202100	Few misses bring pride	적은 미스가 자랑인 물건!
DESC:129	06F178		e95ee89e03579e98830f014d17849800	Weakens with Level Ups	레벨이 오르면 약해진다
DESC:130	06F188		01c11f111899ac0f7beb3b9e10982100	Heavy but powerful	무겁지만 파워가 있다!
DESC:131	06F198		02081f99adfbc5c10f19887beb3b2100	Very strong,if it hits	맞으면 큰 이 파워!
DESC:132	06F1A8		01621a880295029e890f48508510982100	HP boosts power	강함의 비밀은 HP에 있다!
DESC:133	06F1B9		48509e0193988dac0f7beb3bc0277d2100	Low HP boosts power	HP가 줄수록 파워업!
DESC:134	06F1CA		c7e7d223c5e8da27d3880fd05bedcc2100	Raises critical rate	크리티컬 히트의 찬스!
DESC:135	06F1DB		dbc7ea8801c11a9e0f0278029988c5ef2100	Item held changepower	주머니의 무게가 승부의 열쇠!
DESC:136	06F1ED		311897ab0f32020514111b1100	2 for price of 1	한 번 차서 두 번 이득
DESC:137	06F1FA		e95ee89e3488021301da880fe3d18502a3019a2100	Good on foe w/ LV x4	레벨이 4의 배수인 녀석에게 유효!
DESC:138	06F20F		e95ee89e3388021301da880fe3d18502a3019a2100	Good on foe w/ LV x3	레벨이 3의 배수인 녀석에게 유효!
DESC:139	06F224		02081f99ad0fe3d1884154429c0f01fb01b0ab169800	Stop enemy ATB	맞으면 녀석의 ATB를 중지할 수 있다
DESC:140	06F23A		01e501ba9c89a411820f0165026e119c83982100	Wait while enemy fires	상대를 튕겨서 거리를 둔다!
DESC:141	06F24E		016211210f1899ac0fc1cfc12100	Strong,but hurts	강하다!하지만 아프다!
DESC:142	06F25C		01150116027c0269210f4850017d013288d05bedcc2100	May recover HP	공격 성공!HP 회복의 찬스!
DESC:143	06F273		011501169e01908e98830f4850017d013288d05bedcc2100	May recover HP	공격이 먹히면 HP 회복의 찬스!
DESC:144	06F28B		01150116da27d3210f011201130114f127d32100	When attack,gain Exp	공격 히트!경험치 겟!
DESC:145	06F29F		011501161b8e1797210f011201130114f127d32100	Attacking gives lots of Exp	마구 공격!경험치 겟!
DESC:146	06F2B4		f027cce7210f01e501ba9c01b4016d0f012b961d9800	May cause sleep	쿨쿨!상대를 가끔 잠재운다
DESC:147	06F2CA		c7e6c7e627210f01e501ba9c01b4016d0f01a402441a1d9800	May cause confusion	어질어질!상대를 가끔 혼란시킨다
DESC:148	06F2E3		fcc7fcc727210f01e501ba9c01b4016d0f0139851c9800	May cause poison	앗!상대를 가끔 중독시킨다
DESC:149	06F2FA		e5ea27210f01e501ba9c01b4016d0f021d02471a1d9800	May make enemy tired	비틀!상대를 가끔 지치게 한다
DESC:150	06F311		ee27d0ed210f01e501ba9c01b4016d0f0146851c9800	May petrify	딱딱!상대를 가끔 돌로 만든다
DESC:151	06F327		027d118801fbab0f027c01fe1c98d1e100	They grow in battle	싸우면서 성장하는 발톱
DESC:152	06F338		1f141c8dac0fefe89e929613980f14020d84d1e100	Each defeat gives Gil	쓰러뜨릴수록 길을 받는 이득 발톱
DESC:153	06F34D		e627c63b210f027d11880199850fc0c1d2e00218015c2100	Get items after battle	럭키!전투 후에 아이템 발견!
DESC:154	06F365		d4f701f0160fc0c1d2e000	Mysterious item	수수께끼 많은 아이템
DESC:155	06F370		013302859788c7e600	Hide saddle	가죽을 댄 안장
DESC:156	06F370	DESC:155	013302859788c7e600	Hide saddle	가죽을 댄 안장
DESC:157	06F370	DESC:155	013302859788c7e600	Hide saddle	가죽을 댄 안장
DESC:158	06F379		0129ab015496991fc7e600	Wooden saddle	나무로 만든 안장
DESC:159	06F384		013eab015496991fc7e600	Iron saddle	쇠로 만든 안장
DESC:160	06F38F		d9eed7ab01c40241821198c7e600	Steel saddle	강철로 만든 안장
DESC:161	06F39D		dfcce7e8ab01c40241821198c7e600	Mythril saddle	미스릴로 만든 안장
DESC:162	06F3AC		0175014e88022702569c01b381c7e600	Royal saddle	제왕의 풍격을 지닌 안장
DESC:163	06F3BC		c7e7cccfe89c017b026b1b1fc7e600	Saddle made of crystal	크리스탈을 가공한 안장
DESC:164	06F3CB		d0cfed017b026b88016211c7e600	Titanium saddle	티탄 가공의 강한 안장
DESC:165	06F3D9		017c8801ec01db9c0f01b3bc821198c7e600	Fire saddle	불의 속성을 가진 안장
DESC:166	06F3EB		021f8801ec01db9c0f01b3bc821198c7e600	Ice saddle	얼음의 속성을 가진 안장
DESC:167	06F3FD		02428801ec01db9c0f01b3bc821198c7e600	Thunder saddle	번개의 속성을 가진 안장
DESC:168	06F40F		02278801ec01db9c0f01b3bc821198c7e600	Wind saddle	바람의 속성을 가진 안장
DESC:169	06F421		017c21021f210242210227210f1cb0828801ec01db02221688c7e600	Every element saddle	불!얼음!번개!바람!모든 속성의 안장
DESC:170	06F43D		024a1101ea890f026f191e9f01cb02742100	Deodorize bad breath	나쁜 숨결은 싹 탈취!
DESC:171	06F44F		10118188c1e3840f1088011501169c0f159b1b931c1100	Helps to dodge	그 얄미운 공격을 피하기 쉽다
DESC:172	06F466		8eb19a1b88011dab0f01e501ba88dfcc9c1a1e1200	Makes foes miss	환상의 힘으로 상대의 미스를 부른다
DESC:173	06F47B		010b9788011d9e0fa48e9d88024d02202100	Guarding item of pride	방어의 힘이 자랑인 물건!
DESC:174	06F48D		80bfbcb39701c1119e0f02ed0235011c9e01f62100	Heavy, boosts SDF	조금 무겁지만 특방어가 크다!
DESC:175	06F4A2		015311931c17820f02ed0235011c9e01f62100	Light, boosts SDF	쓰기 쉽고 특방어가 크다!
DESC:176	06F4B5	DESC:129	e95ee89e03579e98830f014d17849800	Weakens with Level Ups	레벨이 오르면 약해진다
DESC:177	06F4C5		0135021888f8e13bf49c0f02b2171c9800	Lowers blast damage	폭발 대미지를 줄인다
DESC:178	06F4D6		01f61684e3d188011501169c0f02b2171c9800	Weakens a big foe	큰 녀석의 공격을 줄인다
DESC:179	06F4E9	DESC:135	dbc7ea8801c11a9e0f0278029988c5ef2100	Bag item count is key	주머니의 무게가 승부의 열쇠!
DESC:180	06F4FB		f8e13bf401939818ac0fefe8920193982100	Lower damage{100}Gil	대미지가 줄지만 길도 준다!
DESC:181	06F50D		01bd181ff8e13bf40f028013980f02801384110f010d1ba8112100	Damage depends on luck	받는 대미지 늘까 안 늘까 운에 달렸다!
DESC:182	06F528		01a40244850f849785171100	Confusion guard	혼란에 잘 안 걸린다
DESC:183	06F534		01399c0f01bd1885171100	Poison guard	독에 잘 안 걸린다
DESC:184	06F53F		012b97850f849785171100	Sleep guard	잠에 잘 안 빠진다
DESC:185	06F54A		021d0247850f849785171100	Fatigue guard	피로에 잘 안 걸린다
DESC:186	06F556		01ff023c850f849785171100	Mute guard	침묵에 잘 안 걸린다
DESC:187	06F562		cceac2850f849785171100	Slow guard	슬로에 잘 안 걸린다
DESC:188	06F56D		02b217820fa4bf12afab0f81159985171100	Difficult to be tired	가볍고 튼튼하고 잘 안 지친다
DESC:189	06F57F		0281026588ebd49e0f9518931c17849800	Avoid floor traps	발밑의 함정을 피하기 쉬워진다
DESC:190	06F590		029d014f022d8801e6010c9e0f01be9b9985171784982100	Protects from curse	미식별 장비가 잘 저주받지 않는다!
DESC:191	06F5A8		9396991f960f939715131c00	Try again if beaten	당하면 되갚아 준다
DESC:192	06F5B4		01e6010c1b821198830f48509e14020d2100	Gain HP if equipped	장비하고 있으면 HP가 이득!
DESC:193	06F5C6		e4d5c93bed9e0f01ba0288bc821799982100	Call Unicorn	유니콘이 도와준다!
DESC:194	06F5C6	DESC:193	e4d5c93bed9e0f01ba0288bc821799982100	Call Unicorn	유니콘이 도와준다!
DESC:195	06F5C6	DESC:193	e4d5c93bed9e0f01ba0288bc821799982100	Call Unicorn	유니콘이 도와준다!
DESC:196	06F5C6	DESC:193	e4d5c93bed9e0f01ba0288bc821799982100	Call Unicorn	유니콘이 도와준다!
DESC:197	06F5C6	DESC:193	e4d5c93bed9e0f01ba0288bc821799982100	Call Unicorn	유니콘이 도와준다!
DESC:198	06F5C6	DESC:193	e4d5c93bed9e0f01ba0288bc821799982100	Call Unicorn	유니콘이 도와준다!
DESC:199	06F5C6	DESC:193	e4d5c93bed9e0f01ba0288bc821799982100	Call Unicorn	유니콘이 도와준다!
DESC:200	06F5C6	DESC:193	e4d5c93bed9e0f01ba0288bc821799982100	Call Unicorn	유니콘이 도와준다!
DESC:201	06F5C6	DESC:193	e4d5c93bed9e0f01ba0288bc821799982100	Call Unicorn	유니콘이 도와준다!
DESC:202	06F5C6	DESC:193	e4d5c93bed9e0f01ba0288bc821799982100	Call Unicorn	유니콘이 도와준다!
DESC:203	06F5C6	DESC:193	e4d5c93bed9e0f01ba0288bc821799982100	Call Unicorn	유니콘이 도와준다!
DESC:204	06F5C6	DESC:193	e4d5c93bed9e0f01ba0288bc821799982100	Call Unicorn	유니콘이 도와준다!
DESC:205	06F5C6	DESC:193	e4d5c93bed9e0f01ba0288bc821799982100	Call Unicorn	유니콘이 도와준다!
DESC:206	06F5D8		c1dbe73bd39e0f01ba0288bc821799982100	Call Ifrit	이프리트가 도와준다!
DESC:207	06F5EA		cb20229e0f01ba0288bc821799982100	Call Shiva	시바가 도와준다!
DESC:208	06F5FA		e6e0c29e0f01ba0288bc821799982100	Call Ramuh	라무가 도와준다!
DESC:209	06F60A		db25d527c7cc9e0f01ba0288bc821799982100	Call Phoenix	피닉스가 도와준다!
DESC:210	06F61D		c53bfdedc7e89e0f01ba0288bc821799982100	Call Carbuncle	카번클이 도와준다!
DESC:211	06F630		cfc1cfed9e0f01ba0288bc821799982100	Call Titan	타이탄이 도와준다!
DESC:212	06F641		c43bfb233bed9e0f01ba0288bc821799982100	Call Odin	오딘이 도와준다!
DESC:213	06F654		e72022c1c0caed9e0f01ba0288bc821799982100	Call Leviathan	리바이어선이 도와준다!
DESC:214	06F668		fdd9e03bd39e0f01ba0288bc821799982100	Call Bahamut	바하무트가 도와준다!
DESC:215	06F67A		d25c7f3bed9e0f01ba0288bc821799982100	Call Typhon	티폰이 도와준다!
DESC:216	06F68C		db22e6c79e0f01ba0288bc821799982100	Call Falak	파라크가 도와준다!
DESC:217	06F69D		8984991f01c515960f189783ad1d2100	Kick to hit far foe	떨어진 곳에서 차 날려라!
DESC:218	06F6AD		18bc820f02081f98830fc1cfc101462100	Kick to hurl a target	차서 맞으면 아픈 돌!
DESC:219	06F6BE		af8118820fac1915850f02f0ad1b80bd132100	If hit,go flying	부딪쳐서 어딘가로 날려 버려라!
DESC:220	06F6D1		119a119a840fc0c1d2e09e0214139800	Can buy various items	여러 가지 아이템을 살 수 있다
DESC:221	06F6E1		01798501531288153f0f022101af025c84c0c1d2e000	What is this for?	어디에 쓰는 걸까?신기한 아이템
DESC:222	06F6F7		fce8179d850fc0c1d2e09c0f028c18829296139800	Chip will get an item	도르 군이 아이템을 가져다준다
DESC:223	06F70C		c0c1d2e031819c0f01ef8501e8999800	Send 1 item to village	아이템 1개를 마을로 보낼 수 있다
DESC:224	06F71C		f8edf45ded88021c9c0f024d810f017f1896999800	Opens a door	던전의 문을 하나 열 수 있다
DESC:225	06F731		cb3bdb88023001349c0f024d810f017f1896999800	Open the thief box	시프의 보물 상자를 하나 열 수 있다
DESC:226	06F746		01efab015313980f022101af025c84c0c1d2e000	Take to the village	마을에서 쓰는 신기한 아이템
DESC:227	06F75A		7cc57cc5858f9e11820fe95ee89cc0277d2100	Polish gear to improve it	반짝반짝 닦아서 레벨을 업!
DESC:228	06F76D		5fea5fea8595a21b820fe95ee89cf8c2ed2100	Level gear down w/rust	너덜너덜 더럽혀 레벨을 다운!
DESC:229	06F780		1b14979c015312830f023688e95ee89ec0277d2100	Level up a book	책갈피를 쓰면 책의 레벨이 업!
DESC:230	06F795		017c88011dab0ff8e13bf49c101f139800	Fire damage	불의 힘으로 대미지를 준다
DESC:231	06F795	DESC:230	017c88011dab0ff8e13bf49c101f139800	Fire damage	불의 힘으로 대미지를 준다
DESC:232	06F795	DESC:230	017c88011dab0ff8e13bf49c101f139800	Fire damage	불의 힘으로 대미지를 준다
DESC:233	06F795	DESC:230	017c88011dab0ff8e13bf49c101f139800	Fire damage	불의 힘으로 대미지를 준다
DESC:234	06F7A6		021f88011dab0ff8e13bf49c101f139800	Ice damage	얼음의 힘으로 대미지를 준다
DESC:235	06F7B7		024288011dab0ff8e13bf49c101f139800	Thundr damage	번개의 힘으로 대미지를 준다
DESC:236	06F7C8		022788011dab0ff8e13bf49c101f139800	Wind damage	바람의 힘으로 대미지를 준다
DESC:237	06F7D9		01fa01781596887beb3bab0ff8e13bf49c101f139800	Earth damage	땅속의 파워로 대미지를 준다
DESC:238	06F7EF		02861596887beb3bab0ff8e13bf49c101f139800	Holy damage	하늘의 파워로 대미지를 준다
DESC:239	06F803		48509c1c110272bc820ff8e13bf49c101f139800	Drains HP	HP를 빨아들여 대미지를 준다
DESC:240	06F817		c0e8d2de0210970f011501160123c0c1d2e000	Cast Ultima	알테마가 든 공격용 아이템
DESC:241	06F82A		dd3be73b0210970f011501160123c0c1d2e000	Cast Holy	홀리가 든 공격용 아이템
DESC:242	06F83D		7dd0e1d2c40210970f011501160123c0c1d2e000	Cast Comet	프티 메테오가 든 공격용 아이템
DESC:243	06F851		e1d2c40210970f011501160123c0c1d2e000	Cast Meteo	메테오가 든 공격용 아이템
DESC:244	06F863		dbe9c00210970f011501160123c0c1d2e000	Cast Flare	플레어가 든 공격용 아이템
DESC:245	06F875		efeedbe9c00210970f011501160123c0c1d2e000	Cast MegaFlare	기가 플레어가 든 공격용 아이템
DESC:246	06F889		f0e6feee0210970f011501160123c0c1d2e000	Cast Graviga	그라비가가 든 공격용 아이템
DESC:247	06F89C		c7c3c1c70210970f011501160123c0c1d2e000	Cast Quake	퀘이크가 든 공격용 아이템
DESC:248	06F8AF		c225c1ff0210970f011501160123c0c1d2e000	Cast Wave	웨이브가 든 공격용 아이템
DESC:249	06F8C2		fbcc0210970f011501160123c0c1d2e000	Cast Death	데스가 든 공격용 아이템
DESC:250	06F8D3		fbf45ded0210970f011501160123c0c1d2e000	Cast Warp	데존이 든 공격용 아이템
DESC:251	06F8E6		fbf45dedf50210970f011501160123c0c1d2e000	Cast MultiWarp	데존즈가 든 공격용 아이템
DESC:252	06F8FA		fdc1c40210970f011501160123c0c1d2e000	Cast Bio	바이오가 든 공격용 아이템
DESC:253	06F90C		fdc1c4fd3bccd30210970f011501160123c0c1d2e000	Cast BioBurst	바이오버스트가 든 공격용 아이템
DESC:254	06F922		db23e6d7cc0210970f011501160123c0c1d2e000	Cast Filaness	필라네스가 든 공격용 아이템
DESC:255	06F936		e63bdb26cc0210970f011501160123c0c1d2e000	Cast Lafoss	라포스가 든 공격용 아이템
DESC:256	06F94A		014f022d1a9982841115960f0179a8150f9b1596841100	Unidentified	식별되지 않아서 뭔지 모른다
ATTR:0	06FA14		3d017c0f01ec01db02221600	-Fire	·불 속성 부여
ATTR:1	06FA20		3d021f0f01ec01db02221600	-Ice	·얼음 속성 부여
ATTR:2	06FA2C		3d02420f01ec01db02221600	-Lit	·번개 속성 부여
ATTR:3	06FA38		3d02270f01ec01db02221600	-Wind	·바람 속성 부여
ATTR:4	06FA44		3d017c0100021f0f01ec01db02221600	-Fire{100}Ice	·불+얼음 속성 부여
ATTR:5	06FA54		3d017c010002420f01ec01db02221600	-Fire{100}Lit	·불+번개 속성 부여
ATTR:6	06FA64		3d017c010002270f01ec01db02221600	-Fire{100}Wind	·불+바람 속성 부여
ATTR:7	06FA74		3d021f010002420f01ec01db02221600	-Ice{100}Lit	·얼음+번개 속성 부여
ATTR:8	06FA84		3d021f010002270f01ec01db02221600	-Ice{100}Wind	·얼음+바람 속성 부여
ATTR:9	06FA94		3d0242010002270f01ec01db02221600	-Lit{100}Wind	·번개+바람 속성 부여
ATTR:10	06FAA4		3d017c0100021f010002420f01ec01db02221600	-Fire{100}Ice{100}Lit	·불+얼음+번개 속성 부여
ATTR:11	06FAB8		3d017c0100021f010002270f01ec01db02221600	-Fire{100}Ice{100}Wind	·불+얼음+바람 속성 부여
ATTR:12	06FACC		3d017c01000242010002270f01ec01db02221600	-Fire{100}Lit{100}Wind	·불+번개+바람 속성 부여
ATTR:13	06FAE0		3d021f01000242010002270f01ec01db02221600	-Ice{100}Lit{100}Wind	·얼음+번개+바람 속성 부여
ATTR:14	06FAF4		3d017c0100021f01000242010002270f01ec01db02221600	-Fire{100}Ice{100}Lit{100}Wind	·불+얼음+번개+바람 속성 부여
ATTR:15	06FB0C		3d018601e33401ec01db0211011d02221600	-All 4 types	·완전 4속성 능력 부여
ATTR:16	06FB1E		3d0120cfc17d01230f02a3019a0211011d02221600	-Strong to dragon	·용 타입 특효 능력 부여
ATTR:17	06FB33		3d01630149cfc17d01230f02a3019a0211011d02221600	-Strong to giant	·거인 타입 특효 능력 부여
ATTR:18	06FB4A		3d0151014ecfc17d01230f02a3019a0211011d02221600	-Strong to undead	·망자 타입 특효 능력 부여
ATTR:19	06FB61		3d0224023dcfc17d01230f02a3019a0211011d02221600	-Strong to float	·부유 타입 특효 능력 부여
ATTR:20	06FB78		3d01d00229cfc17d01230f02a3019a0211011d02221600	-Strong to plant	·식물 타입 특효 능력 부여
ATTR:21	06FB8F		3d0139cfc17d01230f02a3019a0211011d02221600	-Strong to poison	·독 타입 특효 능력 부여
ATTR:22	06FBA4		3dc5c3e801cf01f4ab880f027d03620211011d02221600	-Battle as frog	·개구리 상태 전투 능력 부여
ATTR:23	06FBA4	ATTR:22	3dc5c3e801cf01f4ab880f027d03620211011d02221600	-Battle as frog	·개구리 상태 전투 능력 부여
ATTR:24	06FBA4	ATTR:22	3dc5c3e801cf01f4ab880f027d03620211011d02221600	-Battle as frog	·개구리 상태 전투 능력 부여
ATTR:25	06FBBB		3d01e201990293024b880f011501160211011d02221600	-Front/Back Hit	·앞뒤 범위 공격 능력 부여
ATTR:26	06FBD2		3d01e233decc0293024b880f011501160211011d02221600	-3 Prong Hit	·앞 3칸 범위 공격 능력 부여
ATTR:27	06FBEA		3d8e9b9701e30293024b880f011501160211011d02221600	-8 Prong Hit	·주위 전체 범위 공격 능력 부여
ATTR:28	06FC02		3d01e2019901a501710293024b880f011501160211011d02221600	-4 Prong Hit	·앞뒤좌우 범위 공격 능력 부여
ATTR:29	06FC1D		3d01e233decc83d4d4e101999a0293024b880f011501160211011d02221600	-5 Prong Hit	·앞 3칸과 대각선 뒤 공격 능력 부여
ATTR:30	06FC3C		3d01dd023b32decc0293024b880f011501160211011d02221600	-Range Hit	·정면 2칸 범위 공격 능력 부여
ATTR:31	06FC56		3dd1e14154420fdec1d4cc0211011d02221600	-Talon:Minus ATB	·발톱 ATB 마이너스 능력 부여
ATTR:32	06FC56	ATTR:31	3dd1e14154420fdec1d4cc0211011d02221600	-Talon:Minus ATB	·발톱 ATB 마이너스 능력 부여
ATTR:33	06FC56	ATTR:31	3dd1e14154420fdec1d4cc0211011d02221600	-Talon:Minus ATB	·발톱 ATB 마이너스 능력 부여
ATTR:34	06FC69		3dd1e14154420f013002770211011d02221600	-Talon:Add ATB	·발톱 ATB 보조 능력 부여
ATTR:35	06FC7C		3ddfcc02a602350211011d02221600	-Accurate	·미스 예방 능력 부여
ATTR:36	06FC7C	ATTR:35	3ddfcc02a602350211011d02221600	-Accurate	·미스 예방 능력 부여
ATTR:37	06FC7C	ATTR:35	3ddfcc02a602350211011d02221600	-Accurate	·미스 예방 능력 부여
ATTR:38	06FC8B		3de95ee801da880f033f02ea0211011d02221600	-Reverse Lvl	·레벨 수 역전 능력 부여
ATTR:39	06FC8B	ATTR:38	3de95ee801da880f033f02ea0211011d02221600	-Reverse Lvl	·레벨 수 역전 능력 부여
ATTR:40	06FC9F		3d01150116011dc0277d0211011d02221628d1e14154429e7de6cc2900	-ATK up,but ATB up	·공격력 업(발톱 ATB 플러스)
ATTR:41	06FCBC		3d01150116011dc0277d0211011d02221628dfcc9e01c4931c112900	-ATK up,may miss	·공격력 업(미스가 나기 쉽다)
ATTR:42	06FCD8		3d0368ae4850ab880f01150116011dc0277d0211011d02221600	-Power based on HP	·HP가 같은 숫자면 공격력 업
ATTR:43	06FCF2		3d485002abab880f01150116011dc0277d0211011d02221600	-Power based on MxHP	·HP 양에 따른 공격력 업
ATTR:44	06FCF2	ATTR:43	3d485002abab880f01150116011dc0277d0211011d02221600	-Power based on MxHP	·HP 양에 따른 공격력 업
ATTR:45	06FCF2	ATTR:43	3d485002abab880f01150116011dc0277d0211011d02221600	-Power based on MxHP	·HP 양에 따른 공격력 업
ATTR:46	06FCF2	ATTR:43	3d485002abab880f01150116011dc0277d0211011d02221600	-Power based on MxHP	·HP 양에 따른 공격력 업
ATTR:47	06FCF2	ATTR:43	3d485002abab880f01150116011dc0277d0211011d02221600	-Power based on MxHP	·HP 양에 따른 공격력 업
ATTR:48	06FD0B		3dc7e7d223c5e8da27d30211011d02221600	-Critical Hit	·크리티컬 히트 능력 부여
ATTR:49	06FD0B	ATTR:48	3dc7e7d223c5e8da27d30211011d02221600	-Critical Hit	·크리티컬 히트 능력 부여
ATTR:50	06FD0B	ATTR:48	3dc7e7d223c5e8da27d30211011d02221600	-Critical Hit	·크리티컬 히트 능력 부여
ATTR:51	06FD0B	ATTR:48	3dc7e7d223c5e8da27d30211011d02221600	-Critical Hit	·크리티컬 히트 능력 부여
ATTR:52	06FD0B	ATTR:48	3dc7e7d223c5e8da27d30211011d02221600	-Critical Hit	·크리티컬 히트 능력 부여
ATTR:53	06FD1D		3dc0c1d2e001da8595980f01150116011dc0277d0211011d02221600	-ATK up by item held	·아이템 수에 따른 공격력 업
ATTR:54	06FD1D	ATTR:53	3dc0c1d2e001da8595980f01150116011dc0277d0211011d02221600	-ATK up by item held	·아이템 수에 따른 공격력 업
ATTR:55	06FD39		3d037301ed011501160211011d02221600	-Multi Hit	·연속 공격 능력 부여
ATTR:56	06FD4A		3d3488021301dae95ee8e2edcccf3b01230ffbcc0211011d02221600	-KO if foe Lv/4	·레벨 4배수 몬스터에 데스 부여
ATTR:57	06FD4A	ATTR:56	3d3488021301dae95ee8e2edcccf3b01230ffbcc0211011d02221600	-KO if foe Lv/4	·레벨 4배수 몬스터에 데스 부여
ATTR:58	06FD4A	ATTR:56	3d3488021301dae95ee8e2edcccf3b01230ffbcc0211011d02221600	-KO if foe Lv/4	·레벨 4배수 몬스터에 데스 부여
ATTR:59	06FD66		3d3388021301dae95ee8e2edcccf3b01230ffbcc0211011d02221600	-KO if foe Lv/3	·레벨 3배수 몬스터에 데스 부여
ATTR:60	06FD82		3d415442fd3b880fe7cd27d30211011d02221600	-Reset ATB	·ATB 바 리셋 능력 부여
ATTR:61	06FD96		3de2edcccf3b880f89a41683ad1b0211011d02221600	-Send foe flying	·몬스터 튕겨 날리기 능력 부여
ATTR:62	06FDAC		3d023e131ff8e13bf4880f89871513970211011d02221600	-Reflect damage	·준 대미지 반사 능력 부여
ATTR:63	06FDC4		3d01150116027c026901b4880f4850017d01320211011d02221600	-Drain HP	·공격 성공 시 HP 회복 능력 부여
ATTR:64	06FDDF		3d01150116027c026901b4880f4850017d01320211011d0222162801f62900	-Drain HP (Big)	·공격 성공 시 HP 회복 능력(대)
ATTR:65	06FDFE		3d01150116027c026901b4880f011201130114f127d30211011d02221600	-Exp-Getter	·공격 성공 시 경험치 겟 능력 부여
ATTR:66	06FE1C		3d01150116027c026901b4880f011201130114f127d30211011d0222162801f62900	-Exp Getter (Big)	·공격 성공 시 경험치 겟 능력(대)
ATTR:67	06FE3E		3d012b970f023e130211011d02221600	-Sleep	·잠재우기 능력 부여
ATTR:68	06FE4E		3d01a402440f023e130211011d02221600	-Confuse	·혼란시키기 능력 부여
ATTR:69	06FE5F		3d01390f023e130211011d02221600	-Poison	·중독시키기 능력 부여
ATTR:70	06FE6E		3d021d02470f023e130211011d02221600	-Fatigue	·지치게 하기 능력 부여
ATTR:71	06FE7F		3d014603350f023e130211011d02221600	-Petrify	·석화시키기 능력 부여
ATTR:72	06FE90		3d02ed0353027c01fe0211011d02221600	-Special Growth	·특수 성장 능력 부여
ATTR:73	06FE90	ATTR:72	3d02ed0353027c01fe0211011d02221600	-Special Growth	·특수 성장 능력 부여
ATTR:74	06FE90	ATTR:72	3d02ed0353027c01fe0211011d02221600	-Special Growth	·특수 성장 능력 부여
ATTR:75	06FE90	ATTR:72	3d02ed0353027c01fe0211011d02221600	-Special Growth	·특수 성장 능력 부여
ATTR:76	06FE90	ATTR:72	3d02ed0353027c01fe0211011d02221600	-Special Growth	·특수 성장 능력 부여
ATTR:77	06FEA1		3defe8880ff127d30211011d02221600	-Gil Getter	·길 획득 능력 부여
ATTR:78	06FEB1		3de2edcccf3b850f0243831b92889c1a1d980211011d02221600	-Item drops up	·몬스터가 물건을 떨어뜨리는 능력 부여
ATTR:79	06FECB		3dd4f7880211011d02221600	-Mystery	·수수께끼 능력 부여
ATTR:80	06FECB	ATTR:79	3dd4f7880211011d02221600	-Mystery	·수수께끼 능력 부여
ATTR:81	06FECB	ATTR:79	3dd4f7880211011d02221600	-Mystery	·수수께끼 능력 부여
ATTR:82	06FED7		cd6800	-Mystery	
ATTR:83	06FED7	ATTR:82	cd6800	{CD}h	
ATTR:84	06FED7	ATTR:82	cd6800	{CD}h	
ATTR:85	06FED7	ATTR:82	cd6800	{CD}h	
ATTR:86	06FED7	ATTR:82	cd6800	{CD}h	
ATTR:87	06FED7	ATTR:82	cd6800	{CD}h	
ATTR2:0	06FF40	ATTR:0	3d017c0f01ec01db02221600	-Fire	·불 속성 부여
ATTR2:1	06FF4C	ATTR:1	3d021f0f01ec01db02221600	-Ice	·얼음 속성 부여
ATTR2:2	06FF58	ATTR:2	3d02420f01ec01db02221600	-Lit	·번개 속성 부여
ATTR2:3	06FF64	ATTR:3	3d02270f01ec01db02221600	-Wind	·바람 속성 부여
ATTR2:4	06FF70	ATTR:4	3d017c0100021f0f01ec01db02221600	-Fire/Ice	·불+얼음 속성 부여
ATTR2:5	06FF80	ATTR:5	3d017c010002420f01ec01db02221600	-Fire/Lit	·불+번개 속성 부여
ATTR2:6	06FF90	ATTR:6	3d017c010002270f01ec01db02221600	-Fire/Wind	·불+바람 속성 부여
ATTR2:7	06FFA0	ATTR:7	3d021f010002420f01ec01db02221600	-Ice/Lit	·얼음+번개 속성 부여
ATTR2:8	06FFB0	ATTR:8	3d021f010002270f01ec01db02221600	-Ice/Wind	·얼음+바람 속성 부여
ATTR2:9	06FFC0	ATTR:9	3d0242010002270f01ec01db02221600	-Lit/Wind	·번개+바람 속성 부여
ATTR2:10	06FFD0	ATTR:10	3d017c0100021f010002420f01ec01db02221600	-Fire/Ice/Lit	·불+얼음+번개 속성 부여
ATTR2:11	06FFE4	ATTR:11	3d017c0100021f010002270f01ec01db02221600	-Fire/Ice/Wind	·불+얼음+바람 속성 부여
ATTR2:12	06FFF8	ATTR:12	3d017c01000242010002270f01ec01db02221600	-Fire/Lit/Wind	·불+번개+바람 속성 부여
ATTR2:13	07000C	ATTR:13	3d021f01000242010002270f01ec01db02221600	-Ice/Lit/Wind	·얼음+번개+바람 속성 부여
ATTR2:14	070020	ATTR:14	3d017c0100021f01000242010002270f01ec01db02221600	-Fire/Ice/Lit/Wind	·불+얼음+번개+바람 속성 부여
ATTR2:15	070038	ATTR:15	3d018601e33401ec01db0211011d02221600	-Has all 4 types	·완전 4속성 능력 부여
ATTR2:16	07004A		3d01ea01150116880f0235011c0211011d02221600	-Breath guard	·숨결 공격 방어 능력 부여
ATTR2:17	07005F		3d017e01770212880f0235011c0211011d02221600	-Sound guard	·괴음파 방어 능력 부여
ATTR2:18	070074		3de2edcccf3b8801150116dfcc0f0370020c0211011d02221600	-Makes foe miss	·몬스터 공격 미스 유도 능력 부여
ATTR2:19	07008E		3d0235011c011dc0277d0211011d0222162801150116dfcc0f0370020c0222162900	-Boost DEF,make foe miss	·방어력 업(공격 미스 유도)
ATTR2:20	0700B0		3d02ed0235011cc0277d0211011d02221628d1e14154429e7de6cc2900	-DEF up,but ATB up	·특방어 업(발톱 ATB 플러스)
ATTR2:21	0700B0	ATTR2:20	3d02ed0235011cc0277d0211011d02221628d1e14154429e7de6cc2900	-DEF up,but ATB up	·특방어 업(발톱 ATB 플러스)
ATTR2:22	0700B0	ATTR2:20	3d02ed0235011cc0277d0211011d02221628d1e14154429e7de6cc2900	-DEF up,but ATB up	·특방어 업(발톱 ATB 플러스)
ATTR2:23	0700CD		3d02ed0235011cc0277d0211011d02221600	-DEF up	·특방어 업 능력 부여
ATTR2:24	0700DF	ATTR:38	3de95ee801da880f033f02ea0211011d02221600	-Reverse level value	·레벨 수 역전 능력 부여
ATTR2:25	0700DF	ATTR:38	3de95ee801da880f033f02ea0211011d02221600	-Reverse level value	·레벨 수 역전 능력 부여
ATTR2:26	0700DF	ATTR:38	3de95ee801da880f033f02ea0211011d02221600	-Reverse level value	·레벨 수 역전 능력 부여
ATTR2:27	0700DF	ATTR:38	3de95ee801da880f033f02ea0211011d02221600	-Reverse level value	·레벨 수 역전 능력 부여
ATTR2:28	0700DF	ATTR:38	3de95ee801da880f033f02ea0211011d02221600	-Reverse level value	·레벨 수 역전 능력 부여
ATTR2:29	0700F3		3dc0c1d2e001da8595980f0235011c011dc0277d0211011d02221600	-Items held change DEF	·아이템 수에 따른 방어력 업
ATTR2:30	0700F3	ATTR2:29	3dc0c1d2e001da8595980f0235011c011dc0277d0211011d02221600	-Items held change DEF	·아이템 수에 따른 방어력 업
ATTR2:31	0700F3	ATTR2:29	3dc0c1d2e001da8595980f0235011c011dc0277d0211011d02221600	-Items held change DEF	·아이템 수에 따른 방어력 업
ATTR2:32	07010F		3d01350218f8e13bf4880f02b201930211011d02221600	-Blast guard	·폭발 대미지 경감 능력 부여
ATTR2:33	070126		3d01f60344e2edcccf3b01150116880f02b201930211011d02221600	-Weaken Giants	·대형 몬스터 공격 경감 능력 부여
ATTR2:34	070142		3defe89c0153bc82880ff8e13bf402b201930211011d02221600	-Gil lowers damage	·길을 써서 대미지 경감 능력 부여
ATTR2:35	07015C		3df8e13bf402ab880fef5bedffe80211011d02221600	-Damage is a gamble	·대미지 양 도박 능력 부여
ATTR2:36	070172		3d01a402440f0235011c0211011d02221600	-Confuse guard	·혼란 방어 능력 부여
ATTR2:37	070172	ATTR2:36	3d01a402440f0235011c0211011d02221600	-Confuse guard	·혼란 방어 능력 부여
ATTR2:38	070172	ATTR2:36	3d01a402440f0235011c0211011d02221600	-Confuse guard	·혼란 방어 능력 부여
ATTR2:39	070184		3d01390f0235011c0211011d02221600	-Poison guard	·독 방어 능력 부여
ATTR2:40	070194		3d012b970f0235011c0211011d02221600	-Cause Insomnia	·잠 방어 능력 부여
ATTR2:41	0701A5		3d021d02470f0235011c0211011d02221600	-Fatigue guard	·피로 방어 능력 부여
ATTR2:42	0701B7		3d01ff023c0f0235011c0211011d02221600	-Mute guard	·침묵 방어 능력 부여
ATTR2:43	0701C9		3dcceac20f0235011c0211011d02221600	-Slow guard	·슬로 방어 능력 부여
ATTR2:44	0701DA		3d0265025b880f01fe01b3800211011d02221600	-Energy boost	·기운 오래가기 능력 부여
ATTR2:45	0701DA	ATTR2:44	3d0265025b880f01fe01b3800211011d02221600	-Energy boost	·기운 오래가기 능력 부여
ATTR2:46	0701DA	ATTR2:44	3d0265025b880f01fe01b3800211011d02221600	-Energy boost	·기운 오래가기 능력 부여
ATTR2:47	0701EE		3d0356ebd4880f017d03670211011d02221600	-Trap avoider	·바닥 함정 회피 능력 부여
ATTR2:48	070201		3d01be111596880f14010b970211011d02221600	-Curse guard	·저주로부터 보호 능력 부여
ATTR2:49	070215		3dc5c2edcf3b036601160211011d02221600	-May Counterattack {100}	·카운터 반격 능력 부여
ATTR2:50	070227		3d4850880f013002770211011d02221600	-HP Aid	·HP 보조 능력 부여
ATTR2:51	070238		6400	d	
STAT:0	07029C		0f0f01b3bc821198c0c1d2e01cb0829e014f022d1a991f00	Identified all items!	가지고 있는 아이템이 모두 식별됐다
STAT:1	0702B4		0f070185c4c1e89c86bc828f1f00	{7:01} was oiled.	{7:01}에 오일을 발라 봤다
STAT:2	0702C2		0f0f0f0f0f0f0f0f01449e017d01321b1f00	Spring restored!	샘이 회복됐다
STAT:3	0702D4		0f0f0f0f0f0f0265025b9e0700017d01321b1f00	Gained {7:00} Energy!	기운이 {7:00} 회복됐다
STAT:4	0702E8		0f0f0f0f0f0265025b9e0700841784bc1f00	Gained {7:00} Energy!	기운이 {7:00} 줄었다
STAT:5	0702FA		0f0f0f0f4850830265025b9e1c191b017d01321b1f00	HP/Energy restored!	HP와 기운이 조금 회복됐다
STAT:6	070310		0f0f0f0f0f0f0f0f171abc821f00	Spoiled.	썩어 있었다
STAT:7	07031E		0f0f0f0f48508801a801f601149e0700109ebc1f00	Max HP rose {7:00}!	HP 최대치가 {7:00} 올랐다
STAT:8	070333		0f0f0f0f48508801a801f601149e07001a9ebc1f00	Max HP rose {7:00}!	HP 최대치가 {7:00} 내려갔다
STAT:9	070348		0f0f0f80bfbcb3970f02368802ad029c9e9b15bc1f00	Book knowledge rose!	조금 책의 의미를 알게 됐다
STAT:10	07035E		0f0f80bfbcb3970f02811aad168501b501d29e81111f00	Kick ability rose!	조금 발놀림에 자신이 붙었다
STAT:11	070375		0f0f0f0f0265025b8801a801f601149e0700109ebc1f00	Max Energy up {7:00}!	기운 최대치가 {7:00} 올랐다
STAT:12	07038C		0f0f0f0265025b8801a801f601149e07001a9ebc1f00	Max Energy up {7:21}	기운 최대치가 {7:00} 내려갔다
STAT:13	0703A2		0f0f0f0f0f0f48509e0700017d01321b1f00	Healed {7:00} HP!	HP가 {7:00} 회복됐다
STAT:14	0703B4		0f0f0f0f0f4850830265025b9e01e3017d01321b1f00	HP/Energy healed!	HP와 기운이 모두 회복됐다
STAT:15	0703CA		0f0f0f0f0f0f0f01399e86188211bc1f00	Poison healed.	독이 빠져나갔다
STAT:16	0703DB		48509e0700017d01321b0f01fd01ae9e024a1188928414bc1f00	Healed {7:00} HP!	HP가 {7:00} 회복되고 상태도 나아졌다
STAT:17	0703F5		0f0f0f0f0f0f0f889dae978584bc1f00	Became Slow.	느긋해졌다
STAT:18	070405		0f0f0f0f0f0f0f1cad931784bc1f00	Gain Haste.	빨라졌다
STAT:19	070414		0f0f0f0f0f0f0f1bbfbcb215bc1f00	It was salty.	짰다
STAT:20	070423		0f0f0f0f02369e013891841784bc821b8ebc1f00	Unable to read!	책을 못 읽게 되어 버렸다
STAT:21	070437		0f0f0f0f849dab92015c139895128584bc1f00	Can see everything!	뭐든지 보이게 됐다
STAT:22	07044A		0f0f0f01be9b991f01e6010c9e0f89a5998217991f00	Cursed equips removed!	저주받은 장비가 벗겨졌다
STAT:23	070460		0f0f0f014f022d1b1f92889c01e30225023499821b8ebc1f00	Forgot known items!	식별한 것을 전부 잊어버렸다
STAT:24	070479		0f0f0f0f0f0f1e9a1e9a81159982161f00	Getting hungry.	슬슬 지쳐 왔다
STAT:25	07048A		0f0f0f0f0f849da8155f3b27831b82161f00	Getting lightheaded.	왠지 멍해졌다
STAT:26	07049C		0f0f0f0f0f0f0f9212dbe6dbe6a800	A bit dizzy.	이제 비틀비틀하다
STAT:27	0704AB		0f0f0f0f0fdbe6dbe6ab9212011718841100	Too dizzy to walk!	비틀거려서 더는 못 걷겠다
STAT:28	0704BD		0f0f07018901be9b9982111f00	{7:00} was cursed.	{7:01}에 저주가 걸려 있었다
STAT:29	0704CA		0f0f0f0f0f0f0f1912159e8415bc1f00	No effect.	효과가 없었다
STAT:30	0704DA		dbc7ea9e024d028eab070189027313841100	No room for {7:01}!	{7:01}:주머니가 가득 차서 못 줍는다
STAT:31	0704EC		0f0f0f07019c02078e991f00	{7:01} stolen.	{7:01},도둑맞았다
STAT:32	0704F8		0f0f0f01e6010c1b821198c0c1d2e0890153138e1d9d00	Cannot use it.	장비한 아이템은 쓸 수 없습니다
STAT:33	0704F8	STAT:32	0f0f0f01e6010c1b821198c0c1d2e0890153138e1d9d00	Cannot use it.	장비한 아이템은 쓸 수 없습니다
STAT:34	07050F		0701884c569e070085109ebc1f00	{7:01} Lv is {7:00}!	{7:01} LV 업!현재 LV{7:00}
STAT:35	07051D		0701884c569e0700851a9ebc1f00	{7:01} Lv is {7:00}!	{7:01} LV 다운!현재 LV{7:00}
STAT:36	07052B		0701884c569e07008584bc1f00	{7:01} Lv is {7:00}!	{7:01} LV 변화!현재 LV{7:00}
STAT:37	070538		040407010400884c569e070085109ebc1f00	<04>{7:01} Lv is {7:00}!	<04>{7:01}<00> LV 업!현재 LV{7:00}
STAT:38	070538	STAT:37	040407010400884c569e070085109ebc1f00		<04>{7:01}<00> LV 업!현재 LV{7:00}
STAT:39	07054A		040407010400884c569e0700851a9ebc1f00	<04>{7:01} Lv is {7:00}!	<04>{7:01}<00> LV 다운!현재 LV{7:00}
STAT:40	07055C		0f0f0f0f0fdbc7ea8801fb9e11bcb211ab1c00	Bag is full.	주머니 안이 가득 찼습니다
STAT:41	07056F		0f0f0f0f0f0f128e17011718841784bc1f00	Hard to walk right.	제대로 걸을 수 없게 됐다
STAT:42	070581		0f0f0f0f0f0fd0c5e69eab841784bc1f00	Power was lost.	힘이 나지 않게 됐다
STAT:43	070592		0f0f0f011711829248509e017d01321b841784bc1f00	No HP from walking.	걸어도 HP가 회복되지 않게 됐다
STAT:44	0705A8		01e6010c1b82111fd1e1890fd4f788011dab17a81880bc1f2100	Your Talons shatter!	장비한 발톱이 수수께끼의 힘으로 부서졌다!
STAT:45	0705C2		0f0f0f0f0f01e6010c9e89a599821b8ebc1f00	Removed equipment.	장비가 벗겨져 버렸다
STAT:46	0705D5		0f0f0f0f0f0f0f0265025b9e01e3017d01321b1f00	Energy maxed!	기운이 완전히 회복됐다
STAT:47	0705EA		0f0f0f0f0f0f0f48509e01e3017d01321b1f00	HP maxed!	HP가 완전히 회복됐다
STAT:48	0705FD		0f0f0f0f0f01e6010c0220884c569e1a9ebc1f00	Equip level drops!	장비품의 LV가 내려갔다
STAT:49	070611		0f0f0f0f0f0f011501169cc4c1e8ab023511a800	Oil stopped it!	공격을 오일로 막았다
