id	off	dup	jp	en	kr
MSG:0:0	00026E		0402cd3bff04001b8e1c153f0c00	<02>Save<00>?¶	<02>세이브<00>할까요?¶
MSG:0:1	00027C		0402cd3bff040001fbab1c0a0402e1e2e73bc53bfc04009c0a0292158411ab17a81a110c00	<02>Saving<00>...\nDo not touch the\n<02>Memory Card<00>¶	<02>세이브<00> 중입니다\n<02>메모리 카드<00>를\n빼지 마세요¶
MSG:0:2	0002A1		01c501b3015f0f0706efe80c00	GP{7:06}Gil¶	소지금 {7:06}길¶
MSG:0:3	0002AE		0f0402cd3bff0400850271028d1b8e1b1f00	<02>Save<00> failed.	 <02>세이브<00>에 실패했습니다
MSG:0:4	0002C0		0402e1e2e73bc53bfc04009e0a1a1abc82118e1d9d00	There is no\n<02>Memory\nCard<00>.	<02>메모리 카드<00>가\n꽂혀 있지 않습니다
MSG:0:5	0002D6		0f890f110a0f11111300	Yes\nNo	 예\n 아니오
MSG:0:6	0002E0		ac8802af8c019f978e1c153f0c00	Floor?¶	몇 층으로 내려갈까요?¶
MSG:0:7	0002EE		d3e6277da885bf3c9d070000	A trap!{7:00}	함정이지롱~{7:00}
MSG:0:8	0002FA		0f0f0f158eac0f0f0f0c00	Furnace¶	   용광로   ¶
MSG:0:9	000305		e7cac1c7e85f27c7cc0c00	Recycle¶	리사이클 박스¶
MSG:0:10	000310		118080800a199dac89849da83c00	Whooa<\n{D}What\nhappened?	아야야야\n이번엔 또 뭐야~
MSG:0:11	00031E		849da82c01c201768801e215950d0a9d3f0a01c201768801e2a8bc823f00	Wah!{D}\nIn front\nof the inn?{D}\nWhy?	뭐야,여관 앞이잖아{D}\n응?\n여관 앞이라고?
MSG:0:12	00033C		8eb72ca88e1a99808ebc1f929d890a1bbf129e84111500	Nothing we\ncan do about{D}\nbeing\ntricked.	뭐,속아 넘어간 건\n어쩔 수 없지
MSG:0:13	000353		ac12939610880217ebe6023301ae880ad05dc95f9e1988f8edf45ded880ad6cb961b118400	The straw\nhat chocobo\nseems to be{D}\nthe keeper\nof the\ndungeon.	아무래도 저 밀짚모자 쓴\n초코보가 이 던전의\n주인인 것 같아
MSG:0:14	000378		1e9d84191fb719881a110aac12ab92111100	We best\nmove on.	그런 건 이제 와서\n아무래도 좋아
MSG:0:15	00038A		9512892c1088f8edf45ded880a01fb8589e9c084c0c1d2e09e0aacbc80bd97109815921b999d0abc821983a89500	The main\nthing is,\nthere is\nprobably{D}\ntreasure\ninside that\ndungeon...	요컨대,저 던전\n안에는 레어 아이템이\n잔뜩 있을지도 모른다\n이거지
MSG:0:16	0003B8		1e99a4bd2cc4e98901c0911e12840a83199a9c01f81b82179815961a0d0a04040b040089f8edf45ded850a019f978211178885021e02408401e6010c0a9c01dc139a950d0a1e99a4bdb78700	Anyway,\nwhile I\nfind us a{D}\nplace to\nstay,you\nshould{D}\nprepare to\nexplore,\n<04>{B}<00>!	그럼,난 살 만한 곳을\n찾아볼 테니까{D}\n<04>{B}<00>,넌 던전에\n내려갈 준비를 해 둬{D}\n그럼 나중에 봐
MSG:0:17	000404		93b70a1196bc1bbd1100	Hello,\nthere!	여어\n어서 와
MSG:0:18	00040E		026e027c01768c9512191e0a84859c026e027c1b8e1bbf1200	Welcome\nto my{D}\nForge.\nWant to\nfuse?	합성소에 잘 왔어\n뭘 합성할까?
MSG:0:19	000427		018fa8873f0d0a1abc16881ca2170a0265025b84e23bf0e7880a02a20282bc82888900	You\nfriends\nwith{D}\nthe hypermoogle\nfrom{D}\nbefore?	너구나?{D}\n아까 그 엄청\n활기찬 모그리의\n친구라는 게
MSG:0:20	00044A		0265025b84e23bf0e784960a01ef01fe8802528c019ebc1f950d0a102c1e121e120d0a1e881280022e9bbc1f0a01c802159c1c9815960d0a1e888316850a0241821799958400	That\nenergetic{D}\nmoogle\nwent to{D}\nsee the\nmayor.{D}\nMy shop\nopens soon{D}so please\ncome by{D}\nthen!	활기찬 모그리라면\n촌장님 댁에 갔어{D}\n아,맞다 맞다{D}\n조만간 색다른\n장사를 시작할 테니까{D}\n그때\n와 줘
MSG:0:21	000490		01ef01fe88025215113f0d0a5fc78819880252881ca00a01a5880252a8950d0a1e19880404db2627c704001a9d9e0a198801ef8801ef01fe1a00	The mayor?{D}\nGo left\nfrom here!{D}\nThe villagemayor,{D}\n<04>Fawkes<00>\nis there.	촌장님 댁 말이야?{D}\n우리 집 바로\n왼쪽 집이야{D}\n거기 <04>포크<00> 씨가\n이 마을 촌장이지
MSG:0:22	0004CA		8ea81988025902549e0a020a1584119da800	My\nmachine{D}\nis not\nrunning.	아직 이 기계가\n안 움직여
MSG:0:23	0004DC		1988025902541ca0850acafe821b8e129da80d0a8485151111c0c1d2e09e0a84111584b700	My machine\nis rusty.{D}\nIf there\nwas an{D}\nitem to\nhelp...	이 기계는 금방\n녹이 슬어 버려{D}\n뭔가 좋은 아이템\n없으려나
MSG:0:24	000501		101010102c100a1e1e2c1e88c53bfc890a84842c849da8113f00	Ahhhh,\nthat!{D}\nThat\ncard! Whatis that?	아아아아,아\n그그,그 카드는\n뭐,뭐야?
MSG:0:25	00051B		024c12950a1999a4bd841100	Not\nthis.	아니야\n이게 아니야
MSG:0:26	000527		1414210a1999892100	Ah,\nthis!	오오!\n이건!
MSG:0:27	000530		93bcb2971e12a80a1999a82100	This\nwill{D}\ndo it!	역시 그렇군\n이거야!
MSG:0:28	00053D		018f210a1ca2119519992100	You!\nAmazing!	너!\n이거 굉장해!
MSG:0:29	000549		10bc210af2e1ed00	Ah!	앗!\n미안
MSG:0:30	000551		c53bfc2c15bc82850a0153bc80bdbc1f9500	Sorry!{D}\nI ended\nup{D}\nusing thecard.	카드,멋대로\n써 버렸어
MSG:0:31	000563		ab922c025902549e020a111f15960a03401b821799958400	But now,\nit runs!{D}\nForgive\nme!	그래도 기계가 움직였으니\n용서해 줘
MSG:0:32	00057B		1e88159b97850a31017da818ca3bfecc1c98159600	As an\napology{D}\nuse it\nonce,free.	그 대신\n1번은 공짜로 해 줄게
MSG:0:33	000590		102c19880259025488031a012a9c0a1b828415bc1f958400	Ah,I\nnever{D}\nexplained\nit...	아,이 기계 설명을\n안 했지
MSG:0:34	0005A8		1e122c198802590254191e9e0ac7eb83c7eb9c01a4a6820a02b51b11c7eb851c9802590254a800	This\nmachine can\nfuse{D}\ntogether\ntwo of\nyour tools.	그래,이 기계야말로\n도구와 도구를 섞어서\n새 도구로 만드는 기계야
MSG:0:35	0005CF		133f0a95179b159684113f00	Eh?\nTell you{D}\nmore?	응?\n잘 모르겠다고?
MSG:0:36	0005DB		133c832c0339035f8502661283a88400	How to say...	음~ 간단히 말하자면
MSG:0:37	0005EB		1e88018f8801b3bc821198d1e10a1e122cd1e19c328111991f960a02b51b11d1e18501de8e99022e9b9800	Those\nTalons you\nhold. Put{D}\ntwo of\nthem in to\ncreate a{D}\nnew one.	네가 가진 그 발톱\n그래,발톱을 2개 넣으면\n새 발톱으로 다시 태어나지
MSG:0:38	000616		1e88018f8801b3bc821198c7e60a1e122cc7e69c328111991f960a02b51b11c7e68501de8e99022e9b9800	Those\nSaddles you\nhold. Put{D}\ntwo of\nthem in to\ncreate a{D}\nnew one.	네가 가진 그 안장\n그래,안장을 2개 넣으면\n새 안장으로 다시 태어나지
MSG:0:39	000641		01e6010cab169892889c328111991f960a02b51b11e2d88501de8e99022e9b989da800	Put two\nequippable{D}\nitems in to\nmake a new\none.	장비품을 2개 넣으면\n새 물건으로 다시 태어나지
MSG:0:40	000664		3d3dd1e13f0a018f2c1e88d1e189ac19ab0a01ba850210991f9da83f00	...\nTalons?\nWhere did{D}\nyou find\nthose\nTalons?	…발톱?\n너,그 발톱은 어디서\n손에 넣은 거야?
MSG:0:41	000681		3d3dc7e63f0a018f2c1e88c7e689ac19ab0a01ba850210991f9da83f00	...\nSaddle?\nWhere did{D}\nyou find\nthose\nTalons?	…안장?\n너,그 안장은 어디서\n손에 넣은 거야?
MSG:0:42	00069E		1e121113ad2c018f0a1e99892c849da8113f0aac19ab01ba850210991f9da83f00	Speaking\nof which\nwhat is{D}\nthat? Where\nis it\nfrom?	그러고 보니,너\n그건 뭐야?\n어디서 손에 넣었어?
MSG:0:43	0006BF		1e9989dadfd13f00	Secret?	그건 비밀?
MSG:0:44	0006C7		025b858498a4bd8411150a025f138217999500	Curious!\nTell me!	궁금하잖아\n알려 줘
MSG:0:45	0006DA		f8e13f00	No?	안 돼?
MSG:0:46	0006DE		123c9d0a025b858498a73c00	Hm...{D}\nHow\nodd.	으음~\n궁금하다~
MSG:0:47	0006EA		849da8bc823f0af8edf45deda8bc823f00	What?\nA dungeon?	뭐라고?\n던전이라고?
MSG:0:48	0006FB		123c9d0a0404c5dfe67b7b04001a9d92027b0364a818ac0af8edf45ded92025b85849884b700	I worry for\n<04>Camillas Dad<00>\nbut also{D}\nthe dungeon\n...	으음~\n<04>카미라 아빠<00>도 걱정이지만\n던전도 궁금하네
MSG:0:49	000721		31017dca3bfecc1c98bc820a036f035ba8bc1f8700	You were\npromised{D}\none free\ntry.	1번 공짜로 해 주기로\n약속했었지
MSG:0:50	000736		1988070081ab111115113f0f0c00	{7:00}	이거 {7:00}개면 될까?¶
MSG:0:51	000744		0700efe80a021e0240a818ac111115843f0f0f0c00	{7:00}	{7:00}길\n필요한데 괜찮겠어?¶
MSG:0:52	000759		01a802c92c8e1001fd01ae9e024a119da80a1088c53bfc88019a1601289e0a841784bc82161f8815843f00	Lately it\nhas not\nworked.{D}\nPerhaps the\nCard has\nworn off?	요즘 또 상태가 안 좋아\n그 카드의 효과가\n다 떨어졌나?
MSG:0:53	000784		1ab72cac9dac9d0241821799950a92bc8314015f9c02e691820d0a0404cad5c004009c19198c01979dab0a11bc1bbf850369961c9da800	You keep\ncoming{D}\nback! After\nsaving more{D}\nmoney,I\nwill ask{D}\n<04>Sania<00> to\nlive here.	자,계속 찾아와 줘\n돈을 더 모아서{D}\n<04>사니아<00>를 여기로 불러\n함께 살 거야
MSG:0:54	0007BB		93bc832c0404cad5c004009e02418217991f950a19991596922c1988140287ab0a026e027c1b8217999500	<04>Sania<00> is\nfinally here!\nKeep fusing{D}\nhere from\nnow on!	드디어 <04>사니아<00>가 와 줬어\n앞으로도 이 가게에서\n합성해 줘
MSG:0:55	0007E6		89a4918e1b820a0404cad5c004008311118e1c00	Hello!{D}\nI am\n<04>Sania<00>.	처음 뵙겠습니다\n<04>사니아<00>라고 해요
MSG:0:56	0007FA		1181920404e6ccc704009e0a141d9b8584bc828e1c00	<04>Rask<00> is\nalways{D}\nhelping\nme.	늘 <04>라스크<00>가\n신세 지고 있어요
MSG:0:57	000810		9b1f1b929e9dad978e1c15960a10841f922c9e9dadbc8217a81a118700	I am doing\nmy best,so{D}\nyou do the\nsame!	저도 열심히 할 테니\n당신도 힘내세요
MSG:0:58	00082D		ac121c983f0a328188026e027c15113f0a1e9983922c338115113f0c00	So,want\nto fuse 2?\nOr 3?¶	어떻게 할래?\n2개 합성?\n아니면 3개?¶
MSG:0:59	00084A		3281880a3381880a939182141700	2\n3\nQuit	2개\n3개\n그만둔다
MSG:0:60	000858		14933f0a1e88c53bfc89849da83f0a80bfbc83015c1d8217999500	Oh? What\nis that\ncard?{D}\nCould I\nsee?	어라?\n그 카드는 뭐야?\n잠깐 보여 줘
MSG:0:61	000873		192c1999892100	What?	이,이건!
MSG:0:62	00087A		10210ff2e1ed0a8e1f93bc1f9500	Sorry!\nI did{D}\nit\nagain!	앗!미안\n또 저질렀어
MSG:0:63	000888		19999c10a19815960a03401b8217999500	Please\nforgive{D}\nme.\nHere.	이걸 줄 테니까\n용서해 줘
MSG:0:64	000899		81110154bc1f9da818ac0a1faf9d015313988301af1200	This was\nmade.{D}\nYou can\nuse it.	그냥 만들어 본 건데\n아마 쓸 만할 거야
MSG:0:65	0008B0		1faf9dc0c1d2e09c31810a01fa035788ac19158c010d9dab1799980d0a02a60202ab892c018f8802528c0a036dbc8217989500	This item\ncan return{D}\nan item to\nyour home.	아마 아이템을 1개\n지상 어딘가로 옮겨 줄 거야{D}\n예정대로라면 너희 집으로\n돌아올 거야
MSG:0:66	0008E3		ac121b1f3f0a8e1fd2e97f5f27c7cc9e119888153f00	What is\nit? Another{D}\nTeleport Box?	무슨 일이야?\n또 텔레포 박스가 필요해?
MSG:0:67	0008F9		89112c1999ab111100	Yes,\nhello.	자,이거면 됐어
MSG:0:68	000902		01b7892c025902549c0a7beb3bc0277d1b1f9da800	I powered\nthe{D}\nmachine.	실은,기계를\n파워업했어
MSG:0:69	000917		026e027c1c988316852ccfd79301b79c0a11bc1bbf8501a4a69819839eab16989da800	When fusing\nyou can also{D}\nadd a seed or\nnut.	합성할 때 씨앗이나 열매를\n같이 섞을 수 있게 됐어
MSG:0:70	00093A		0404c2c1f504009e0adaedd39c17991f9da800	<04>Wiz<00> gave\na hint.	<04>위즈<00>가\n힌트를 줬거든
MSG:0:71	00094D		026e027c1c9883168511bc1bbf8502109998830ad1e193c7e6882c0211011d9c026e01f3ab16980acfd79e1098961b1100	When fusing\nthere is a\nseed to{D}\ncombine abilitiesof Talons and\nSaddles.	합성할 때 같이 넣으면\n발톱이나 안장의 능력을\n합칠 수 있는 씨앗이\n있다나 봐
MSG:0:72	00097E		92bc83920211011d8932811b150a026e027cab16841118ac8400	At most\nup to 2{D}\nabilities\ncan fuse.	다만 능력은 2개까지만\n합성할 수 있지만
MSG:0:73	000998		015c81181f888496849dab920a1f911b828f989da88400	If you\nfind it,{D}\ntry it\nwith many{D}\nthings.	찾으면 뭐든지\n시험해 보라고
MSG:0:74	0009AF		01b78992121ca00252035c9e0a0280131e12848800	Seems my\nfamily{D}\nwill\ngrow soon.	실은 곧 가족이\n늘 것 같아요
MSG:0:75	0009C4		1bad9617af97870a01ae0341bc821ca08501f616178498889500	The children\nwill soon be{D}\nall grown\nup.	오랜만이에요\n아이들은 금방 자라네요
MSG:0:76	0009DE		0404c5c6c00400210d0a19bc808c0241820aa210111a811b841a1100	<04>Kakia<00>!{D}\nCome\nintroduce{D}\nyourself!	<04>카키아<00>!{D}\n이리 와서\n인사드리렴
MSG:0:77	0009FA		192c199d85808900	H...{D}\nhello.	아,안녕하세요
MSG:0:78	000A02		b0ba3c00	...	메롱~
MSG:0:79	000A06		1996210a0404c5c6c004008e80841a112100	Hey!{D}\n<04>Kakia<00>,\nwait!	요 녀석!\n<04>카키아<00>,거기 서!
MSG:0:80	000A18		923c210aa8998503511f88151b9600	Hmph!\nHe takes\nafter...	정말~!\n누굴 닮았담
MSG:0:81	000A27		c4e9153d3d00	Me...	나인가…
MSG:0:82	000A2D		01ae033282bc821f118c9d950aab921f881b119b00	It is\nhard,but{D}\nfun to\nraise{D}\nkids.	아이 키우기는 힘들어요\n그래도 즐거워요
MSG:0:83	000A42		8f9d84027715bc1f18ac0af8edf45ded89030fbc1f8400	Everyone\nis safe.{D}\nThe\ndungeon{D}\nstayed.	모두 무사했지만\n던전은 남았네
MSG:0:84	000A59		f8edf45ded9e109815960a1402879e01ed189699989da800	My store\nstays open{D}\nusing the\ndungeon.	던전이 있으니까\n가게를 계속할 수 있어
MSG:0:85	000A71		8f9d84023901b1ab0a9515bc1f9b00	Glad\nevery{D}\none\nis OK.	모두 무사해서\n다행이에요
MSG:0:86	000A80		f8edf45ded9e841784968417820a9515bc1f88152c9b9815bc1f88150d0a9b1f1b85892c9b159684119b00	I am not\nsure if it{D}\nis good or\nbad that the{D}\ndungeon\nstayed.	던전이 사라지지 않은 게\n잘된 건지,잘못된 건지{D}\n저는 모르겠어요
MSG:0:87	000AAB		f8edf45dedbc8284853f00	What is{D}\na dungeon?{D}\nIs it	던전이 뭐야?
MSG:0:88	000AB6		14921b9a11883f0c00	...cool?¶	재밌어?¶
MSG:0:89	000ABF		a4bd105fc7920a8911bc828f9500	I will\ntry to{D}\ngo in\ntoo!	그럼 나도\n들어가 볼래
MSG:0:90	000ACD		849da80a818e9d84118800	Oh!{D}\nIs it\nboring?	뭐야\n시시해
MSG:0:91	000AD8		3d3d3d3d00	...	……
MSG:0:92	000ADD		f8e1a8950a14015f92bc828416bd00	How{D}\nbad! I\nneed{D}\nmoney!	안 돼\n돈이 없으면
MSG:0:93	000AEC		5fc7892c027f02670176880a0404c2c1f50400bc821112881a00	I am <04>Wiz<00>!{D}\nI run the\nstorage.	나는 창고지기\n<04>위즈<00>라고 해
MSG:0:94	000B06		c6df9e0f0f0f0f0f0f0a04040b0400a8873f00	Are you\n<04>{B}<00>?	혹시 네가\n<04>{B}<00>?
MSG:0:95	000B19		1abc16e23bf0e7880a0404c0d3e604009e161f9500	A moogle,<04>Atla<00>,{D}\ncame by.	아까 모그리\n<04>아트라<00>가 왔었어
MSG:0:96	000B2E		1e881280851f171a9d0ac0c1d2e09c01b3bc820a179815960d0a027f02679c018e188311820a1799bc820266bc821f9500	He said\nsince he\nwill be{D}\nbringing\nitems\nsoon,he{D}\nwanted\nto rent a\nstoreroom.	조만간 아이템을\n잔뜩 가지고\n올 테니까{D}\n창고를 비워 달라고\n하더라고
MSG:0:97	000B5F		921b151b820af8edf45dedab920a015c81181f8815843f00	Maybe\nit is\nitems{D}\nfound in\ndungeons?	혹시\n던전이라도\n찾은 걸까?
MSG:0:98	000B77		14015f9e1f8ebc1f960a8e1f1411ab9500	You need\nmoney!	돈이 모이면\n또 와
MSG:0:99	000B88		1e121e122c5fc7890a027f0267017684881a0d0aac12a8112c027f02679c0a1597828f841115113f00	Right. I\nmanage{D}\nthe store-house.{D}\nNeed some\nstorage?	그래그래,나는\n창고지기야{D}\n어때,창고를\n빌려 보지 않을래?
MSG:0:100	000BB1		318188027f0267852c3130c90ac0c1d2e09e021098881a00	One\nstoreroom{D}\nholds 10\nitems.	창고 1개에 아이템이\n10개 들어가
MSG:0:101	000BC9		ac12a8112c027f026731810a0700efe81a0a15979815113f0c00	Rent one?\n{7:00}	어때,창고 1개\n{7:00}길이야\n빌릴래?¶
MSG:0:102	000BE3		021e02408584bc1f960a168217991f9611111a00	I will\nbe here{D}\nif you\nneed me.	필요해지면\n오면 돼
MSG:0:103	000BF7		8e11ac10973c00	Thanks!	매번 고마워~
MSG:0:104	000BFE		02f918980a02729701c41c0a93919800	Give\nTake\nEnd	맡긴다\n꺼낸다\n그만둔다
MSG:0:105	000C0E		0fc2c1f588027f02670f0c00	Storage¶	 위즈의 창고 ¶
MSG:0:106	000C1A		9212dbc7ea9e11bcb211a89500	Your bag is\nalready full.	이제 주머니가 가득 찼어
MSG:0:107	000C27		108e9790971b8411ab0a94bc17979399ad11111a00	Working\ntoo hard{D}\nis bad.\nRelax\nsome!	너무 무리하지 말고\n천천히 하면 돼
MSG:0:108	000C3C		fce8018f9e198801ef8802b51b1101c00149850a84bc1f881a00	<04>Chip<00> is new\nto living in{D}\nthe village.	도르가 이 마을의\n새 주민이 됐어
MSG:0:109	000C56		159b111101c001499e8b13820a12991b11159f971a00	Glad to\nsee more{D}\ncute new\nresidents!	귀여운 주민이 늘어서\n기쁘기 그지없어
MSG:0:110	000C6C		1e99851b82920404c5dfe67b7b0400890aa811a4bf12af848815b700	I really\nhope that{D}\n<04>Camillas Dad<00>\nis OK.	그나저나 <04>카미라 아빠<00>는\n괜찮은 걸까
MSG:0:111	000C88		0404c5dfe67b7b04009e0a027715bc1f8301afbc1f88850d0a199dac892c0404c0d3e604001500	Just after\n<04>Camillas{D}\nDad<00> was\nsaved,now{D}\n<04>Atla<00>...	<04>카미라 아빠<00>가\n살았다 싶었더니{D}\n이번엔 <04>아트라<00>인가
MSG:0:112	000CAF		102c1e9989029101d013a8870a029101d013932c140336881983890a0404c5dfe604009e179b1b11881a00	Ah,your\nPlant.\n<04>Camilla<00>{D}\nknows\nabout\nplant pots{D}\nand flowers.	아,그건 화분이구나\n화분이나 꽃에 대해선\n<04>카미라<00>가 잘 알아
MSG:0:113	000CDA		0404dfe804001a9d892c0404fce80400018f830a11bc1bbf8517961c9da8bc821a00	<04>Mill<00> is\nliving with{D}\n<04>Chip<00>!	<04>미르<00> 씨는 <04>도르<00> 군과\n함께 산대
MSG:0:114	000CFC		0404fce80400018f922c12991b1e12a89500	<04>Chip<00> seems{D}\nhappy!	<04>도르<00> 군도 기뻐 보여
MSG:0:115	000D0E		0404fce80400018f832c0404dfe804001a9d850a01ae03419e01de8e991f881a0d0a1e9992360297921a00	<04>Mill<00> and\n<04>Chip<00> had{D}\nbabies!{D}\n6 of\nthem!	<04>도르<00> 군과 <04>미르<00> 씨에게\n아이가 태어났어{D}\n그것도 6마리나
MSG:0:116	000D39		1e99851b82920404c0d3e60400890aa811a4bf12af848815b700	I hope\n<04>Atla<00>{D}\nis all\nright.	그나저나 <04>아트라<00>는\n괜찮은 걸까
MSG:0:117	000D53		123c9d0a8e1ff8edf45ded9eab1f9500	Now,\nanother{D}\ndungeon is\nmade.	으음~\n또 던전이 나타났어
MSG:0:118	000D63		ac129396027297034a8e991f88890a029088c5c5cb961b11881a00	This time\na farm{D}\nscarecrow\nwas taken.	아무래도 사로잡힌 건\n밭의 허수아비인가 봐
MSG:0:119	000D7E		318188027b15969b16ab1f0a02fa036aa4bd8411159200	Not just\nthe{D}\ndesire of\none heart.	마음 하나에서 솟아난\n욕망이 아닐지도 몰라
MSG:0:120	000D95		1f171a9d8801c91a8402fa036a9e0a02758ebc82989512840ac1e13bf484881a00	Rather\nit seems\nmany{D}\nsmall\ndesires\ntogether.	수많은 작은 욕망이\n모여 있는 듯한\n느낌이야
MSG:0:121	000DB6		849d8384179b15bc1f881a0d0a1088f8edf45ded890ac5c5cb9c02e91b8202889bbc1f0d0a01ef888f9d8488027b84881a00	Somehow I\nsee. The{D}\nscarecrow\nis a vessel{D}\nfor the\ndungeon to{D}\ntransmit\nour desires.	어쩐지 알 것 같아{D}\n저 던전은\n허수아비를 통해 전해진{D}\n마을 모두의 마음이야
MSG:0:122	000DE8		1e122cf8edf45ded9e0a10bc1f8d129e01ef9e0a01f6161784981b0d0a02e40165920280139815968700	While\na dungeon\nexists,{D}\nthe\ntown grows{D}\nand more\nfriends\narrive.	그래,던전이\n있는 편이 마을이\n커지고{D}\n동료도 늘어나니까
MSG:0:123	000E12		123c9d0a849da8152c02d3014802d8850aa88e1a998211989512843d3d00	It seems\nthe Tyrian\nCrystal is{D}\ndeceiving\nthem.	으음~\n어쩐지 자수정에\n속고 있는 것 같은데…
MSG:0:124	000E30		1196bc1bbd1100	Hello.	어서 오세요
MSG:0:125	000E37		10962c111102a1aa93880ad05dc95fa8198300	Oh,a\nchocobo!{D}\nWhat fine\nfeathers!	어머,깃털이 참 고운\n초코보네요
MSG:0:126	000E4A		dede210a7b7b2cac1985920a1184119b9500	Mom!\nDad is\nmissing!	엄마!\n아빠가 어디에도\n없어
MSG:0:127	000E5C		10963c0aac198c11bc1f880a151b963f00	Oh,wherecould\nhe be?	어머~\n어디 가셨을까?
MSG:0:128	000E6D		029085920a118415bc1f8800	He was\nnot in{D}\nthe\nfield!	밭에도\n없었어
MSG:0:129	000E79		10962c1e121113ad0a10841f7b7b9c015c8e0a1d9dab1b1f3f00	How aboutyou?{D}\nHave you\nseen him?	어머,그러고 보니\n혹시 아이 아빠를\n못 보셨나요?
MSG:0:130	000E93		dffce7880217ebe60a023301ae9c15afbc1f0ad05dc95f8488ab1c9e00	He is a\nchocobo\nwearing{D}\na green\nstraw\nhat.	초록색 밀짚\n모자를 쓴\n초코보인데요
MSG:0:131	000EB0		13210aac19ab015c1f883f00	Oh!\nWhere?	어!\n어디서 봤어?
MSG:0:132	000EBC		10963f0a01c20176ab1c153f0c00	Oh,the\ninn?¶	어머?\n여관이요?¶
MSG:0:133	000ECA		13210a01c2017684883f00	Oh!Theinn?	어!\n여관이라고?
MSG:0:134	000ED5		dede2c8485150a8c9da89b00	Some-\nthing{D}\nis\nfishy,{D}\nMom.	엄마,뭔가\n이상해
MSG:0:135	000EE1		8ea801539b99821184110a01c201768488853d3d00	The inn isnot in{D}\nbusiness\nyet.	아직 영업도 안 하는\n여관인데…
MSG:0:136	000EF6		1e1287ba2c0404c5dfe604000a80bfbc8302a891983f00	Can I\nask a{D}\nfavor,\n<04>Camilla<00>?	그래,<04>카미라<00>\n부탁 좀 해도 될까?
MSG:0:137	000F0D		0404db2627c704001a9d850a1402ac1b821411820a1799983f00	Can you\ntalk to\n<04>Fawkes<00>?	<04>포크<00> 씨께\n이야기 좀\n전해 줄래?
MSG:0:138	000F27		9b15bc1f9b210a019ebc8217989b8700	Got it!\n{D}I will\nbe back!	알았어!\n다녀올게
MSG:0:139	000F37		10960aa2919d841a11870d0a1dbc15170241820a111fa8111f888500	Oh,\nsorry.{D}\nAfter\nyou{D}\ncame all\nthis way.	어머\n미안해요{D}\n모처럼 와\n주셨는데
MSG:0:140	000F53		7b7bbc1f960aac121b1f88151b9600	My,where\nis my{D}\nhusband?	아이 아빠도 참\n어떻게 된 걸까
MSG:0:141	000F62		10960aa2919d841a11870d0a14028788012302ad0a1b8284118800	Oh,sorry.Nothing{D}\nis for\nsale.	어머\n미안해요{D}\n가게 준비를\n못 했어요
MSG:0:142	000F7D		7b7b9e118411830a02159892889e84118800	Papa is\ngone and{D}\nwe have\nnothing{D}\nto sell\neither.	남편이 없으면\n팔 물건이 없어요
MSG:0:143	000F8F		10962c10841f0a84859c92bc8298883f00	Oh,what\nis this?	어머,당신\n뭘 가지고 있어요?
MSG:0:144	000FA0		10962c199911119b9500	How nice.	어머,이거 좋네요
MSG:0:145	000FAA		ac19159601b3bc82161f88150a014096841118ac0a9b1f1b850215bc8217998e1d9d3f00	Not sure\nwhere\nyou bought{D}\nit from,but\nwill you{D}\nsell it?	어디서 가져왔는지\n모르겠지만\n저한테 팔지 않을래요?
MSG:0:146	000FCE		7b7b9e11841115960a02159702299e8417820a198ebc821f8800	We have\nno wares\nwith my{D}\nhusband\ngone.	남편이 없어서\n팔 물건이 없어\n곤란했거든요
MSG:0:147	000FE8		92bc832c119a119a8492889c0a01b3bc82168201781a118700	Please\nbring even{D}\nmore items\nfor us.	앞으로도 여러 가지\n가져와 주세요
MSG:0:148	001001		7b7b89ac198c0a11bc1f88151b963f00	Oh,where\ncould he{D}\nhave\ngone?	아이 아빠는 어디\n간 걸까?
MSG:0:149	001011		8ebc1f177b7bbc1f960aac198c11bc1f88151b960d0a92122c14028785a81c92889e0a841784bc1f888500	Geez,Dad.{D}\nWhere in\nthe world{D}\ndid you\ngo to?{D}\nWe have no\ninventory...	정말 이이도 참\n어디 간 걸까{D}\n이제 가게에 낼 물건도\n다 떨어졌는데
MSG:0:150	00103C		10841f9e2c119a119a8492889c0a92bc82168217999815960a14028792128e1711bc8211989b00	Because you\nhave brought\nmany things{D}\nback,the\nshop is\ndoing well.	당신이 이것저것\n가져다준 덕분에\n가게도 잘되고 있어요
MSG:0:151	001063		0404db2627c704001a9d15960a0324168e1b1f00	<04>Fawkes<00>\ntold me.	<04>포크<00> 씨한테\n들었어요
MSG:0:152	001077		10841f9e01b3bc8217980ac0c1d2e0890d0af8edf45ded159601b3bc820a025abc82161f9288ab0d0a1e88f8edf45ded9c0154bc1f889e0a7b7ba8bc8200	The items you\nbrought were{D}\nfrom the\ndungeon my{D}\nhusband built.	당신이 가져오는\n아이템은{D}\n던전에서 가지고\n돌아온 거고{D}\n그 던전을 만든 게\n남편이라고요
MSG:0:153	0010B5		14033a11ab1c0a9b1f1b1f80887b7b9c0d0a7b7b9c0277188201781a1100	Please,my\nhusband!{D}\n...Please\nsave him!	부탁이에요\n우리 남편을{D}\n남편을 구해 주세요
MSG:0:154	0010D3		3d3d3d3d0a7b7b9c0277188210a1822100	...Save my\nPapa!	……\n아빠를 구해 줘!
MSG:0:155	0010E4		109d84851483841b17820a14a89315847b7b9e3d3d00	My calm,\nmature{D}\npapa...	그렇게 얌전하고\n온화한 아빠가…
MSG:0:156	0010FA		034f892c1403368819831b159b1596841118ac0a848515036e851f829819839e1099ad3d3d00	I really only\nknow about{D}\nflowers. If you\nthink I can{D}\nhelp...	난 꽃밖에 모르지만\n뭔가 도울 일이 있다면…
MSG:0:157	001120		14033a119500	...	부탁해
MSG:0:158	001126		10979e8312870a10841f881415a19500	It is all\nthanks to{D}\nyou!	고마워요\n당신 덕분이에요
MSG:0:159	001136		93bc837b7b92017d01321b82161f9b00	My husband{D}\nis healing.	드디어 남편도 회복됐어요
MSG:0:160	001146		10960a7b7b849602908c01c415181f9b9500	He left\nfor the{D}\nfields.	어머\n남편이라면 밭에 나갔어요
MSG:0:161	001158		0404c0d3e6040080bd9d0aac1284bc80bd1288151b963d3d00	But what\nhappened to{D}\n<04>Atla<00>?	<04>아트라<00>는\n어떻게 되는 걸까…
MSG:0:162	001171		7b7b9c3d3d3d0a10979e831200	Thank\nyou...\nfor my\ndad...	아빠를…\n고마워
MSG:0:163	00117E		9b1f1b85928485150a1401ba0288111a1d8200	Please,\nlet me{D}\nhelp\nsomehow.	나도 뭔가\n돕게 해 줘
MSG:0:164	001191		159bbc1f02918700	Odd{D}\nPlant!	특이한 화분이네
MSG:0:165	001199		f8edf45ded8801fbab0a015c81181f88ab1bbf3f00	Did you\nfind it{D}\nin the\ndungeon?	던전 안에서\n찾은 거지?
MSG:0:166	0011AE		cfd7152c01b79c92bc8284113f0a1e9985023e13980127922c92bc8284113f00	Do you have\nSeeds,Nuts{D}\nor Tonics to\nuse on it?	씨앗이나 열매 없어?\n거기 줄 약도 없어?
MSG:0:167	0011CE		cfd7832c0127ab0a033282828f8e1bbf129500	Try\nusing a{D}\nSeed and\nTonic.	씨앗이랑 약으로\n키워 보자
MSG:0:168	0011E1		0291892c036302081f97880a111183199a8c02e311828300	Place the\nPlant in{D}\nthe\nsunlight.	화분은 햇볕이\n잘 드는 곳에 두고…
MSG:0:169	0011F9		84859c01d01398150190911f960a029101d0138c02109982870d0a019988919dac12899b1f1b9e0a015c82141715968700	Once you\nhave{D}\nchosen what\nto grow{D}\ninsert\nyour Plant.{D}\nLeave the\nrest to me.	뭘 심을지 정하면\n화분에 넣어 줘{D}\n그다음 돌보는 건 내가\n맡을게
MSG:0:170	00122A		8ea82c033789ab8284119b00	Not yet!	아직 싹이 안 났어
MSG:0:171	001236		03379e01c41f9b8700	It grew!	싹이 났네
MSG:0:172	00123F		1699118403368700	Pretty!	예쁜 꽃이네
MSG:0:173	001247		1999bc822cac9d8401b78488151b960a92122c01b3bc82019e17883f0c00	Take this\nnut?¶	이건 어떤 열매일까\n벌써 가져갈 거야?¶
MSG:0:174	001265		03541b82989b950a01b3bc82019e17883f0c00	Ripe!\nTake?¶	잘 익었어\n가져갈 거야?¶
MSG:0:175	001278		92122c027297850241841115960a171abc80bdbc1f9b9500	Darn. It\nrotted.	가지러 안 와서\n썩어 버렸어
MSG:0:176	001290		a2919d870a921202e31701cd01c59e84118800	Sorry\nthere is{D}\nno room.	미안\n더 둘 곳이 없어
MSG:0:177	0012A3		0f0f0f029101d0130f0f0f0c00	Plant¶	   화분    ¶
MSG:0:178	0012B0		ac999c01d01398883f0c00	Seed?¶	뭘 심을래?¶
MSG:0:179	0012BB		ac8801279c023e1398883f0c00	Tonic?¶	어떤 약을 줄래?¶
MSG:0:180	0012C8		1999ab0332829888873f0c00	Grow here?¶	이걸로 키우는 거지?¶
MSG:0:181	0012D4		9b15bc1f9b0a01f601b185033282989b8700	I see.\nI will{D}\ncare\nfor it.	알았어\n소중히 키울게
MSG:0:182	0012E6		dbc7ea9e11bcb211870a02f91882161f963f00	The bag\nis full.{D}\nStore\nitems?	주머니가 가득 찼네\n맡기고 오는 게 어때?
MSG:0:183	0012F9		10979e831200	...	고마워
MSG:0:184	0012FF		8ea82c01b5022a888415ab0a84859e1419bc1f88153d3d00	Still... I\nwonder{D}\nwhat came\nover me...	아직도 내 안에서\n무슨 일이 있었는지…
MSG:0:185	001317		c6c8ed84012885109b1d821b8ebc820a1c8e8415bc1f00	Sorry for\ncausing so{D}\nmuch danger.	위험한 일을 겪게 해서\n미안하네
MSG:0:186	00132E		018f02828502bd9c025f131f01990a02d3024988014802d89c8d97a81b1f9da800	I found a\npurple{D}\ncrystal after\nguiding you.	자네들에게 길을 알려 준 뒤\n보라색 수정을 캐냈다네
MSG:0:187	00134F		01b5022a8801fb852c01b5022aab84110179159e0a01b5022a8801fbab01f6161784bc8211bc1f00	Inside...\nSomething{D}\nthat was not\nme grew{D}\nbigger.	내 안에서,내가 아닌 무언가가\n점점 커져 갔지
MSG:0:188	001377		1e19159602dd892cc6df9e024d021b0a0140bc821198a89a1200	After that\nyou know{D}\nwhat\nhappened.	그다음은 자네가 제일\n잘 알겠지
MSG:0:189	001391		01b5022a88027b888415852c10889512840a027b9e10bc1f8389843d3d3d00	Something\nlike that was{D}\ndeep in my\nheart...	내 마음속에 그런\n마음이 있었다니…
MSG:0:190	0013B0		ac9d84027b85922c02b98303719e10980a1b151b2c03719e02b985849819839e0a10bc82898496841100	The heart\nhas light\nand dark.{D}\nThe most\nimportant\nthing is to{D}\nlighten\ndarkness.	어떤 마음에도 겉과 속이 있지\n하지만 속이 겉이 되는 일은\n있어서는 안 되네
MSG:0:191	0013DA		1b151b2c1088014802d889027b880a02b98303719c02109915139800	The\ncrystal made{D}\nlight\nbecome{D}\ndarkness.	하지만 그 수정은 마음의\n겉과 속을 뒤바꾼다네
MSG:0:192	0013F6		9517027715bc1f9288a80a1e1b822c1c8e841100	You did\nwell to{D}\nhelp. I\nam\nsorry.	용케 살아났군\n그리고,미안하네
MSG:0:193	00140A		018f8802a202829e2c027297034a8e99821b8ebc1f00	Now your\nfriend was{D}\npossessed.	자네 친구가 사로잡히고 말았네
MSG:0:194	001420		01f39e020a1795128584bc1f960a108802909c92bc8301fdb0828f98950d0a0179159b159815921b99841115968400	When I can\nmove,I will\nsearch the{D}\nfield more!\nMaybe I will\nfind something.	몸이 움직이게 되면\n그 밭을 더 조사해 보겠네{D}\n뭔가 알아낼지도 모르니
MSG:0:195	00144F		0404c0d3e6040080bd9d920a04047b7b040092023901b1a8bc1f9b8700	So <04>Atla<00>\nand my{D}\nhusband\nare OK...	<04>아트라<00>도\n<04>남편<00>도 무사했네요
MSG:0:196	00146C		ab922cf8edf45ded898ea80a10989b8700	But the\ndungeon{D}\nstill\nexists.	그래도 던전은 아직\n있네요
MSG:0:197	00147D		01a802c9892cf8edf45ded9e1098889e0a101f978e138501af1382161f9b00	Lately\ndungeons{D}\nexisting\nseems to be{D}\nthe norm.	요즘은 던전이 있는 게\n당연하게 느껴져요
MSG:0:198	00149C		1088f8edf45dedbc82ac121b820a101e1985109888151b96873f00	I wonder\nwhy that{D}\ndungeon is\nover there?	저 던전은 왜\n저기 있는 걸까요?
MSG:0:199	0014B7		0404c0d3e6040080bd9d920a023901b1ab9515bc1f9b8700	I am\nglad <04>Atla<00>{D}\nis OK\ntoo.	<04>아트라<00>도\n무사해서 다행이에요
MSG:0:200	0014CF		0249016d84033693cfd79e0a03328296998214921b9a119b00	Growing\nflowers and{D}\nseeds is\nso neat.	여러 꽃이랑 씨앗을\n키울 수 있어서 재밌어
MSG:0:201	0014E8		a8999211841784bc82841188850af8edf45ded9e109888bc820a022101af025c958700	Nobody is gonebut the\ndungeon is{D}\nstill there.\nMysterious.	아무도 사라지지 않았는데\n던전이 있다니\n신기해
MSG:0:202	00150B		95120a8415841511110252a89500	Man,nice\nhouse.	여어\n꽤 좋은 집이야
MSG:0:203	001519		a899922c01c201768801fb850af8edf45ded9e1098889c0a01409684119512a89500	We should\nensure\nnobody{D}\nelse finds\nthe inn\ndungeon!	아무도 여관 안에\n던전이 있다는 걸\n모르는 것 같아
MSG:0:204	00153B		849da8159b1596841118ac0a1111159da4a89500	No clue why.{D}I have a\ngood{D}\nfeeling.	뭔지 모르겠지만\n느낌이 좋아
MSG:0:205	00154F		a83c0a0283920140968411bc82198389840d0a14023089c4e91f8088e2d8bc820a1983a89500	The reason\nnobody has{D}\nheard of\nthe treasure{D}\nis because\nit is{D}\nwaiting for\nme to{D}\nclaim it!	에휴~\n아무도 모른다는 건{D}\n보물은 우리 차지라는\n거라고
MSG:0:206	001575		8d9d83853c0a9b15bc829d88153f00	Yeeep.{D}\nGet the\npicture?	정말~\n알아듣고 있는 거야?
MSG:0:207	001584		8ebc2c11111500	Bah.	뭐,됐어
MSG:0:208	00158B		19bc808504040b0400880a022501769c012302ad1b8214111f9500	Whatever.\nI had a{D}\nhome set\nup for you,{D}\n<04>{B}<00>!	여기에 <04>{B}<00>의\n방을 마련해 뒀어
MSG:0:209	0015A6		f8edf45ded1596025abc82161f960a1919ab2c025d908311119500	You can use\nit to rest{D}\nafter a\ndungeon.	던전에서 돌아오면\n여기서 쉬면 돼
MSG:0:210	0015C1		83971013a50a025d9dab14111f96ac12a800	Speaking\nof,need{D}\na break?	일단\n쉬어 두는 게 어때
MSG:0:211	0015D3		a4bd1001c201768801e2ab0a8ebc829815968400	I will\nwait{D}\noutside.	그럼 여관 앞에서\n기다릴게
MSG:0:212	0015E7		1e121e122c02e3118214161f110ac0c1d2e0898411153f00	Right.{D}\nNeed me to\nhold items?	맞다,맡겨 두고 싶은\n아이템은 없어?
MSG:0:213	0015FF		1988cfedcc8801fb850ac4e99e02f915bc8214179500	I can keep\nitems in{D}\nthis\ndresser.	이 옷장 안에\n내가 맡아 둘게
MSG:0:214	001615		ab922ccfedcc85890a3130c91b1502109684119500	But only\n10 items{D}\ncan fit\nin here.	하지만 옷장에는\n10개밖에 안 들어가
MSG:0:215	00162A		1f171a9d02e3118214178884960a027f026701768c02ac9c1b8214111f15960a1ebc808c02f918988311119500	If you have\nlots of\nitems,head{D}\nover to the\nstorehouse\nto store them.	많이 맡기려면\n창고지기한테 말해 뒀으니까\n거기 맡기면 돼
MSG:0:216	001657		8485152c02f915bc82141912153f0a1e9983922c01b3bc82019e178815113f00	Wanna deposit\nsomething?{D}\nOr perhaps\nwithdraw?	뭔가 맡아 둘까?\n아니면 가져갈 거야?
MSG:0:217	001677		02f9188214170a01b3bc82019e170a939182141700	Store\nTake\nQuit	맡긴다\n가져간다\n그만둔다
MSG:0:218	00168C		0fc0d3e688cfedcc0f0c00	Dresser¶	 아트라의 옷장 ¶
MSG:0:219	001697		cfedcc8801fb8911bcb211ab1c00	The dresser{D}\nis full.	옷장 안이 가득 찼습니다
MSG:0:220	0016A5		dbc7ea8801fb8911bcb211ab1c00	The bag{D}\nis full.	주머니 안이 가득 찼습니다
MSG:0:221	0016B3		14210a1415139700	Hey!	오!\n어서 와
MSG:0:222	0016BB		ac12a8110a84851510bc1f153f00	So then,\nanything{D}\nhappen?	어때\n뭔가 있었어?
MSG:0:223	0016C9		8b9d8b9d00	Hm!	흠흠
MSG:0:224	0016CE		02db1101bb850a01471101461500	Is\nthat?	빨간 구슬에\n파란 돌이라
MSG:0:225	0016DC		841584150a951a1e12a88400	Magic-\nite?{D}\nSeems\nnice.	꽤\n좋아 보이는데
MSG:0:226	0016E8		93bc83e9c0c0c1d2e0830a0197b09892888501c402be130a1e12a8958400	You have\nfinally\ncome{D}\nacross a\nrare item\ntreasure!	드디어 레어 아이템이라고\n부를 만한 걸 만날\n것 같아
MSG:0:227	001706		8b3c903d3d3d0a01a802d78502bebc1f8316890a0404c5dfe67b7b0400ab0d0a81160243831a991f831685890a0404f45bd5cf3b0400849da800	We met\n<04>Camillas\nDad<00> first.{D}\nBut it\nwas <04>Janita<00>\nat the inn{D}\ninstead.	흐음…\n처음 만났을 때는\n<04>카미라 아빠<00>였고{D}\n떠밀렸을 때는\n<04>자니타<00>였단 말이지
MSG:0:228	001740		8ebc210f111115210ac0c1d2e0119a119a10981b00	What! How isthat? So{D}\nmany items!	뭐!됐어!\n아이템이 잔뜩 있으니까
MSG:0:229	001755		01f6026a16840404c0d3e60400890a0606063d060606063d060606063d060606063d060606063d0a11841100	He is\ngone...{D}\nMy dear\nfriend{D}\n<04>Atla<00>...	사랑하는 <04>아트라<00>는\n{6:06}{6:3D}{6:06}{6:06}·{6:06}{6:06}·{6:06}{6:06}·{6:06}{6:06}·\n이제 없다
MSG:0:230	001781		3d06063d06063d06063d06063d06060d0af2e1ed210f0f00	.{6:06}.{6:06}.{6:06}.{6:06}.{D}\n	·{6:06}·{6:06}·{6:06}·{6:06}·{6:06}{D}\n미안!
MSG:0:231	001799		108e9785014802d89e0a169911a8bc1f15960d0a849da89a128301afbc1f960a9b189b159d841784bc82168200	Sorry! The\ncrystal was{D}\nso pretty,\nI wondered{D}\nwhat it\nwas. No{D}\nclue why.	수정이 너무\n예뻐서{D}\n뭘까 하고 생각했더니\n머리가 이상해져 버렸어
MSG:0:232	0017C6		1a822c10938ebc1f1b0d0a01b789027297034a8e9982988316850a1ca211c1e13bf49c015c1f9da800	That was a\nmistake. I{D}\nsaw an\nincredible{D}\nimage as I\nwas{D}\npossessed.	자,사과는 했으니까{D}\n실은 사로잡혀 있을 때\n굉장한 걸 봤어
MSG:0:233	0017EF		1088014802d8880140014f8801fb850ac4e90282880140968411c0c1d2e00a9e11bcb21110bc1f9da800	The mind\nof the\ncrystal had{D}\nmany items\nI had not\nseen!	그 수정의 지식 속에\n우리가 모르는 아이템이\n잔뜩 있었어
MSG:0:234	001819		1088f8edf45ded8801fb850af627cfc18510989da800	Those are\ndefinitely{D}\nin that\ndungeon!	저 던전 안에\n틀림없이 있어
MSG:0:235	00182F		849da815014096841118ac0a01ef01fe9e1a9e1b821fa700	Not sure\nbut they{D}\nseek the\nmayor.	뭔지 모르겠지만\n촌장이 찾던데
MSG:0:236	001847		838497880404e6ccc70400a818ac0a5fea5fea88025902549c84141b82980a8f1f11a88400	Seems <04>Rask<00> to\nthe left is\nfixing up{D}\nan old\nmachine.	옆집 <04>라스크<00> 말인데\n낡아 빠진 기계를 고치는\n모양이야
MSG:0:237	00186C		c4c1e8ab928699ad0a111188858400	Oil wouldhelp.	기름이라도 바르면\n될 텐데
MSG:0:238	00187B		838497880404e6ccc70400a818ac0a8e1f022d88c53bfc9c01f81b8211980a8f1f11a800	<04>Rask<00> to the\nleft seeks\na different{D}\nCard.	옆집 <04>라스크<00> 말인데\n또 다른 카드를 찾는\n모양이야
MSG:0:239	00189F		849dab922cc0c1d2e09c0a01b5022a8802528c01e89819839e0aab1698961b1100	Seems\nlike no\nmatter{D}\nwhere,it\ncan send\nitems\nhome.	뭐든지 아이템을\n자기 집으로 보낼 수\n있대
MSG:0:240	0018C0		04040b04009e01b3bc820a025abc82161fc0c1d2e09c015c820a8f9d849e2c14ac9a1182989500	<04>{B}<00>,\neveryone is\nsurprised{D}\nto see the\nitems you\nbring back.	<04>{B}<00>,네가 가지고\n돌아온 아이템을 보고\n다들 놀라고 있어
MSG:0:241	0018E7		91a5961b1188832c5eede78488ab0a8f9d848801de018492022e9bbc82161e12a800	They are rare\nand useful,so{D}\nit changed\nthe way of life.	신기하고 편리하니까\n다들 생활도 바뀌겠어
MSG:0:242	001909		ac9dac9dc0c1d2e09c021599ad0ac4e9028288023a01e292021599821798a700	At this\nrate,we{D}\nneed to\nmarket our{D}\nnames,too.	아이템을 척척 팔면\n우리 이름도 알려질 거야
MSG:0:243	001929		ac9dac9dc0c1d2e09c021599ad0a01f6015f01b3801a00	If we keep\nselling,we{D}\nwill be rich!	아이템을 척척 팔면\n큰 부자야
MSG:0:244	001940		01a3020588f8edf45ded3d3d3d0a109989023901958501ed118211983d3d3d00	The next\ndungeon...{D}\nwill go on\nforever...	이번 던전은…\n끝없이 이어져 있어…
MSG:0:245	001960		03129b979e0239113d3d3d0a1e9d84d5c4c19e1c9800	It seems...\nendless.	끝이 없어…\n그런 냄새가 나
MSG:0:246	001976		1e99a4bd100a019ebc828f95121500	Well,whynot take{D}a look?	그럼\n가 볼까
MSG:0:247	001985		8c3c0a1997bd11119300	! This\nis all?	헤에~\n이거 좋은데
MSG:0:248	00198F		023602088501c201768801fb9e0af8edf45ded1e8892880a8584bc82989da800	The\ninside of\nthe inn{D}\nreally IS\na dungeon!	정말로 여관 안이\n던전 그 자체가\n돼 버렸어
MSG:0:249	0019AF		a4bd101f889da8950a04040b04002100	It is up\nto you,{D}\n<04>{B}<00>!	그럼 부탁해\n<04>{B}<00>!
MSG:0:250	0019BF		c4e9892c01ef8801fb9c017dbc820a0279029a9c02759183179500	I will\ngather{D}\ninfo around\nthe village.	난 마을을 돌면서\n정보를 모아 둘게
MSG:0:251	0019DA		ac121b1f3f0d0aa811a4bf12afa8bc82210a849d83158498bc822100	What? Are\nyou OK?{D}\nSomething\nhappen?	왜 그래?{D}\n괜찮다니까!\n어떻게든 될 거야!
MSG:0:252	0019F6		951b951b0a9e9dadbc8217999500	OK,then!{D}\nDo your\nbest!	좋아좋아\n힘내라고
MSG:0:253	001A04		14112ca811a4bf12af153f00	Hey,you\nall right?	이봐,괜찮아?
MSG:0:254	001A10		025b9c0271bc1f960a19198c02f0ad1a991fbc823f00	You fainted\nand ended{D}\nup here?	정신을 잃었더니\n여기로 날아왔다고?
MSG:0:255	001A26		ac1284bc829da83f00	What\nhappened?	어떻게 된 거야?
MSG:0:256	001A2F		3d3d3d3d8ebc1111150aa811a4bf12af1e12a81b8400	...Well.{D}\nAt least\nyou are OK.	……뭐,됐어\n괜찮아 보이니까
MSG:0:257	001A45		1e99ab11119288890a10bc1f88153f00	So,did\nyou{D}\nfind any-thing?	그래서 좋은 건\n있었어?
MSG:0:258	001A55		84210f849da8bc82213f0a01b38002299e841784bc8298a8bc822100	What!\nReally!? Your{D}\nitems are\ngone!	뭐!뭐라고!?\n소지품이 없어졌다고!
MSG:0:259	001A71		849d8219bc1f0aac1297ab2ca811a4bf12af849da800	What the\nhey? At least{D}\nyou are OK!	이런 세상에\n그래서 멀쩡했구나
MSG:0:260	001A87		04040b04002c819f890a849d83151b8201b5011dab0f0d0a025abc8217989da89500	<04>{B}<00>.{D}\nNext time,\ntry to{D}\nget back\non your\nown.	<04>{B}<00>,다음엔\n어떻게든 혼자 힘으로{D}\n돌아오라고
MSG:0:261	001AA9		1e12a4bd8411833d3d00	Counting{D}\non you!	안 그러면…
MSG:0:262	001AB3		1f889da89500	Bye!	부탁해
MSG:0:263	001AB9		199d85808900	Hello.	안녕하세요
MSG:0:264	001ABF		01b789cfedcc88121b9a850aa811a484e4feeb9e024380820a1b8ebc1f88ab1c00	I dropped myimportant\nring.	실은 옷장 뒤에\n소중한 반지를 떨어뜨리고\n말았어요
MSG:0:265	001AE0		8485152c1111c0c1d2e0890a84119288ab1bbf12153f00	Would you\nhappen to{D}\nhave any\ngood items?	뭔가 좋은 아이템은\n없을까요?
MSG:0:266	001AF7		1988c0c1d2e0ab890a0272991e128510978e1d9d8700	Seems this\nitem can{D}\nnot be\ntaken.	이 아이템으로는\n못 꺼낼 것 같네요
MSG:0:267	001B0D		102c1999892100	This!	아,이건!
MSG:0:268	001B14		10979e8312a2a3118e1c0a93bc8302729819839eab168e1b1f00	Thank you\nmuch. Now{D}\nit could be\ntaken.	고맙습니다\n드디어 꺼낼 수 있었어요
MSG:0:269	001B2E		1a1a9315ab1c9e0a1403729c121883bc8217a81a1100	It is not\nmuch but{D}\nhave this\nas thanks.	약소하지만\n답례를 받아 주세요
MSG:0:270	001B44		11933c0f109915960a171d8584bc821b8ebc823d3d00	No,from\nthere. It{D}\nbecame a\nhabit...	아니~ 그 뒤로\n버릇이 돼 버려서…
MSG:0:271	001B5A		84158415111101efab1c0a1999159692bc8301f616170a84971e12ab1c8700	This nice\nvillage\nwill keep{D}\ngrowing.	꽤 좋은 마을이에요\n앞으로 더 커질\n것 같네요
MSG:0:272	001B79		83199aab2c1988c53bfc890a01a801a0ab1c00	By the\nway,Doom{D}\nCard is\ngreat!	그런데 이 카드는\n최고예요
MSG:0:273	001B8C		3202af15962c3102af8c159d1f9d850a14979819839eab169888ab1c159600	Using it\nyou can{D}\neasily go\nfrom 2F to{D}\n1F!	2층에서 1층으로 간단히\n내려갈 수 있으니까요
MSG:0:274	001BAB		ab922c01a802d7853202af85118411830a01fa023b859197199dab1b8e118e1c00	But if\nyou are not on{D}\n2F you\nend up in{D}\nthe ground!	하지만 처음에 2층에 없으면\n땅에 파묻혀 버려요
MSG:0:275	001BCC		198801ef8591a5961b11c0c1d2e09e0a0215969982119883032411820a8abc191b82168e1b1f8800	I heard\nthere were\nrare items{D}\nso I moved\nhere!	이 마을에서 신기한 아이템을\n판다고 들어서\n이사 왔어요
MSG:0:276	001BF4		108801ae852c16161e12840ac0c1d2e09e015c811599ad111188ab1c9e00	I want\nto find an{D}\nitem to help\nmy child.	우리 아이에게 들을 만한\n아이템을 찾으면 좋겠는데요
MSG:0:277	001C12		1988fce9c1ed880236ab0a198801ae858015969c0a9b188217a81a1100	Use the\nDrain\nbook to{D}\ngive\npower to\nmy{D}\nchild.	이 드레인의 책으로\n이 아이에게 힘을\n나눠 주세요
MSG:0:278	001C2F		108301ca1bab0265025b850a849888ab1c00	They are\nnearly{D}\nbetter.	조금만 더 있으면\n기운을 차릴 거예요
MSG:0:279	001C41		10b73d3d3d00	Ah...	아아…
MSG:0:280	001C47		0265025b840249853d3d00	Better!	혈색이 돌아와요…
MSG:0:281	001C52		10979e8312a2a3118e1c00	Thank you.	고맙습니다
MSG:0:282	001C5D		ac121403729c1b82111188939600	How can I{D}\nrepay you?	뭐라고 감사드려야 할지
MSG:0:283	001C6B		108801aebc1f960a0144abd33bfc8584bc820a023d9dab11989dab1c00	My\nchild\nbecame a{D}\ntoad to\nplay in a\nfountain.	우리 애가 글쎄\n샘에서 두꺼비가 돼서\n놀고 있지 뭐예요
MSG:0:284	001C88		140338ab2c023dae1f1184b700	I want{D}\nto go play.	밖에서 놀고 싶다~
MSG:0:285	001C95		14034380bd9d890a022101af025c84c0c1d2e09e02438082980af8edf45ded8c023dae85111788ab1bbf3f00	Maybe my\nbrother went\nto check the{D}\ndungeon with\nthe mysterious\nitems?	오빠는\n신기한 아이템이 떨어져 있는\n던전에 놀러 가는 거지?
MSG:0:286	001CC1		101f1b92019e161f1184b700	I want{D}\nto go!	나도 가고 싶다~
MSG:0:287	001CCD		9bb7110a14034380bd9d10979e831200	Wah!{D}\nThanks,\nbrother!	와아\n오빠 고마워
MSG:0:288	001CDD		1415101a9d9e870a109d8e97d33bfc8584bc82023daf84bc8200	Mom said less\nplaying as a{D}\ntoad in\nfountains.	엄마가 말이야\n두꺼비가 돼서 너무 놀지 말래
MSG:0:289	001CF7		15849701f6168401ef850a84bc1f9b8700	This\nvillage{D}\nwill\nkeep{D}\ngrowing.	꽤 큰 마을이\n됐네요
MSG:0:290	001D08		8ea88ea80a159b989b8700	I willknow{D}\nsome\nday.	아직도\n변할 거예요
MSG:0:291	001D13		8ea82c159b9883199a9e0a10989b9500	I am\ncloser to{D}\nknowing!	아직 변할 곳이\n있어요
MSG:0:292	001D23		921201ca1b8485150a159b989b9500	Soon,\nI will{D}\nunder-\nstand!	조금 더 뭔가\n변할 거예요
MSG:0:293	001D32		1ca2119b0a1cad961b1101ef8700	The\nvillage{D}\nis\ngreat,no?	굉장해요\n멋진 마을이네요
MSG:0:294	001D40		0181152c018f1f808502bebc1f88890a1919a8bc1f8400	This is\nwhere we{D}\nmet,yes?	분명,자네들을 만난 게\n여기였지
MSG:0:295	001D57		0404c0d3e60400018f890a023901b1a89a12153d3d3d00	Will <04>Atla<00>\nbe OK...?	<04>아트라<00> 군은\n무사할까…
MSG:0:296	001D6E		9b1f1b892c198802909c0a92bc8301f616171b820d0a198801ef9c941f15850a1b1f1188a89500	I want to\nexpand thefield for\nour{D}\nvillage!	나는 이 밭을\n더 넓혀서{D}\n이 마을을 풍요롭게\n만들고 싶다네
MSG:0:297	001D95		c5c5cb9e841784bc821b8ebc1f00	A scarecrow\nis missing.	허수아비가 없어져 버렸어
MSG:0:298	001DA3		028392027297034a8e998211841188850af8edf45ded892c1e198510980d0aac121b828488153d3d3d00	Nobody is\npossessed\nbut a{D}\ndungeon is\nstill over\nthere...	아무도 사로잡히지 않았는데\n던전은 저기 있어{D}\n어째서일까…
MSG:0:299	001DCD		f8edf45ded890283158802fa036a9c9283850a1e1985026c9e980d0aab892c02838802fa036a8488153d3d00	Dungeons are\nbased on{D}\ndesires,but\nI wonder{D}\nwhose desires\nthese are?	던전은 누군가의 욕망을\n바탕으로 펼쳐지지{D}\n그럼 누구의 욕망일까…
MSG:0:300	001DF9		c15eedd39c015c8e1c153f0c00	See event?¶	See event?¶
MSG:0:301	001E06		849d93879d840a8ea893bc8200	I am\ndoing{D}\nsome\nthing.	Wait\nnot done yet
MSG:0:302	001E13		ac999c11a4989d933f0c00	Which one?¶	Which one?¶
MSG:0:303	001E1E		1811a3118916be12dbe6f00f0acbd4e7c4dbe6f00f0f121303570ac3c0ea8802360f0f0f0f839101b00affe7edc788c53bfc0f153c01100a9b16014888c53bfc0f0fad1803350ae2d5cf3b1a9dc6edcb0f0f02320acaedf83b8802360f0f0f0f0f0f0a93919300	Shop flag\nScenario flag\nAero Book\nBlink Card\nSpring Card\nMonitor\nThunder Book\nExit	Shop flag\nScenario flag\nAero Book\nBlink Card\nSpring Card\nMonitor OFF\nThunder Book\nExit
MSG:0:304	001E85		3030300a3130300a3135300a3230300a3235300a3330300a93919300	000\n100\n150\n200\n250\n300\nEnd	000\n100\n150\n200\n250\n300\nExit
MSG:0:305	001EA1		1a111bbf0afce810830aa811329b0aa811339b0a93919300	Start\nChip\nPart 2\nPart 3\nEnd	Start\nChip after\nPart 2\nPart 3\nExit
MSG:0:306	001EB9		30300a31300a32300a33300a34300a35300a93919300	00\n10\n20\n30\n40\n50\nEnd	00\n10\n20\n30\n40\n50\nExit
MSG:0:307	001ECF		30300a33300a35300a37300a93919300	00\n30\n50\n70\nEnd	00\n30\n50\n70\nExit
MSG:0:308	001EDF		e2d5cf3b1a9d8981159b8411ab0c00	Do not use¶	No Monitor¶
MSG:0:309	001EEE		0f30300a0f31300a0f32300a0f33300a0f34300a0f35300a0f36300a0f37300a0f38300a0f39300a3130300a93919300	00\n10\n20\n30\n40\n50\n60\n70\n80\n90\n100\nEnd	 00\n 10\n 20\n 30\n 40\n 50\n 60\n 70\n 80\n 90\n100\nExit
MSG:0:310	001F1E		9512191e210a191297bd17887fc1edd3892c023693d1e12cc7e69c0a035701ba85033282981983ab1c0ae0e79c1b8281bc198ea585d2e97fc53bfcab01ef8c0a025abc824c569c10a18e1bbf120a0f0f0f0f0f0f0f159d1bbe120f01fb01ef02cc024d0f959700	Welcome! It is\neffective to make\nsure you raise\nBooks,Talons,{100}\nSaddles. Increase\nyour level without{D}\noverdoing it by\nusing Teleport\nCards to return to\nthe village.\n-Director Nakamura\nKouichi	환영합니다!\n공략 포인트는 책,발톱,안장을\n잘 키우는 것입니다\n무리하게 파고들지 말고 텔레포 카드로\n마을에 돌아와 LV를 올립시다\n    감수 나카무라 코이치
MSG:1:0	008240	MSG:0:0	0402cd3bff04001b8e1c153f0c00	<02>Save<00>?¶	<02>세이브<00>할까요?¶
MSG:1:1	00824E	MSG:0:1	0402cd3bff040001fbab1c0a0402e1e2e73bc53bfc04009c0a0292158411ab17a81a110c00	<02>Saving<00>...\nDo not touch the\n<02>Memory Card<00>¶	<02>세이브<00> 중입니다\n<02>메모리 카드<00>를\n빼지 마세요¶
MSG:1:2	008273	MSG:0:2	01c501b3015f0f0706efe80c00	GP{7:06}Gil¶	소지금 {7:06}길¶
MSG:1:3	008280	MSG:0:5	0f890f110a0f11111300	Yes\nNo	 예\n 아니오
MSG:1:4	00828A	MSG:0:8	0f0f0f158eac0f0f0f0c00	Furnace¶	   용광로   ¶
MSG:1:5	008295	MSG:0:9	e7cac1c7e85f27c7cc0c00	Recycle¶	리사이클 박스¶
MSG:1:6	0082A0		1c118e1d3b9d210a02168e971f119dab1c18ac3b00	Excuse me!{D}\nI would likea room!	저기요~!\n묵고 싶은데요~
MSG:1:7	0082B5		142c93bc8302411f8400	Here\nat last.	오,드디어 왔군
MSG:1:8	0082BF		1abc16159601979dab989da818ac0a8415841501c4821984119da8950d0a04040b040092024d01c68501979dab17999500	I called\nfor a while{D}\nbut nobody\nis coming.{D}\n<04>{B}<00>,you\ncall too!	아까부터 부르는데\n좀처럼 안 나와{D}\n<04>{B}<00>도 같이 불러 줘
MSG:1:9	0082F0		10993f0a109d1f890a1abc16883d3d00	Oh,you\nagain.	어라?\n당신은\n아까 그…
MSG:1:10	008300		016e020f1b951215830a01afbc1f962c109d1f9e0a01e7bc8211bc1f9dab8400	I was\ngoing to\nguide you,{D}but you\nran off!	안내해 주려고\n했더니,당신이\n뛰어가 버려서 말이지
MSG:1:11	008320		8b3c9d3d3d0a8eb711119300	Hmph.\nFine.	흐응…\n뭐,됐어
MSG:1:12	00832C		1bad96170a198801ef8511820d0ae9c0c0c1d2e00a01f81b1c9815960d0a022501762c01f51b829500	I am\ngonna be{D}hunting\nrarities{D}around\nhere,so\n{D}lend me\na room!	당분간\n이 마을에 있으면서{D}\n레어 아이템을\n찾을 거니까{D}\n방 좀 빌려줘
MSG:1:13	008355		e9c0c0c1d2e03f00	Rarity?	레어 아이템?
MSG:1:14	00835D		91a5961b110ac0c1d2e0880a1983a89500	Very\nrare\nitems!	희귀한\n아이템\n말이야
MSG:1:15	00836E		1e12ab1c150a841584151111ab1c870d0aab890a1980968814022501768c00	Is that\nso?{D}\nSounds\nnice.{D}\nYour\nroom is{D}\nthis way.	그래요\n꽤 좋네요{D}\n그럼\n이쪽 방으로
MSG:1:16	00838D		1ab72c1919ab1c0aab892ca294bc1797ac12a73d3d00	Well,here\nit is.{D}\nEnjoy your\nstay...	자,여기예요\n그럼,편히 쉬세요…
MSG:1:17	0083A3		9b3bbc210a849da83c064600	Wah!\nWhat<{6:46}	으악!\n뭐야~{6:46}
MSG:1:18	0083AF		01af1201ee022a2cc0c1d2e001f81b9c0a1a1d82939a120d0a01de160173ae969999ad843d3d0a89bc89bc893d3d00	Find\nthe treasure{D}\nyour heart\ndesires!{D}\nIf you\nmake it out{D}\nalive.{D}\nHahaha...	마음껏 아이템을\n찾게 해 주마{D}\n살아남을 수 있다면 말이지…\n하하하…
MSG:1:19	0083DE		1182823d3d00	Ow...	아야야…
MSG:1:20	0083E4		842c849da83f0a19198900	W,{D}\nwhere\nare we?	뭐,뭐야?\n여긴
MSG:1:21	0083EF		14110f04040b0400210a01278f1f1184889e0a0243808298a72100	Hey,\n<04>{B}<00>!{D}\nThis looks\nlike a\nTonic!	어이 <04>{B}<00>!\n약 같은 게\n떨어져 있어!
MSG:1:22	00840A		1abc1e170a889dab8f9512a62100	We shouldtry it!	당장\n마셔 보자고!
MSG:1:23	008418		01f601cc0223a8bc820a015c82849500	Seems\nfine.	괜찮다니까\n봐 봐
MSG:1:24	008428		ac99ac993d3d00	Right.	어디 보자…
MSG:1:25	00842F		143c0a7f3bcb5deda8953c3d3d00	Ahh<\nA Potion!	오~\n포션이야~…
MSG:1:26	00843D		142c10bc8085920179159e3d3d00	Oh! {D}\nThat way...	오,저쪽에도 뭔가가…
MSG:1:27	00844B		14210a01a30205892c14015fa83b210d0aac1293962c02411f15119e0a10bc1f15928400	Oh!\nMoney!{D}\nComing\nhere was{D}\nworth it\nafter all!	오!\n이번엔 돈이다!{D}\n아무래도 온 보람이\n있었나 봐
MSG:1:28	00846F		01e5022e9b96a5020e1184b73c0d0a849da8159b159d841118ac0a1919892cf8edf45ded8801fba80d0a1e1b822c1116849702300229a800	Dull as\nusual,I{D}\nsee< I am\nnot sure{D}\nbut since\nthis is a{D}\ndungeon,it\nhas treasure.	여전히 둔하구나~{D}\n뭔지는 모르겠지만\n여긴 던전 안이야{D}\n게다가 느닷없이 보물이라고
MSG:1:29	0084A7		a8b73c210a8dbc9d83020e1184b70d0a8112198389842c191985890a017915e9c084c0c1d2e09e0a012bbc8298bc821983a8950d0a8d9d83853c0a9b15bc829d88153f00	Whoa,were\nyou born\nyesterday?{D}\nThere are\nrare items\naround{D}\nhere for\nsure!	에휴~!\n진짜 둔하다니까{D}\n그러니까,여기에는\n뭔가 레어 아이템이\n잠들어 있다는 거야{D}\n정말~\n알아듣고 있는 거야?
MSG:1:30	0084EB		9d3f0f1099893f00	Hm?	응?저건?
MSG:1:31	0084F3		9b9b9b2c849da83c2100	Whoa!{D}\nWha<t?!	으아아,뭐야~!
MSG:1:32	0084FD		9d3f0a849da8d05dc95f153d3d00	Huh?\nChocobo?	응?\n뭐야,초코보잖아…
MSG:1:33	00850B		8cbc3f0ad05dc95f3f00	Eh?	엥?\n초코보?
MSG:1:34	008515		842c849dab199d8483199a850ad05dc95f9e1198881a00	Wh...{D}\nWhy is\nthere a{D}\nchocobo\nhere?	어,어째서 이런 곳에\n초코보가 있는 거야
MSG:1:35	00852C		8c3f0f5fc715113f0a5fc7892c0404c7e93be80400bc821112881a00	Eh? Who am I?\nI am <04>Krehl<00>.	엥?나 말이야?\n나는 <04>크레르<00>라고 해
MSG:1:36	008548		ab2cc6df893f0aac1293bc820a19198c161f881a3f00	And\nyou? How\ndid you{D}\nget in\nhere?	그래서,너는?\n어떻게\n여기 온 거야?
MSG:1:37	00855E		1e12151101c201768801fb1596150abc822c849da8111e97bd2100	Is that\nso! From{D}\ninside the\ninn? Huh!	여관 안에서 왔다고?\n…잠깐,그게 뭐야!
MSG:1:38	008579		0217ebe6023301ae88d05dc95f150a1f118c9d841983850a84bc82161f84b700	A chocobo\nin a\nstraw hat{D}\nseems to\nbe in\ntrouble.	밀짚모자 쓴 초코보라\n큰일이\n나기 시작했네
MSG:1:39	008599		ab922cac121b820ac6c8ed8483199a8c0a019f97821798881a3f00	But why\nare you\ndown in{D}\nsuch a\ndangerousplace?	그런데 어째서\n위험한 곳으로\n내려오는 거야?
MSG:1:40	0085B4		8cba3c0fe23bf0e78391a5961b110ac0c1d2e09c01f81b829888150d0a1f1b15852c191984960a109815928700	Ehh! A\nmoogle sent{D}\nyou to find\ntreasures?{D}\nThey may be\naround here!	헤에~ 모그리랑 희귀한\n아이템을 찾고 있구나{D}\n확실히,여기라면\n있을지도 몰라
MSG:1:41	0085E1		91a5961b11ab01af1101c41b1f18ac0a19198801fb85892c0236bc8211120ac0c1d2e09e10989da800	Speaking of,\nI recall\na treasure{D}\ncalled a\nBook in\nhere!	희귀하다니까 생각났는데\n여기 안에는 책이라는\n아이템이 있어
MSG:1:42	00860A		1e8802369c013890832c022101af025c840a8015969eab98881a0d0a01ba850210991f960a01389dab8f988311111a00	If you\nread books,{D}\nthey emit\nstrange{D}\npower! If\nyou find{D}\none,do try\nit!	그 책을 읽으면 신기한\n힘이 나와{D}\n손에 넣으면\n읽어 보라고
MSG:1:43	00863A		01a802d7892c01c91a848015961b150a01c4841118ac0d0a01388f02c199821798832c92bc8301f616840a8015969eab989512858498881a00	At first,\nonly small{D}\npower emits.\nBut,as you{D}\nget better at\nreading,its{D}\npower gets\nstronger.	처음엔 작은 힘밖에\n안 나오지만{D}\n읽다 보면 익숙해져서 더 큰\n힘이 나오게 돼
MSG:1:44	008673		14bc832c921201b40165a80aa4bd102c025b9c02221882019f97989da89500	Ah,look at\nthe time! Be{D}\ncareful as\nyou go down!	이런,벌써 시간이네\n그럼,조심해서 내려가
MSG:1:45	008692		9b210f9b9b9b212100	Wah!{D}\nWawah!	와!와와와!!
MSG:1:46	00869B		8e2c8e1f11989500	You{D}\nagain!	또,또 있어
MSG:1:47	0086A3		8cbc3f0a019f9782161fa818bc823f00	Eh? Just\nstopping{D}\nby?	엥?\n그냥 내려왔을 뿐이라고?
MSG:1:48	0086B3		8cbc3f0a1999892c848515bc823f00	Eh? What\nis this,{D}\nyou ask?	엥?\n이게 뭐냐고?
MSG:1:49	0086C2		199989870a0402e7cac1c7e85f27c7cc04000abc821112881a00	This is\ncalled a\n<02>Recycle{D}\nBox<00>.	이건 말이야\n<02>리사이클 박스<00>\n라고 해
MSG:1:50	0086DC		8cbc3f0aac1293bc822c0153128815bc823f00	Eh? How do\nyou use it?	엥?\n어떻게 쓰냐고?
MSG:1:51	0086EF		8b8b3c9d0aac121c9815831112831a00	Fufufu...{D}\nHow,\nindeed.	후후~응\n어떻게 하냐면
MSG:1:52	0086FF		c0c1d2e09c328102109999ad0a1111881a00	Put in 2\nitems...	아이템을 2개 넣으면\n돼
MSG:1:53	008711		c0c1d2e09c328102109998830ac0c1d2e09e318101c4821798881a00	Then,those\ntwo items{D}\nare turned\ninto one!	아이템을 2개 넣으면\n아이템이 1개 나와
MSG:1:54	00872D		a4bd108700	Bye!	그럼 안녕
MSG:1:55	008732		102c1e121e1200	Ah...	아,맞다 맞다
MSG:1:56	008739		d1e1932cc7e6890a80bd9d8301e6010c1b82988815843f00	Ah,right.\nAre you{D}\nequipping\nTalons or{D}\nSaddles?	발톱이나 안장은\n제대로 장비하고 있어?
MSG:1:57	008751		01e6010c1b8411830a9317851f1f84119500	It must\nbe{D}\nequipped\nto help!	장비하지 않으면\n소용없어
MSG:1:58	008763		93b70a951710128700	You\nagain.	여어\n자주 만나네
MSG:1:59	00876C	MSG:1:48	8cbc3f0a1999892c848515bc823f00	Eh? What\nis this,{D}\nyou ask?	엥?\n이게 뭐냐고?
MSG:1:60	00877B		c6df922c1997841187ba00	So nosy!	너도,참 질리지도 않네
MSG:1:61	008786		199989870a0402158eac04000abc821112881a00	This\nis a\n<02>Furnace<00>.	이건 말이야\n<02>용광로<00>\n라고 해
MSG:1:62	00879A		19999c0153bc820ad1e1932cc7e6884c569c0a10a198881a00	It raises\nlevels of\nTalons and{D}\nSaddles.	이걸로\n발톱이나 안장의 LV를\n올리는 거야
MSG:1:63	0087B3		0153110231892c19121a00	How?	쓰는 법은 이래
MSG:1:64	0087BE		8ea502d791852c161f131f110ad1e1152cc7e69c031baf00	First pick\na Talon{D}\nor Saddle\nto raise.	먼저,단련하고 싶은\n발톱이나 안장을 골라
MSG:1:65	0087D6		0310852c1518026e9b1d980ad1e1152cc7e69c031baf00	Next,\npick one{D}\nto merge\nit with.	다음에,섞을\n발톱이나 안장을 골라
MSG:1:66	0087ED		1e1b822c158eac850a017c9c811898881a00	You then\nlight{D}\nthe\nfurnace.	그리고,용광로에\n불을 붙이는 거야
MSG:1:67	0087FF		8cbc3f0aac1293bc82017c9c0a8118988815bc823f00	Eh? How\ndo you\nlight it?	엥?\n어떻게 불을\n붙이냐고?
MSG:1:68	008815		1e9989872c02369c015312881a00	Use a book.	그건 말이야,책을 쓰는 거야
MSG:1:69	008823		ac99ab92111115960a0153bc828f98881a00	Any\nbook is{D}\nfine. Tryit out.	아무거나 좋으니까\n써 봐
MSG:1:70	008835		ac9915ab2c017c9e81179500	Make fire!	어느 책으로든 불이 붙어
MSG:1:71	008841		d1e189d1e1020b01adab0d0ac7e689c7e6020b01adab0a1518026e9b1d98881a00	Try Talon\n/Talon or{D}\nSaddle/\nSaddle{D}\ncombos.	발톱은 발톱끼리{D}\n안장은 안장끼리\n섞는 거야
MSG:1:72	008862		191293bc822cac9dac9d0a0162171b829417881a00	Do that\nand they{D}\ngradually\nimprove.	이렇게 해서 점점\n강하게 만드는 거야
MSG:1:73	008877		9b15bc1f15843f00	Got it?	알겠어?
MSG:1:74	00887F		87ba2c02db1101bb9c0a015c8415bc1f15113f00	Hey,ever\nseen a{D}\npearl?	있잖아,빨간 구슬\n못 봤어?
MSG:1:75	008893		1dbc1517015c81181f88850a0243831b80bdbc1f881a00	I worked\nto find{D}\none,but\ndropped it.	모처럼 찾았는데\n떨어뜨려 버렸어
MSG:1:76	0088AA		8eb71111930a8e1f015c8115981a00	Whateverthough.{D}\nI can\nget more{D}later.	뭐,됐어\n또 찾을 수 있겠지
MSG:1:77	0088B9		8cbc3f0a01bbbc828485bc823f00	Eh? What\nis a{D}\npearl?	엥?\n구슬이 뭐냐고?
MSG:1:78	0088C7		022101af025c848015969e0a83a4199196991f0a02db1101bb1a00	Pearls\ncontain\nmystic{D}\npowers\nwithin.	신기한 힘이\n갇혀 있는\n빨간 구슬이야
MSG:1:79	0088E2		015311023189873d3d00	And...	쓰는 법은 말이야…
MSG:1:80	0088EC		8cbc3f0a02dd85111284bc823f00	Eh? Say\nno more?	엥?\n먼저 말하지 말라고?
MSG:1:81	0088FA		8eb78eb700	Tsk.	뭐 어때
MSG:1:82	0088FF		015311023189870a01e501ba85af811899ad0a1111881a00	I can\nexplain.\nIt is{D}\nfine.{D}\nTo use,{D}\ntoss it\nat an\nenemy.	쓰는 법은 말이야\n상대에게 부딪치면\n돼
MSG:1:83	008917		c6dfa8bc1f960a01e501ba85019b15bc820a1899ad1111881a00	Face\ntoward\na foe,{D}\nthen\nkick it.	너라면\n상대를 향해\n차면 돼
MSG:1:84	008931		1099892c1111953c00	That{D}\nwill do!	그거 좋아~
MSG:1:85	00893A		1e121e120a1a96850147110146920a1098881a00	There isMagicitealso...	맞다 맞다\n파란 돌도\n있어
MSG:1:86	00894E		1099920a11119da89584b73c00	It is\nnice,too.	그것도\n좋단 말이지~
MSG:1:87	00895B		0140971f113f00	Eh?	알고 싶어?
MSG:1:88	008962		8eb72c032416849500	What?	뭐,들어 봐
MSG:1:89	00896B		01471101460a19998e1f2c841584150a015c8115968411881a00	Explain?\nOK,I can.{D}\nMagicite\nis very\nuncommon.	파란 돌\n이것도 좀처럼\n안 보여
MSG:1:90	008985		1999892c015312a818ab0a022101af025c8419839e141998881a00	Using it,\nsomething{D}\nmysterious\nhappens.	이건 쓰기만 해도\n신기한 일이 일어나
MSG:1:91	0089A0		1999191e0a91a5961b11c0c1d2e01a00	With that,\nit is{D}\nquite rare.	이거야말로\n희귀한 아이템이지
MSG:1:92	0089B0		102c91a5961b11c0c1d2e09c0ae9c0c0c1d2e0bc8211129da8bc183f00	So then,\nthose items{D}\nare referred\nto as{D}\nrare items.	아,희귀한 아이템을\n레어 아이템이라고 했던가?
MSG:1:93	0089CD		0249016d02ac1b821411820a849da818ac1a00	We have\ntalked{D}\nabout a\nlot.	이것저것 말해 놓고\n뭐하지만
MSG:1:94	0089E0		f8edf45ded8801fb8c0a019f9782179888890d0a8dac8dac851b1f8d129e0a11118301af129500	Do be\ncareful{D}\nwith how\ndeep you{D}\ntravel\ninto the{D}\ndungeon.	던전 안으로\n내려오는 건{D}\n적당히 하는 게\n좋을 것 같아
MSG:1:95	008A07		e0e71da5850a01ef8c92ac989da89500	Exit if\nit gets{D}\nrough!	무리하지 말고\n마을로 돌아가
MSG:1:96	008A17	MSG:1:54	a4bd108700	Bye!	그럼 안녕
MSG:1:97	008A1C		8cbc3f0a9212015c81181fbc823f00	See ya!\nEh? You{D}\nalready\ngot it?	엥?\n벌써 찾았다고?
MSG:1:98	008A2B		84158415939887ba00	Not too\nshabby!	제법인데
MSG:1:99	008A34		1099191e0a91a5961b11c0c1d2e01a00	With that\nit is{D}\nquite\nrare.	그거야말로\n희귀한 아이템이지
MSG:1:100	008A44		111183199a8500	Timely!	마침 잘 왔어
MSG:1:101	008A4B		01b789872cf45bedd9e09e0a310297036b11034a9da8881a00	It seems\na hamster{D}\ngot lost.	실은,잔햄이\n1마리 들어와 버렸어
MSG:1:102	008A64		109b8282f8edf45ded15960a03739901c41e12831b1f960d0a80bf12ac2ce2edcccf3b850a01c4179b1b821a0d0a14ac9a11820aac19158c019ebc80bdbc1f881a00	He panicked\nwhen he{D}\nsaw a\nmonster,so{D}\nhe ran.	서둘러 던전에서\n데리고 나가려 했더니{D}\n마침 몬스터와\n딱 마주쳐서{D}\n놀라서\n어딘가로 가 버렸어
MSG:1:103	008AA6		10102c1e121e120af45bedd9e0bc8288898700	Ah,when\nit comes{D}\nto\nhamsters...	아,맞다 맞다\n잔햄이란 건 말이야
MSG:1:104	008AB9		80111a17822cddebddeb1b82820a1484158802a19e036511881a00	They are\ntiny and furry{D}with white\nbelly fur.	작고,폭신폭신하고\n배에 난 털이 하얘
MSG:1:105	008AD4		8cbc3f0a1e12a4bd8411bc823f00	Eh? No\nluck,huh?	엥?\n그게 아니라고?
MSG:1:106	008AE2		ac121b822c1988f8edf45ded850a0210bc8219991f8815bc823f00	Why did it\nenter the{D}\ndungeon,you\nask?	어떻게 이 던전에\n들어올 수 있었냐고?
MSG:1:107	008AFD		f45bedd9e0892c026a033b027b9e016217820aac1985ab92030a9998881a00	Hamsters are\ncurious and{D}\nwander all\nover.	잔햄은 호기심이 강해서\n어디든 나타나
MSG:1:108	008B1C		015c81181f960a0277188210a1828700	Help\nhim if{D}\nyou\nsee him.	찾으면\n도와줘
MSG:1:109	008B2C		83199aab2cc6df0aac1293bc82c0c1d2e09c0a01b3bc821198881a00	By the\nway,how\nare you{D}\nholding\nitems?	그런데,너\n아이템을 어떻게\n가지고 있는 거야
MSG:1:110	008B48		dbeddbed0a0333026f8801fb85c0c1d2e09c0210991f0adbc7ea9c01b3bc8211989da800	Right. The\nbag inside\nyour{D}\nfeathers.	흠흠\n깃털 속에 아이템을 넣은\n주머니를 가지고 있구나
MSG:1:111	008B6C		1e9984962c19120a921201ca1b0333026f9c026ca18200	So,\nextend{D}\nyour\nfeathers.	그럼,이렇게\n깃털을 조금 더 펼쳐 봐
MSG:1:112	008B83		1e121e1200	Ah...	그래 그래
MSG:1:113	008B88		1999ab2c921201ca1b0adbc7ea85c0c1d2e09e0a0210989512858498881a00	Now,you\ncan hold\nmore{D}\nitems in\nyour bag.	이제 조금 더\n주머니에 아이템이\n들어가게 됐어
MSG:1:114	008BA7		9515bc1f0a023901b1a89500	Glad\nyou{D}\nare\nOK.	다행이다\n무사해
MSG:1:115	008BB3		a4bd105fc7890a02949c01fa03578c01e8bc8211179500	Then,I\nwill take{D}\nhim to\nthe exit.	그럼 나는\n이 녀석을 지상에 데려다줄게
MSG:1:116	008BCA		c6df922ce0e71b8411ab0a92acbc821411ab9500	Be sure\nto return{D}\nin one\npiece{D}\ntoo.	너도 무리하지 말고\n돌아와
MSG:1:117	008BDE		118192a28a1116850a10979e8312a2a3118e1c00	Thanks\nfor your{D}\nbusiness.	늘 찾아 주셔서\n감사합니다
MSG:1:118	008BF2		9b1f171b2c1988f8edf45ded8801fbab0a01c802159c1b82118e1c00	I run a shop\ninside of{D}\nthis dungeon.	저는 이 던전 안에서\n장사를 하고 있습니다
MSG:1:119	008C0E		0404c5dfe67b7b04003f0a89823f0f0f0f0f00	Who?	<04>카미라 아빠<00>?\n글쎄요?
MSG:1:120	008C21		9b1f171b91890f0f0f0f0a0404f45bd5cf3b04008303581b8e1c00	<04>Camillas\nDad<00>? No,{D}\nMy name\nis <04>Janita<00>.	저는\n<04>자니타<00>라고 합니다
MSG:1:121	008C3C		016f01992c14015c01409714169c00	I know{D}\nyou...	앞으로 잘 부탁드립니다
MSG:1:122	008C4B		1a822c02dd8dac03581b8e1b1f9512850a9b1f171b892c01c802159c1a1d820a111fa8118214978e1c00	As I\nmentioned\nbefore,{D}\nI run a shop.	그럼,방금 말씀드린 대로\n저는 장사를\n하고 있습니다
MSG:1:123	008C75		8485152ca20210970123849288890aa2a3118e1d9d153f00	Is there\nanything{D}\nyou would\nlike to buy?	뭔가 필요한 물건은\n없으신가요?
MSG:1:124	008C8D		10979e8312a2a3118e1b1f00	Thank you.	감사합니다
MSG:1:125	008C99		1a822c0310017d891181034b0a1402879c017f118214168e1bbf123f00	Well,when\nshould I{D}\nopen up shop\nnext time?	그럼,다음엔 언제쯤\n가게를 열어 둘까요?
MSG:1:126	008CB6		14033e023f88a2033c036a9c0a1412159e112c111f1b8e1c0c00	What do\nyou desire?¶	손님의 희망을\n여쭙겠습니다¶
MSG:1:127	008CD0		8e1f2c1402be111b8e1bbf1200	Let us{D}\nmeet again.	또 뵙겠습니다
MSG:1:128	008CDD		02af1796111083ab0c00	floors¶	층쯤 뒤에¶
MSG:1:129	008CE7		ab892c9b1f171b888d12ab0a1402879c017f118214168e1bbf1200	Then,I\nwill go{D}\nahead and\nopen up{D}\nshop.	그럼,제 쪽에서\n가게를 열어 두지요
MSG:1:130	008D02		102c111f111f00	Owowow!	아,찾았다
MSG:1:131	008D09		f45bedd9e0880404fce80400018f15960a10a5159792881a00	I got\nthis from{D}\n<04>Chip<00>.	잔햄 <04>도르<00> 군한테서\n맡아 온 물건이야
MSG:1:132	008D22		0277188217991f140372850a19999c03601b8202fa1b11bc8200	Take it as\nthanks for{D}\nfinding\nhim.	구해 준 답례로\n이걸 전해 달래
MSG:1:133	008D3C		1999890a0402d9e0ddc127cce804000abc821112881a00	This is\na <02>Ham\nWhistle<00>.	이건\n<02>햄 호루라기<00>\n라고 해
MSG:1:134	008D53		19999c035917830404fce80400018f9e0a40c0d3e688cfedcc6015960ac0c1d2e09c318101b3bc821682179998881a00	Blow it and <04>Chip<00>\nwill get an\nitem from inside{D}\n<02>Atlas Dresser<00>.	이걸 불면 <04>도르<00> 군이\n「아트라의 옷장」에서\n아이템을 1개 가져다줘
MSG:1:135	008D83		ac12a8113f0a1ca211a89a1200	Nice,\nhuh?	어때?\n굉장하지
MSG:1:136	008D90		8111ab852cdbc7ea9201b3bc82161f881a00	Oh,your bag.	하는 김에,주머니도 가져왔어
MSG:1:137	008DA2		1999a8832c92bc83c0c1d2e09e021098881a00	Want to carry{D}\nmore items?	이거면 아이템이 더 들어가
MSG:1:138	008DB5		1e121e122c1e1293bc8200	Right...	그래 그래,그렇게
MSG:1:139	008DC0		129d2c1e99ab1111881a00	There.{D}\nHow is it?	응,그러면 돼
MSG:1:140	008DCB		a4bd102c0181158503601b1f15968700	I will hand{D}\nthis back.	그럼,확실히 전했다
MSG:1:141	008DDB		149314930a199d8483199a8eab0a0241821b8e12838900	Well\nwell!{D}\nYou made\nit here!	이런 이런\n이런 곳까지\n와 버리시다니
MSG:1:142	008DF2		1b151b2c80bfbc83034c978e1b1f870a198801f38801b3800352892c02fa036a9e01ca841188ab0a1111f8edf45ded9e2cab168e1d9dab1b1f9500	How troubling.{D}\nThe owner of\nthis body has\nfew desires. It{D}\nmakes for a\ndisappointing\ndungeon.	하지만,조금 곤란하군요\n이 몸의 주인은 욕망이 적어서\n좋은 던전이 안 만들어졌어요
MSG:1:143	008E2D		8e101111ab1bbf120a1dbc15172c1411ab111fa8111f88ab1c15960a149282841b9c1b841899ad2c84978e1d9d8700	But I suppose\nit is fine. You\ncame all the{D}\nway,so I will\ndo my part.	뭐,좋습니다\n모처럼 와 주셨으니\n대접을 해야겠지요
MSG:1:144	008E5C		ab892c01821b9dab111fa8168e1bbf1200	Then,let us\nhave some{D}\nfun!	그럼,즐겨 주시지요
MSG:1:145	008E6D		01de160173ae969999ad843d3d0a89bc89bc893d3d0c00	If you live!\nHahaha...¶	살아남을 수 있다면 말이지…\n하하하…¶
MSG:1:146	008E84		93100a8e1f161f8700	Ah,\nyou{D}\ncame\nback.	여어\n또 왔네
MSG:1:147	008E8D		0404c5dfe67b7b04009e0a027715bc1f8301afbc1f888500	<04>Camillas\nDad<00> is{D}\nsafe...	<04>카미라 아빠<00>가\n살았다 싶었더니
MSG:1:148	008EA5		0310890404c0d3e60400153d3d00	But now,{D}\n<04>Atla<00>...	이번엔 <04>아트라<00>인가…
MSG:1:149	008EB3		c5e98802fa036a8901f6161e12a815960af8edf45ded9201f61611a89a128700	His\ndungeon is{D}\nquite large,\nas are his{D}\ndesires.	그 녀석은 욕망이 커 보이니까\n던전도 크겠지
MSG:1:150	008ED3		8cbc3f0a849dab1e9d84850a179b1b119da8bc823f00	Eh?{D}\nHow do I\nknow\nthat?	엥?\n왜 그렇게\n잘 아냐고?
MSG:1:151	008EE9		132c132c133c830a1e2c1e99893c00	Er,uh\nwell...	어,어,어~\n그,그건~
MSG:1:152	008EF8		83199aab2100	Well!	그건 그렇고!
MSG:1:153	008EFE		02b51b17015c81181fc0c1d2e09c0a01b3bc82161f881a00	Anyway! I\nbrought a{D}\nnewly-\ndiscovered{D}\nitem.	새로 찾은 아이템을\n가져왔어
MSG:1:154	008F16		1faf9d2c029101d013a8830a01af129da818ac1a00	It seems\nto be a{D}\npotted\nplant.	아마,화분인 것\n같은데
MSG:1:155	008F2B		95179b159684119da89500	Not sure!	잘 모르겠어
MSG:1:156	008F36		0404c5dfe6040085032411828f988311119500	Ask <04>Camilla<00>.	<04>카미라<00>한테 물어보면 돼
MSG:1:157	008F49		c5d8f45d890a03369e026a16a815960d0a1988c0c1d2e0880153110231920a9b159815921b9984111a00	She loves\nflowers.{D}\nShe may knowwhat to do{D}\nwith it.	그 애는\n꽃을 좋아하니까{D}\n이 아이템 쓰는 법도\n알지 몰라
MSG:1:158	008F73		a4bd10870a5fc78801dd01f389dadfd11a00	My identityis secret.{D}\nBye!	그럼 안녕\n내 정체는 비밀이야
MSG:1:159	008F85		8b9d2c8b9d00	Hm...	흠,흠
MSG:1:160	008F8B		84988dac3d3d00	Yes...	그렇군…
MSG:1:161	008F92		9d3f00	Eh?	응?
MSG:1:162	008F95		c6df150a80bfbc838ebc828700	Wait a\nmoment.	너구나\n잠깐 기다려
MSG:1:163	008FA2		19999e191284bc828200	This,here.	이게 이렇게 돼 있고
MSG:1:164	008FAC		1a96851999921912ab00	Then,this!	게다가 이것도 이래서
MSG:1:165	008FB6		191284bc8298833d3d00	Then...	이렇게 되면…
MSG:1:166	008FC0		123c9d2c1ca21100	Amazing!	으음~,굉장해
MSG:1:167	008FC8		92120140bc829815921b99841118ac0a158eac9e7beb3bc0277d1b8298881a00	I think I\nunderstand.{D}\nThis <02>furnace<00>\nis powering{D}\nup.	이미 알지도 모르지만\n용광로가 파워업했어
MSG:1:168	008FE8		cfd79211bc1bbf85026e027c1c98830a119a119a022e03351c98951284881a00	Using a\nseed,it can{D}\nmake many\nthings!	씨앗도 같이 합성하면\n여러 가지로 변하나 봐
MSG:1:169	009008		ab922cac12022e03351c988815890a93bc828f8411838700	To find\nhow,{D}\nyou must\ntry and see.	하지만,어떻게 변할지는\n해 봐야 알아
MSG:1:170	009020	MSG:1:54	a4bd108700	Hm.	그럼 안녕
MSG:1:171	009025		0404e6ccc7040085920a025f13821415841183873d3d00	<04>Rask<00>\nshould be{D}\ntold as\nwell...	<04>라스크<00>한테도\n알려 줘야겠네…
MSG:1:172	00903C		89bc210a842c842c849dab928411881a00	Wah! It\nit is{D}\nnothing...	헉!\n아,아,아무것도 아니야
MSG:1:173	00904D		1e2c1e121113ad0a198801e29b1f1b1fdbc7ea890aac12a8113f00	A,anyway\nhow is\nthe bag I{D}\ngave you\nearlier?	그,그러고 보니\n저번에 준 주머니는\n어때?
MSG:1:174	009068		9d3f0a3232c92c021098bc823f00	Hm? It\nholds 22?	응?\n22개 들어간다고?
MSG:1:175	009076		1e97bd14151b110a80bd9d8301b3bc82a2969d00	Strange.{D}\nHold it\nthis way.	그거 이상하네\n제대로 들어 봐
MSG:1:176	00908A	MSG:1:112	1e121e1200	Ah...	그래 그래
MSG:1:177	00908F		8d962c92bc830210989512850a84bc1f881a00	Right.\nThere,now{D}\nit can\nhold more.	봐,더 들어가게\n됐어
MSG:1:178	0090A2		14930aa2af1a1f1b8214978e1b1f00	It has been\na while.	어머\n오랜만입니다
MSG:1:179	0090B1		0404f45bd5cf3b0400ab1c00	I am\n{D}<04>Janita<00>.	<04>자니타<00>입니다
MSG:1:180	0090BD		10841f1a8e922c140265025b849512ab00	You look well.	손님도 건강해 보이시네요
MSG:1:181	0090CE		893f0a198801f3ab1c1500	Hm?{D}\nThis\nbody?	네?\n이 몸 말입니까
MSG:1:182	0090D9		13132c10841f881402a202820a0404c0d3e604001a9dab1c00	Right. It\nis your{D}\nfriend,\n<04>Atla<00>.	네,당신의 친구\n<04>아트라<00> 씨입니다
MSG:1:183	0090F2		133c830a0404c5dfe67b7b04001a9d3f0aab1b1fbc183f00	Hmm?{D}\n<04>Camillas\nDad<00> who?	음~\n<04>카미라 아빠<00> 씨?\n였던가요?
MSG:1:184	00910A		1088151f83892c1796b09288850a849684111796110d0a1cad961b1102fa036a9c0a01b3bc821496998e1c9500	Compared to\nhim,this{D}\nperson\npossesses{D}\nmuch greater\ndesires.	그분과는 비교도\n안 될 만큼{D}\n멋진 욕망을\n가지고 계시답니다
MSG:1:185	009137		1a822c01a303638901799c0a1402c591ab1bbf12153f00	Now,\nwhat is{D}\nit you\nwant{D}\ntoday?	그럼,오늘은 무엇을\n찾으시나요?
MSG:1:186	00914E		10210a111183199a8500	Timely!	아!\n마침 잘 왔어
MSG:1:187	009158		1b151b2cc6df890a1181921181922c111183199a8500	But with\nyou,it is{D}\nalways good\ntiming!	그런데,너는\n늘 딱 좋을 때 오네
MSG:1:188	00916E		102c1e121e120a8e1ff45bedd9e09e3102970a8e9f99199da8881a00	Ah\nright. One\nhamster{D}\nis still\nlost\ninside.	아,맞다 맞다\n또 잔햄이 1마리\n섞여 들어왔어
MSG:1:189	00918A		1c8e841118ac920a8e1f2c0277188210a1829500	Sorry to\nask,but{D}\ncould you\nhelp?	미안하지만\n또 도와줘
MSG:1:190	00919E		8d9d83853c0aac198c11bc1f881a00	Truly<\nWhere{D}\nis it?	정말~\n어디 간 거야
MSG:1:191	0091AD		8c3f0a848584853f00	Eh?\nWhat!?	엥?\n뭐야 뭐야?
MSG:1:192	0091B6		103c210d0a3d3d3d87829800	!{D}\nAsleep!	아~!{D}\n……자고 있어
MSG:1:193	0091C2		8d968d960a025a98881a00	Come\nnow!	자자\n돌아가자
MSG:1:194	0091CD		015c8118821799820a10979e831200	Thanks\nfor{D}\nfinding\nher.	찾아 줘서\n고마워
MSG:1:195	0091DC	MSG:1:130	102c111f111f00	Ah!	아,찾았다
MSG:1:196	0091E3		c6df921997841187ba00	So nosy!	너도 참 질리지도 않네
MSG:1:197	0091ED		0404c0d3e604009e027b03643f00	<04>Atla<00>...	<04>아트라<00>가 걱정돼?
MSG:1:198	0091FB		c5e99e2cc6df85033888031702559c0a015c1d8217991f3f00	Worried for\nhim,huh?{D}\nIs it\nbecause{D}\nhe showed\nyou the{D}\noutside\nworld?	그 녀석이 너한테 바깥세상을\n보여 줬다고?
MSG:1:199	009214		1e12153c0a0236020889c1c1e3d1849da800	How nice\nof him...	그렇구나~\n사실은 좋은 녀석이네
MSG:1:200	009226		c5e9831198830a119a119a1098bc823f00	Is\neverything{D}OK\nbetween{D}\nyou?	그 녀석이랑 있으면\n이런저런 일이 있다고?
MSG:1:201	009237		8eb72c1e97bd108801db0256a815960a119a119a1098a89a121a00	His\npersonality{D}\ncan cause a\nlot of{D}\ntrouble.	뭐,그런 성격이니까\n이런저런 일이 있겠지
MSG:1:202	009252		1e121e123d3d3d00	Mm...	맞다 맞다…
MSG:1:203	00925A		10993f00	Eh?	어라?
MSG:1:204	00925E		849da8bc183f00	What?	뭐였더라?
MSG:1:205	009265		d9d9d9d90a84859c1b85161f9da8bc183f00	Hahaha.\nWhy am I{D}\nhere,you\nask?	하하하하\n뭐 하러 왔더라?
MSG:1:206	009277		8eb711111a0aa4bdb7873c00	Pay\nno{D}\nmind.\nBye!	뭐,됐어\n그럼 안녕~
MSG:1:207	009283		143c1100	Hey!	어~이
MSG:1:208	009287		01af1101c41b1f9500	Oh!	생각났어
MSG:1:209	009290		19999c03601c1f91850a161f881a00	I am\nhere to{D}\ngive\nthis!	이걸 주려고\n왔어
MSG:1:210	00929F		5fc79e1181920a0153bc821198dbc7ea1a00	This is\nthe bag{D}\nI always\nuse.	내가 늘\n쓰는 주머니야
MSG:1:211	0092B1		1999abc0c1d2e09e0a333203468eab01b38298881a00	This bag\ncan hold{D}\nup to 32\nitems.	이거면 아이템을\n32개까지 가질 수 있어
MSG:1:212	0092C7		5fc789c5e6f89e01f6161115960a921201ca1b1f171a9d01b3829818ac8700	I can carry\nway more{D}\nbecause of\nmy size...	나는 몸이 크니까\n조금 더 많이 가질 수 있지만
MSG:1:213	0092E6		c6df8496333203468eab0a01b38299ada4be12af9da89a121a00	But 32 is\nprobably{D}\ngood for\nyou!	너라면 32개까지\n가질 수 있으면 충분하겠지
MSG:1:214	009300	MSG:1:54	a4bd108700	Bye!	그럼 안녕
MSG:1:215	009305		3d3d0181151999a8180aa8bc1f95873f00	Is that\nall?	…분명 이것뿐\n이었지?
MSG:1:216	009316		10210f1e121e120a1999199900	Ah!\nThis!	아!맞다 맞다\n이거 이거
MSG:1:217	009323		92123181029101d0139c0a015c81181f881a00	Another\nplant!	화분을 1개 더\n찾았어
MSG:1:218	009336		19198c2c02e3118214178700	Here!	여기에 놓아둘게
MSG:1:219	009342		0404c5dfe67b7b04009e0a027297034a8e990d0a0404c0d3e604009e0a027297034a8e991f00	<04>Camilla<00>had her{D}\nfather\ntaken.{D}\nAnd now<04>Atla<00>.	<04>카미라 아빠<00>가\n사로잡히고{D}\n<04>아트라<00>가\n사로잡혔어
MSG:1:220	009368		f8edf45ded9e01de8e9982161f00	A dungeon{D}\nwas made.	던전이 생겨났어
MSG:1:221	009376		02d3014802d885027297034a8e991fe2d8880a02fa036a9c928385f8edf45ded9c01549800	Wishes of\nthe Tyrian{D}\nCrystal\nvictims form{D}\ndungeons.	자수정에 사로잡힌 자의\n욕망을 바탕으로 던전을 만들어
MSG:1:222	00939B		5fc7892c19999c92120a0179020592015c82161f881a00	I have\nseen{D}\nthis many\ntimes.	나는 이걸 벌써\n몇 번이나 봐 왔어
MSG:1:223	0093B2		02d3014802d8892cf8edf45ded8801fb8c0a0210bc82161fe2d88802ad014f930a034d9c018a110272bc8201f61617849800	The Tyrian\nCrystal\ngrows as it{D}\nabsorbs the\nspirit of\nthose who{D}\nenter.	자수정은 던전 안으로\n들어온 자의 의식과\n영혼을 빨아들여 커져
MSG:1:224	0093E4		1f171a9d018a110272981f91850a0249016d84c0c1d2e09c0243831b820a037011034a90881a00	To absorb\na lot,it\nmakes items{D}\nto entice\nothers to\nenter.	많이 빨아들이려고\n여러 아이템을 떨어뜨려\n꾀어 들이는 거야
MSG:1:225	00940B		1e1b8289a4189800	Then...	그리고 터져
MSG:1:226	009413		89a4188201b5022a88022a01d79c0a031702558cad968e17881a00	It bursts,\nspreading{D}\nover the\nworld.	터져서 자기 분신을\n세상에 흩뿌리는 거야
MSG:1:227	00942E		191985109802d3014802d89e0a01a80199883181a8bc1f88851a00	This\nTyrian{D}\nCrystal\nis the{D}\nfinal\none.	여기 있는 자수정이\n마지막 1개였는데
MSG:1:228	009449		108801ef88ac1915850a012bbc8211989512840a169e1b821f881a00	I knew\nit slept{D}\nin the\nvillage.	저 마을 어딘가에\n잠들어 있는 것\n같았어
MSG:1:229	009465		ab922c02908801fb83890a01af9b8415bc1f9500	I never\nexpected{D}\nthe\nfields.	하지만,밭 속일 줄은\n몰랐어
MSG:1:230	009479		a899159e027297034a8e999801e2850a849d83151b82015c811801c41e12830a01afbc821f88851a00	I think it\nmust be\nfound,before{D}\nit pulls in\nsomeone\nelse!	누군가 사로잡히기 전에\n어떻게든 찾아내려고\n했었는데
MSG:1:231	0094A2		a2919d950a8e16199da4bdbc821a00	Sorry\nfor invol-{D}ving you.	미안해\n끌어들여서
MSG:1:232	0094B1		15849701d4118700	Deep...	꽤 깊네
MSG:1:233	0094B9		c6dfbc821ca2119500	Amazing!	너 정말 굉장해
MSG:1:234	0094C2		199d8402ae01d4178eab0a1798849d821a00	Truly,youmade it{D}\nso deep!	이렇게 깊은 곳까지\n오다니
MSG:1:235	0094D4		0404c0d3e6040092027b0364a818ac0ac0c1d2e09291a5961b113f00	Worried for\n<04>Atla<00>,{D}\nbut so\nmany items,{D}\nhm?	<04>아트라<00>도 걱정이지만\n아이템도 신기해?
MSG:1:236	0094F0		c6dfbc8211118400	You...	너는 좋겠다
MSG:1:237	0094F8		5fc7892c0404c7e93be80400830a023a88bc82981899ac1a0d0a02360208892c01b5022a9e02838488150a9b15bc828411881a00	You are\nnice. I{D}\ngo by\n<04>Krehl<00>,but{D}\neven I do\nnot know{D}\nwho I am.	나는 <04>크레르<00>라고\n자칭하고 있지만{D}\n사실은 내가 누군지\n몰라
MSG:1:238	00952C		102cf2e1ed0a9b1597931c17031a012a1c98831a00	Ah,sorry.\nI will{D}\nexplain\nclearly.	아,미안\n알기 쉽게 설명하자면
MSG:1:239	009541		5fc7892c01280167911f83160a1cab85f8edf45ded8801fb85111f881a00	When I awoke,\nI was{D}\nalready inside\nthe dungeon.	나는 눈을 떴을 때\n이미 던전 안에 있었어
MSG:1:240	00955F		9b159815113f00	Get it?	알겠어?
MSG:1:241	009566		5fc7892c1988f8edf45ded8801fbab0a01de8e991f881a00	I was born\ninside of{D}\nthis dungeon.	나는 이 던전 안에서\n태어났어
MSG:1:242	00957E		01791588036e01289c92bc8200	My duty...	무언가의 역할을 가지고
MSG:1:243	00958B		ab9201a802c984881a0a1e88036e01289e9b15bc82161f888900	I have\nforgotten{D}\nwhat my duty\nis.	하지만 요즘이야\n그 역할을 알게 된 건
MSG:1:244	0095A5		5fc789872c02d3014802d885027297034a8e990a01b5022a88027b9c87a48ea196991fe2d89e0a018b119c95af027b1e88928884881a00	I am the\ncorrupted\nheart of one{D}\ntaken by the\nTyrian\nCrystal. It{D}\ncries for\nhelp.	나는 말이야,자수정에 사로잡혀\n마음이 비틀린 자가\n구원을 청하는 마음 그 자체야
MSG:1:245	0095DC		1f1b15855fc7892cf8edf45ded8801fb830a01fa03579c01b502a485019e160241ab169818ac0d0a027d12198389ab168411881a00	Maybe it is\npossible for{D}\nme to travel\nfrom the{D}\ndungeon to your\nworld,but I{D}\nam weak.	확실히 나는 던전 안과\n지상을 맘대로 오갈 수 있지만{D}\n싸울 수는 없어
MSG:1:246	009611		5fc788036e0128892c018b119c01f81c0ac9d3849da89500	My duty is\nto search{D}\nfor rescue.	내 역할은 구원을 찾는\n거야
MSG:1:247	009629		c6df9c027718822c018b119c0a020c17198384881a00	You can\nhelp me{D}\nget out\nto safety.{D}\nGot that?	너를 도와서 구원으로\n이끄는 거야
MSG:1:248	00963F		9b15bc1f3f00	Well?	알겠어?
MSG:1:249	009645		123c9d3d3d0a92bc83159d1f9d850a8e839198831a00	So... To\nbe more\nblunt...	으음…\n더 간단히\n정리하자면
MSG:1:250	00965B		0404c0d3e60400892cc6df85018b119c0a02c5918211980d0a5fc7892c1e881401ba0288119c1c98889e0a036e012884881a00	You must\nsave <04>Atla<00>{D}\nto help\nme...	<04>아트라<00>는 너한테 구원을\n바라고 있어{D}\n나는 그걸 돕는 게\n역할이야
MSG:1:251	00968E		9e9dad9a128700	Good{D}\nluck.	힘내자
MSG:1:252	009695		149314930a8e1f2c10841fab1c1500	Well,\nwell.{D}\nYou again.	이런 이런\n또 당신입니까
MSG:1:253	0096A4		1e9d84851988c5e6f89e0a01f601458488ab1c153f00	Is this\nbody{D}\ntruly that\nprecious{D}\nto you?	그렇게 이 몸이\n소중한가요?
MSG:1:254	0096BA		1988c5e6f88910841f88198384ac0a8e8392852c0349138289118e1d9d9500	It certainly\ndoes not{D}\nseem to\nhave any{D}\nattachment to\nyou.	이 몸은 당신 따위\n제대로 생각하지 않아요
MSG:1:255	0096D9		b09d9784d05dc95f831b150a03491382118e1d9d9500	It just\nsees you{D}\nas a\nuseful{D}\nchocobo.	편리한 초코보로만\n생각하고 있어요
MSG:1:256	0096EF		1e9989809e122100	Liar!	그건 아니야!
MSG:1:257	0096F7		0404c0d3e60400890a1e9d8419838901afbc828411881a00	<04>Atla<00> would\nnever think{D}\nthat way!	<04>아트라<00>는\n그런 생각 안 해
MSG:1:258	00970F		10979e8312870a0404fce80400018f00	Thanks,\n<04>Chip<00>!	고마워\n<04>도르<00> 군
MSG:1:259	00971F		849d83150a8e8510bc1f1a00	We\nmade it{D}in\ntime.	어떻게든\n늦지 않았어
MSG:1:260	00972B		01afbc8284113f00	A lie?	생각하지 않는다고?
MSG:1:261	009733		1e122c10841f88198384ac0a84859201afbc828e1d9d9500	No...{D}\nI truly\nthink{D}\nnothing of\nyou.	그래요,당신 따위\n아무 생각도 안 해요
MSG:1:262	00974B		1111930a5fc785892c9b1598881a00	That is\nwrong. I{D}\nknow it.	아니\n나는 알아
MSG:1:263	00975A		c4dec385027297034a8e991fe2d81f80880a027b159601de8e9982161f5fc7a8159600	Because I\nam one born{D}\nof the hearts\nof those you{D}\ntook over.	너한테 사로잡힌 자들의\n마음에서 태어난 나니까
MSG:1:264	00977D		1181921181920aa202ca0247023fab1c0a0404c7e93be80400018f00	Your duty\nis noble,\n<04>Krehl<00>.	늘 늘\n수고가 많으십니다\n<04>크레르<00> 군
MSG:1:265	009799		ab922c19198eab850a1b829296118e1bbf12158700	But,it\nends now.	하지만,여기까지만\n해 주셔야겠군요
MSG:1:266	0097AE		89112c199d85808900	Hello.	네,안녕하세요
MSG:1:267	0097B7		02d79182ab1c873f00	Newbie?	처음이시죠?
MSG:1:268	0097C0		ab892c80bfbc83031a012a9c0a1b8e1bbf1200	Allow\nme to{D}\nexplain.	그럼,잠깐 설명을\n해 드릴게요
MSG:1:269	0097D3		01b3bc821198efe89c0a1988f13be00123880accea27d37fc1edd38c0a026802571b8217a81a118400	Gil can\nbe\ntraded for\nSlot{D}\nPoints.\nYou need\nthose to\nplay.	가지고 계신 길을\n이 게임용\n슬롯 포인트로\n교환해 주세요
MSG:1:270	0097FC		efe883ccea27d37fc1edd383880a02680257892c19809688c5c2edcf3b00	Trade your\nGil for{D}\nSlot Points\nat this{D}\ncounter.	길과 슬롯 포인트\n교환은 이쪽 카운터
MSG:1:271	00981A		ccea27d37fc1edd39c0ac0c1d2e083026802571c9888890a19809688c5c2edcf3b00	Trade your\nSlot\nPoints for{D}\nitems at\nthis\ncounter.	슬롯 포인트를\n아이템과 교환하는 건\n이쪽 카운터
MSG:1:272	00983C		9b15978e1b1f153f0c00	Got that?¶	아시겠어요?¶
MSG:1:273	009846		ab892ca294bc179700	Have fun!	그럼,즐겁게 노세요
MSG:1:274	00984F		8ea5892c93bc828f8e1bbf129500	Try this.	우선,해 보세요
MSG:1:275	00985D		ac9983026802571b8e1c153f0c00	Which?¶	어느 것과 교환할까요?¶
MSG:1:276	00986B		0194015088d1e10f0f0f0f0f0f33303030500aefe888d1e10f0f0f0f0f0f38303030500a11931b88d1e10f0f0f0f3130303030500ae627c63bc7ea3b0f0f0f3135303030500acb5bfc3bc7ea3b0f0f0f3330303030500a0194015088c7e60f0f0f0f0f0f35303030500ac0df5ce927d3e1c1e80f3130303030500ac5c2edcf3be1c1e80f0f33303030305000	Genji Talon 3000\nGil Talon  8000\nHeal Talon 10000\nLuck Talon 15000\nShadwTalon 30000\nGenji Sadl 5000\nAmuletSadl 10000\nCountrSadl 30000	겐지의 발톱     3000P\n길의 발톱      8000P\n치유의 발톱    10000P\n럭키 클로     15000P\n섀도 클로     30000P\n겐지의 안장     5000P\n아뮬렛 메일    10000P\n카운터 메일    30000P
MSG:1:277	0098F7		dbc7ea9e11bcb211ab1c8700	Bag is full.	주머니가 가득 찼네요
MSG:1:278	009903		0f31ccea27d37fc1edd30f3a0f313030efe80a11158dacccea27d37fc1edd38c022e138e1c153f0c00	100GP: 1 Slot Point\nHow many?¶	 1슬롯 포인트 :100길\n몇 슬롯 포인트로 바꿀까요?¶
MSG:1:279	00992C		efe89e0281978e1d9d9500	Not enough	길이 부족해요
MSG:1:280	009937		9212ccea27d37fc1edd38992828e1d9d9500	No Slot Points	슬롯 포인트를 더 못 가져요
MSG:1:281	009949		ccea27d37fc1edd39e0281978e1d9d9500	No Slot Points	슬롯 포인트가 부족해요
MSG:1:282	00995A		ccea27d37fc1edd30f0700500c00	Slot Points:{7:00}¶	슬롯 포인트 {7:00}P¶
MSG:1:283	009968		3d3d3d3d3d3d3d00	......	…………
MSG:1:284	009970	MSG:0:300	c15eedd39c015c8e1c153f0c00	See event?¶	See event?¶
MSG:1:285	00997D		01a303638883199a8919198eaba895210a01ed16890403313201913233036304008eab031cbc828287210a0f0ae7cd27d35fcfed9c03341b8217a81a110c00	That is all for\ntoday! Wait\nuntil <03>1Feb. 23<00>\nto continue!{D}\nPlease reset.	오늘은 여기까지야!\n<03>12월 23일<00>까지 기다려 줘!\n \n리셋 버튼을 눌러 주세요¶
MSG:1:286	0099BC		032f03310330032e00	{32F}{331}{330}{32E}	○△□×
MSG:1:287	0099C5		0f159d1bbe120f01fb01ef02cc024d959701e102880a40d05dc95f88022101af025c84f8edf45ded600a1401821b8f111fa8188e1b1f153f0a8ea82c7de9c19c1b1f19839e84118311120231890a400227024188cbe9ed6092141c1c911b8e1c0a959a1b17872100	A message from\nDirector Koichi\nNakamura:Did you\nenjoy Chocobos\nMystery Dungeon?\nI also recommend{D}\nMystery Dungeon:\nShiren the\nWanderer for\nthose who did not\nplay it yet.	감수 나카무라 코이치의 선전\n「초코보의 이상한 던전」\n즐거우셨나요?\n아직 플레이해 보지 않은 분께는\n「풍래의 시렌」도 추천합니다\n잘 부탁해요!
MSG:2:0	0101A2		f8edf45ded01de01848901f39e02c20236210f0f0f02f801de029c108b99980fe2edcccf3b2100	Health  is vitalfor the dungeon.Has wilddemeanor	던전 생활은 체력이 기본!야성미 넘치는 몬스터!
MSG:2:1	0101C9		939b96158401f3ab0f7de87de81a8e951218bc1912f3c9840fe2edcccf3b00	Its tinysquishy body    wobbles as it   wanders.	말랑한 몸으로 출렁출렁 떠도는 꽤 약한 몬스터
MSG:2:2	0101E8		1cad9311020a16880fe2edcccf3b0f0f0fd05dc9dec502c9aa16eeffe7831590e52100	A super fast foewho usesfancy   movementto bite!	재빠른 몸놀림의 몬스터 쪼르르 다가와 덥석 물어!
MSG:2:3	01020B		8984991fd3c91596d427d19c0206a1980f159b1111c5c41b1fc1e384e3d100	Tosses anut fromafar. Iscute butunkind.	떨어진 곳에서 너트를 던지는 귀여운 얼굴의 얄미운 녀석
MSG:2:4	01022A		02e0111a9e1b80bd0f10bc800f7ecf7ecf19bc800f7ecf7ecf027801ba025b8e8e840f0f01b502a40149ab1c021902c6014900	Its finsslap theground  while itseeks a fight.	싸움을 찾아서 여기저기 철벅철벅 제멋대로인 자유로운 반어인
MSG:2:5	01025D		159b11111596bc82012602e19c1c9884210f415442e7cd27d388d53bfce89c0f01b4016d0116bc821798f72100	It lookscute,butit can  use pinsto resetyour ATB	귀엽다고 방심 금물!ATB 리셋 바늘을 가끔 쏜다!
MSG:2:6	01028A		01f60128016102e502ad029a210fdbebdbeb0224159dab01e501ba9c015c811897bd1b81191701999c0f0f02e811017d1c00	Floats {100}chases  any foe it sets eyes on.	왕눈알 주의보!둥실둥실 떠다니다 상대를 찾으면 끈질기게 쫓아온다
MSG:2:7	0102BC		016301f39c8b989b1d0f13928802c591820f0f1a1c961201620203210fc9c2e685021098830f018601e30235011ca82100	Strong  foe thatwanders{100}hides ina shell!	거대한 몸을 떨며 먹이를 찾아 떠도는 강적!등껍질에 숨으면 완벽 방어!
MSG:2:8	0102ED		025b8ea0993f0f016c88f8edf45ded02f7210f015c839982111f960fc1cfc1012810129b9500	Fire galwho hitsif you  stare!	변덕쟁이?불꽃의 던전 아가씨!넋 놓고 보다간 따끔한 맛을 봐
MSG:2:9	010313		7f27c5e7017f111f0f012802cd9e7fc1edd321011501167f3bf5920f0f7f3bc53bdb25c1cca80fca7fd2edf83b00	Face is made of holes!  It has apoker   face.	뻥 뚫린 눈과 입이 포인트!공격할 때도 포커페이스인 사보텐더
MSG:2:10	010341		f8edf45ded8802aeab017e1b1101b70113210f0f02f48e97bd01b70113031e851a9980bd12a72100	Careful!You may become alab rat!	던전 안에서 수상한 실험!잡히면 실험대에 오를걸!
MSG:2:11	010369		1c98ac11d1e19e0fefe6e78302cc98210f1392889c02c591820ff8edf45ded8501c090025e02988802f802d6a82100	Fearsomewild foew/ sharpclaws.Itscours  for prey	날카로운 발톱이 번쩍 빛난다!먹이를 찾아 던전에 사는 공포의 야수!
MSG:2:12	010398		02f102e98801150116a4bd0ffde6fde68498a81884158415015184841101320184e2edcccf3b0f017c88011501169e02a3019aa800	Attacks break itbut it  reforms.Use fire	보통 공격으로는 흩어질 뿐 좀처럼 안 죽는 부활 몬스터 불 공격이 효과적!
MSG:2:13	0103CD		f8edf45dedab0f0f1a9b11ab119801ae89f83ce9848895210f020988c5e6cc9c0f0f181b1518989be52100	What is that    racket?!Beware  my crow!	던전에서 떠드는 게 누구야!머리 위 까마귀를 덤비게 할 거야!
MSG:2:14	0103F8		01d601c402c402f6213f0f0fc0c1d2e002debc820f95bc8217980f0f0f861c8f88d2c78589025b9c81189a212100	Phantom thief?! Beware, he takesitems!	신출귀몰!?아이템을 노리고 다가오는 도둑질 솜씨를 조심해!!
MSG:2:15	010426		020a1689141e119e0f7bebdbe8011501160f0f024002e502ad210f0f0f0fa48e9d88014602099e0fd05dc95f9c02de122100	Slow,butstrong! Aims itsskull atchocobos	느리지만 강력한 공격 주의!단단한 돌머리로 초코보를 노린다!
MSG:2:16	010458		01e6010c9ccafe1a1d98c1e384e3d10f0f0f879d131685889883cceac2858498f72100	Can rustgear andslow youdown!	장비를 녹슬게 하는 얄미운 녀석 끈적이를 밟으면 슬로가 된다!
MSG:2:17	01047B		030003018801fbab890f0f1cad931ac0277d21d9edde3b02f301ba850f7fc57fc51f1f17210f00	Quick indarknessand usesa hammer	어둠 속에서는 속도 업!망치를 한 손에 들고 콩콩 때린다!
MSG:2:18	0104A2		02451f115ffb233b9c161b8e1d820f0f0f016202030f015c811897bdd9e7c6e70f02e79021016202ff01b5032788024d0116a800	Icy bodycreaks, tough   foes,it seeks!	차가운 몸을 삐걱이며 강적을 찾으면 신나서 덤빈다!자랑하는 괴력의 일격!
MSG:2:19	0104D6		5fede3e702ccbc820f1a8e95110117170f0f02e40165920f0197af0197af02eee2edcccf3b2100	It glowsin dark {100} calls allies!	희미하게 빛나며 떠돌아다닌다 동료도 부르는 수수께끼 몬스터!
MSG:2:20	0104FD		811182179818ac0f01150116891b84110f0fc9eb1702391193830f012602e19c1c98830f0f02ebbc820f01b50135a821024002e502ad212100	Follows without attacks.Feigns  innocentbehavior	따라오지만 공격은 안 한다 무섭지 않다고 방심하면 화가 나서 자폭!요주의!!
MSG:2:21	010536		022d023a01171702e6015f013421efe89e8d1b1897bd01e491851f141d2100	Win moreGil if  beaten  quickly!	별명은 걸어 다니는 저금통!길을 원하면 빨리 쓰러뜨려!
MSG:2:22	010555		01c402be1283c9ebc10f7bebdbe801630149210ff03bab84a0bc820f0162024685c1cfc12100	A giant who is  scary tocross   paths   with.	만나면 무서운 괴력 거인!주먹으로 때리면 엄청 아프다!
MSG:2:23	01057B		1911818502be12830fc0ede627c63b0f0f939801b10f1cb0829ec1e384e3d100	Does baddeeds ifyou meetit.	이 녀석을 만나면 운이 없다 하는 짓마다 얄미운 녀석
MSG:2:24	01059B		fdc1c488011d880f0f014711e2edcccf3b0f015c151883809ebc8201620203a8f62100	Biomech.Strongerthan it looks!	바이오의 힘을 가진 파란 몬스터 보기와 달리 강적이야!
MSG:2:25	0105BE		1cad9311020a16830f0174030502fc0f1280a81bd53bfce801150116210f80bfbcb397c1e384e2edcccf3b2100	Shoots  pin fromafar.   Trouble-some    monster!	재빠른 움직임과 원거리에서 쏘는 바늘 공격!조금 얄미운 몬스터!
MSG:2:26	0105EB		1a9b96867f27d38502c089023911210f0f0f939801b193bc1f960f01cb13821b8e120f0f022101af025ce2edcccf3b00	If you  stir it,it may  make youvanish!	건드리지 않는 항아리엔 해가 없다!할 일을 하면 사라지는 신기한 몬스터
MSG:2:27	01061B		0230013485151799820f1392889c031c81210f14ac151b035701ba840f02ee88e2edcccf3b21031512deccc79e0f0f0221025b029ca8f62100	A threathides inchests. Unnerveswith itslooks.	보물 상자에 숨어 먹이를 기다린다!웃는 가면이 섬뜩해!
MSG:2:28	010654		14e5feab84118885c9edd5d0eb210f0f031088dbeac08c0f0fa2016e020f3c21210f0ff627cfc102390203880f0221015101d7e2edcccf3b00	A guide to the  stairwayyou did not ask for.	부르지도 않았는데 안녕하세요!다음 층으로 안내~!!절대 무적!
MSG:2:29	01068D		c5dfe67b7b880f0f027b9ce2d03bdb850f022101af025c84011d9e0f0f022e03351b1f027000	Made of CamillasDads    desire.	카미라 아빠의 마음을 바탕으로 신기한 힘이 변한 모습
MSG:2:30	0106B3		015c811598830f0f0f1b8119170fa5bc8302e8bc8217980f0f0f010e01e3881f9185890f018101b7850f1f141d2100	Persistsin its  chase.  Finish  it off!	들키면 끈질기게 계속 쫓아온다 안전을 위해 확실히 쓰러뜨려!
MSG:2:31	0106E2		01de025b9c8796120f0f0158012988e2edcccf3b021d02479c121898830f027d11819611f62100	Wilted  tree whocauses  fatigue!	생기를 노리는 마른 나무 몬스터 피로를 받으면 싸우기 힘들어!
MSG:2:32	010709		01c99e968401f3ab0f0f011501160feecbeecb21c93be89c1a99988302e401659e8b1398f72100	It callsfor helpand hitsw/ body!	작은 몸으로 마구마구 공격!부르면 동료가 늘어나!
MSG:2:33	010730		01e411020a168801150116830206a182179817980feb3b7dccd33bed21027d11851711f7210f8a16bf12014e2100	Quickly attacks with itsWarp    Stone!	빠른 공격과 던져 대는 워프 스톤!싸우기 힘든 비겁한 녀석!
MSG:2:34	01075E		02fc99821182920f0f012602e18901f60203210f0faf9d8e9b1b011501160f02f09dab1798212100	Can hit far awayand spinattack. 	떨어져 있어도 방심은 금물!휘두르기 공격이 날아온다!!
MSG:2:35	010786		fdd3e89c015c81188295bc821680bd0f0ff7edfe3bcf27d0abf7edfe3b9c8b931c00	Stalks  to use  its Tap to make zombies.	싸움을 발견하면 다가와서 좀비 터치로 좀비를 늘린다
MSG:2:36	0107A8		158497025e11210f0f01b5022a884c769e0f0f33153488021301da8801b400	Hits LVsmultipleof 3{100}4.	꽤 무섭다!자기 Lv가 3이나 4의 배수일 때
MSG:2:37	0107C7		01981101f39e01d79c010b97011d8e151d850f0f0f011501161b821798210f025e02988801870146016301492100	A giant with a  hard    body!	단단한 몸으로 자신을 지키며 힘껏 공격해 온다!공포의 바위 거인!
MSG:2:38	0107F5		02dd8501ba9c01c41bbd0f1a1512968f01150116ab01f6f8e13bf4210f0f01e501ba851b841897bd02c08902391b213f00	Countersw/deadlyattack. Perhaps best letit be?	먼저 손을 대면 앙갚음 공격으로 큰 대미지!상대하지 않으면 해는 없다!?
MSG:2:39	010826		111fa59601f6026a160f02db9db1e2edcccf3b119a9d84024a1a9c0f93bc828e1c2100	Prank-  loving, tiny anddevious!	장난을 너무 좋아하는 아기 몬스터 온갖 나쁜 짓을 한다!
MSG:2:40	010849		c6e79c8115bc820f1392889c02f4961398f8edf45ded02ae880f023ad9edcf3b00	It giveschase tohunt itsprey.	안개를 써서 먹이를 붙잡는 던전 속의 명사냥꾼
MSG:2:41	01086A		031902c9027d85024002e502ad21cc7c3bfc9c022e1382a4bd8e9c1c982100	Changes speed inbattle!	근접전에 주의!속도를 바꿔 방해한다!
MSG:2:42	010889		c8edc59e01f6026a1621027d1201e501ba9c1181921a9e1b820f0f0f0fc2eac2ea1b82119800	Loves tohunt forfoes to fight!	싸움을 너무 좋아해!싸울 상대를 늘 찾아 어슬렁거린다
MSG:2:43	0108AF		01f6168402cd8301d101ba9e7fc1edd30f0f0f0f02cd02748502e502ad880f0f01d00229e2edcccf3b00	Be wary of its  breath {100}tentacle	커다란 입과 촉수가 포인트 입냄새에 주의!식물 몬스터
MSG:2:44	0108D9		02ee88c0c1d2e00f0ffcc7ea9c1515131f0221025b029c84e3d1210f11968411fcc7ea89e7cac1c7e81b951200	Strange foe who unnerveswith itsskull.	해골을 든 섬뜩한 녀석!필요 없는 해골은 리사이클하자
MSG:2:45	010906		01f39cc7d7961d0f0f1ba5158502c9aa170f012c01db880313880f0f0f94129b178502e502ad2100	Do not  let her tempt   you!	몸을 꼬며 조용히 다가오는 마성의 여자의 유혹에 주의!
MSG:2:46	01092E		f8edf45ded880f0f024002e502ade2edcccf3b02da9801ae9c02c3191c83025e1101280f015c98e52100	Winged  scary-  eyed    beast.	던전의 요주의 몬스터 자는 아이를 깨우면 무서운 꼴을 본다!
MSG:2:47	010958		016202ffab89a415990fe0d09eda27d321217beb3b01c102d4880f0f0163014988e2edcccf3b00	Giant,ispridefulof its  power.	괴력으로 휘두른 채찍이 명중!!힘을 중시하는 거인 몬스터
MSG:2:48	01097F		dbe6dbe612a2911701f6849117a4210f0f01b7890f02510148850f0f014d11961b11f72100	It seemsweak to salty   water!	흐느적흐느적 꿈틀대는 큰 민달팽이!사실 소금물에 약한 모양!
MSG:2:49	0109A4		01f61684012802d5ab0f0f1392889c1a9e1c21158e9997bdc1cfc1013987a58f2100	Toxic   bite.   Its earsfind itsprey.	커다란 눈과 귀로 먹이를 찾는다!물리면 아픈 독쥐!
MSG:2:50	0109C6		02eb978801b50135890f0f5fe095970162011d210f020ba4858f1382920f025e029802055550a8212100	It has abigger  blast   than a  normal  Bomb!	분노의 자폭은 봄보다 강력!똑같아 보여도 공포도 UP!!
MSG:2:51	0109F0		013201841c980151027d01ad2102cb85eecc85830f0f01baa29b1101e501baa82183ac9189017c01ec01dbab01908e97a8f62100	It has asword   and gas attack!	부활하는 죽음의 전사!칼에 가스에 만만찮은 상대!마무리는 불 속성으로!
MSG:2:52	010A24		0151887b3bd2233bab101eae8e1bbf210f01c701859c1a9998830f01f602ca027d212100	A tough battle  if it   summons!	죽음의 파티에서 놀자!소환을 당하면 크게 고전!!
MSG:2:53	010A48		012b978801a69e0f0f0f012b978514831c210f1c98ac11d1e19e0f1392889c02fe17210ff3edef5bc7021902c6014900	Scatterssleepingsand andrakes w/claws!	잠의 모래가 잠재운다!날카로운 발톱이 먹이를 찢는다!잔학한 반어인
MSG:2:54	010A78		016c9e015313980f0f0f02db0249e2edcccf3b0f5ed35ed3121898837cedd015922100	Fiery.  It makessticky  trouble!	불꽃을 쓰는 빨간 몬스터 끈적이를 맞으면 위기일지도!
MSG:2:55	010A9B		024002e502ad21210f0f0fc1e3840f1088ebf30153bc821798f7210f01289c026e9b1d98830f87969b99982100	If seen,it will chase tohit you hard!	요주의!!얄미운 그 기술을 써 온다!눈을 마주치면 노려진다!
MSG:2:56	010AC8		cac1e9cc1a99988302369e0138918411210f9396999801e2850f0f93bc81189a2100	It can  Mute youto stop you fromreading!	사일런스에 걸리면 책을 못 읽는다!당하기 전에 해치워!
MSG:2:57	010AEA		013f02ccc3d7e8ef3b21dd3be73b88011d9c0f1e8801d78501b3bc82980120e2edcccf3b00	A dragonwho has a holy  power.	초광 에너지!홀리의 힘을 몸에 지닌 용 몬스터
MSG:2:58	010B0F		025e029888decb3bed2101e501ba884c76ab0f0f01150116022e0335a8212100	Foes LV changes its move	공포의 머신!상대의 Lv에 따라 공격이 변한다!!
MSG:2:59	010B2F		c0d3e688027bab0f0f022e03351b1f02d3014802d82100	Heart ofAtla!	아트라의 마음으로 변한 자수정!
MSG:2:60	010B46		1c98ac11d1e19e0f1392889c0145971a160158012988011d9e0f0f0f01de025b9c12ad122100	Wilted  plant.Itclaws toattack!	날카로운 발톱이 먹이를 찢고 마른 나무의 힘이 생기를 빼앗는다!
MSG:2:61	010B6C		02e401659c8b931d830f819f819fcf27d02102801380bd1201e2850f031d03111d95212100	Beat it before  it callsallies!	동료를 늘리려고 차례차례 터치!늘어나기 전에 퇴치하라!!
MSG:2:62	010B91		020a015488141e1a850f012602e1891c9884210fc0277b3b179612830286859288b1980f0f025b01b380a8f623213f00	Slow butpowerfulwith an intense uppercut	느린 동작에 방심은 금물!어퍼컷을 맞으면 하늘로 오르는 기분!?
MSG:2:63	010BC1		01d5030c88cfd2eedf0f03098512131f02f802d621f8edf45ded020f880fe2edcccf3b8801fbab02c7024a0f8d1998f72100	Crimson-mane foewho     drinks  blood!	진홍빛 갈기에 피에 굶주린 야수!던전 최고의 흉악함!
MSG:2:64	010BF3		111fa59601f6026a162193971f118d12a8111b15969980bd128303041180bd12f72100	A free  spirit. Cries ifscolded.	장난을 너무 좋아해!제멋대로 굴다 혼나면 울어 버린다!
MSG:2:65	010C16		02390266ab01999c0f0f0f8118820241820f0f0f11168497f0cae721022f01fc81161a1c0f0f02588411e2edcccf3b00	Silentlystalks  to slicewith itsknife.	말없이 뒤를 밟아 와서 갑자기 푹!식칼을 찌르는 위험한 몬스터
MSG:2:66	010C46		8f84a29a1b01e10266211cb0829c8e161990025e029888030001a20120210f0167030b021e0240212100	Engulfs all. It brings  death.	몰살 선언!모든 것을 휩쓸어 버리는 공포의 암흑룡!각오하라!!
MSG:2:67	010C70		01d688023a9c01b381013f01203838dbeac09c010b97013f011501169c1797a81c0288031a88e2edcccf3b00	Mythicalmonster of floor88.	신의 이름을 가진 초룡 88층을 지키며 초공격을 퍼붓는 전설의 몬스터
MSG:2:68	010C9C		011717022101af025c01d002292101f602ab02cd02748502e502ad2100	Has bad breath!	걸어 다니는 신기한 식물!엄청난 입냄새에 주의!
MSG:2:69	010CB9		013f0162011d01e60156880f0f01a8031203250119210f0f0f01a80162e2edcccf3b830197ad998211982100	Said to be most powerfulmonster!	초강력 장갑의 최종 병기!최강 몬스터라 불린다!
MSG:2:70	010CE5		03221398017c030e880f0f0135021883030685028a01cd2101f3858e83bc1f0f0f016c8803299e01f610ad99e2edcccf3b02829c0f0314168996122100	Burst inlike a  volcano!Its bodyburns   enemies!	화산의 폭발과 함께 등장!불꽃의 폭풍이 몬스터들을 태운다!
MSG:2:71	010D22		c43beae6159e93170286018e85028a01cd1b0f0f021f88011d9c030802d803352101fa03578c9015bc820f8b971e1ea0212100	In an   aurora  lit sky it rainsice on  the land	오로라 빛나는 하늘에 등장해 얼음의 힘을 지상에 퍼붓는다!!
MSG:2:72	010D55		02420302839f99860f0f028685030a9b990f0f0f016201f684c1c5f5d00f028615960243831b0f0fe2edcccf3b02829c0f02d01788a82100	It sendsa storm that    thunderson its  foes.	천둥 구름 가득한 하늘에 나타나 거대한 번개를 내려 몬스터를 심판한다!
MSG:2:73	010D8D		d1d815960326bc1f0f931a1b1102cc890f0f81818e991f014e9c0f017d01321c9800	Its hornheals   wheneverit is   near.	뿔에서 나오는 부드러운 빛은 감싸인 자를 회복한다
MSG:2:74	010DAF		1e8801d7858e83bc1f01de02a088016c9e0f0f0f024a1b16027b9c0f0f0f0314160323110f0f0f0f1c841484027b9c0f0f11931b8217999800	Its firescorchesevil    hearts  to bringpeace.	몸에 두른 생명의 불꽃이 나쁜 마음을 태우고 순수한 마음을 치유해 준다
MSG:2:75	010DE8		0230014688159e93168581818e991f014e890f0221019c8401cf01f4880f0f017d01328302a602350f0f0fc4dec885027c01fe920f1b931c178498f72100	Its gem shines  a light,aiding  growth  and luck	보석의 빛에 감싸인 자는 나쁜 상태의 회복과 예방 덤으로 성장도 쉬워진다!
MSG:2:76	010E26		01fa032088032015960f0f7bedd0217bedd021016201f684011dab0f0f0f1cb0829c8196861601f601fa9c17a51b820f01f6f8e13bf4212100	Pierces the landas it   destroysits foe.	땅속에서 펀치!펀치!대지를 무너뜨려 큰 대미지!!
MSG:2:77	010E5F		024d0321032b02e10f02d2013e02cb01f601fa9c819686170ff0edf0d5e88802df0f328188016201f601150116ab02771882179998f72100	With itsspear   it can  cleave  the landin two.	일도양단 참철검 대지를 꿰뚫는 궁니르의 창 2가지 공격으로 도와준다!
MSG:2:78	010E97		01471602bf959701c4030a1b1cb0829c888f199001f60307032a9c021801de210f01f602bf02d99c021801de1a1de2edcccf3b0282850ff8e13bf4023e13982100	Emerges from theocean toswallow all.	푸른 바다에서 나타나 모든 것을 삼키는 대해일로 몬스터에게 대미지!
MSG:2:79	010ED8		030001a28803289c0f0f0f8a989e131b02f0af21017f15991f02cd159688016201f684fe3be09e0f03189caf800292160f0f013601681c9800	Flying  on wingsof dark,its beampierces stars.	암흑의 날개를 펄럭이며 난다!입에서 나오는 거대한 빔이 별을 꿰뚫어 부순다
MSG:2:80	010F11		0286018e88012c012e0316159602cc8303068501c4030a1b0fd9d401ea31021821210f19880317881cb08289030f1c92880239170f0f030d188098212100	Heavenlybeing,  it firesfrom itsnose to destroy.	마법진에서 나타나 콧바람 한 방!!모든 것이 남김없이 부서진다!!
MSG:2:81	010F4F		36818802099c1515a11e99a7998802cd1596017c021f02420227030102cc880f011501169c8984810f0f02a5026e1a991f011d9e0f1cb0829c036cb11c2100	6 heads of fire,ice,windthunder,dark,andlight.	6개의 머리에서 불 얼음 번개 바람 어둠 빛의 공격!융합된 힘이 모두를 멸한다!
MSG:2:82	010F8E		9d3f0ac6df89a89915843f00	Huh?{D}\nWho are\nyou?	응?\n자네는 누구인가?
MSG:2:83	010F8E	MSG:2:82	9d3f0ac6df89a89915843f00	Huh?{D}\nWho are\nyou?	응?\n자네는 누구인가?
MSG:2:84	010F8E	MSG:2:82	9d3f0ac6df89a89915843f00	Huh?{D}\nWho are\nyou?	응?\n자네는 누구인가?
MSG:2:85	010F8E	MSG:2:82	9d3f0ac6df89a89915843f00	Huh?{D}\nWho are\nyou?	응?\n자네는 누구인가?
MSG:2:86	010F8E	MSG:2:82	9d3f0ac6df89a89915843f00	Huh?{D}\nWho are\nyou?	응?\n자네는 누구인가?
MSG:2:87	010F8E	MSG:2:82	9d3f0ac6df89a89915843f00	Huh?{D}\nWho are\nyou?	응?\n자네는 누구인가?
MSG:2:88	010F8E	MSG:2:82	9d3f0ac6df89a89915843f00	Huh?{D}\nWho are\nyou?	응?\n자네는 누구인가?
MSG:2:89	010F8E	MSG:2:82	9d3f0ac6df89a89915843f00	Huh?{D}\nWho are\nyou?	응?\n자네는 누구인가?
MSG:2:90	010F8E	MSG:2:82	9d3f0ac6df89a89915843f00	Huh?{D}\nWho are\nyou?	응?\n자네는 누구인가?
MSG:2:91	010F9A		9d3f0a0404db2627c70400899b1f1ba89e0ac6df893f00	Eh?{D}\nI am\n<04>Fawkes<00>.{D}\nWho are\nyou?	응?\n<04>포크<00>는 나네만\n자네는?
MSG:2:92	010FB1		10102c1088e23bf0e7880a02a2a880a88400	Ah,is\nthat{D}\nmoogle yourfriend?	아아,그 모그리의\n친구로군
MSG:2:93	010FC3		1088e23bf0e784960a01c201768502168e99841115960a02529c01f51b821799bc8200	The inn\nhad no\nroom to{D}\nuse,so\nhe demandeda home.	그 모그리라면\n여관에 묵을 수 없으니\n집을 빌려 달라며
MSG:2:94	010FE6		0162024e85018e16025288c5ef9c0a01b3bc8211bc821b8ebc1f9500	But then,\nhe swiped{D}\nmy key\nfrom me!	억지로 빈집 열쇠를\n가져가 버렸다네
MSG:2:95	011002		0153bc82118415bc1f0a0252a815962c018f1f80880a01b502a4850153bc8211119500	The\nhouse was\nvacant{D}\nso feel\nfree to\nuse it.	안 쓰던\n집이니,자네들\n마음대로 써도 되네
MSG:2:96	011025		01c20176892c19881011a80aab161fadbc1597ab0d0a8ea80153bc8211841115968400	The inn\nwas just\nbuilt and{D}\nis not\nready for\nuse yet.	여관은 얼마 전에\n막 지어져서{D}\n아직 안 쓰고 있거든
MSG:2:97	011048		1088e23bf0e784960a01ef8802529c91a0bc8211980a88a4bd841115843f00	I think themoogle was\nwandering{D}\nthe villagehomes.	그 모그리라면\n마을 집들을 돌고\n있지 않을까?
MSG:2:98	011067		ac12a8112c01ef85890a84a49da815843f00	So,\ngotten{D}\nused to\nlife{D}\nhere?	어떤가,마을에는\n익숙해졌나?
MSG:2:99	011079		0404c5dfe67b7b0400892cac198c0a11bc821b8ebc1f88a89a1200	I wonder\nwhere{D}\n<04>Camillas Dad<00>went.	<04>카미라 아빠<00>는 어디로\n가 버린 걸까
MSG:2:100	011094		c6df892c01a802c9119a119a840ac0c1d2e09c2c01b3bc8217980a1e12a8843f00	You brought\nback all\nkinds of{D}\nitems\nlately,huh?	자네,요즘 여러\n아이템을 가져온다던데\n그런가?
MSG:2:101	0110B5		ac19159601b3bc82179888150a02ac1b8217998411153f00	Can you\nsay where{D}\nyou have\nfound them?	어디서 가져오는지\n이야기해 주겠나?
MSG:2:102	0110CD		3d3d3d84988dac0d0a0404c5dfe67b7b0400890a84851585027297034a8e99821b8e110d0a01c2017688017885f8edf45ded9c0a0154bc821b8ebc1f881500	...{D}\nI see. So,\n<04>Camillas Dad<00>{D}\nwas taken\nby something\n{D}and had a\ndungeon\n{D}built under\nthe inn.	…그렇군{D}\n<04>카미라 아빠<00>는\n무언가에 사로잡혀서{D}\n여관 아래에 던전을\n만들어 버렸단 말인가
MSG:2:103	01110C		1b151b2c198802ac0aac1915ab01389da819839e0a10bc1f9512843d3d3d00	But I do\nfeel I\nhave read{D}\nthis\nstory...	하지만,이 이야기\n어디선가 읽은 적이\n있는 것 같은데…
MSG:2:104	01112B		0404e93bf0e60400018f2100	<04>Regla<00>!	<04>레그라<00> 군!
MSG:2:105	011137		89112c02dd01de00	Yes!	네,선생님
MSG:2:106	01113F		198801ef9c035d111f8316850a0218015c1a991f3402d18802369e0a10bc1fa89a123f00	When the\nvillage\nwas founded{D}four\nbooks were\nfound.	이 마을을 개척했을 때\n발견된 4권의 책이\n있었지?
MSG:2:107	011163		89110a01671382118e1c00	Yes,I\nrecall.	네\n기억합니다
MSG:2:108	01116E		80bfbc830a01f81b8217998411153f00	Will you\ntake a{D}\nlook?	잠깐\n찾아 주겠나?
MSG:2:109	01117E		9517025f138217991f870d0a1999ab2c0179159b159815920a1b9984119500	Now we\nmay learn{D}\nsomething.	잘 알려 주었네{D}\n이걸로 뭔가 알 수 있을지도\n모르겠군
MSG:2:110	01119D		133c833d3d3d0aac19ab1b1fbc1887ba00	Hmmm...\nJust{D}\nwhere was\nit?	음…\n어디였더라
MSG:2:111	0111AE		199d8580890a02aa88028b01fbab1c153f00	Hello.{D}\nAre you atraveler?	안녕하세요\n여행 중이신가요?
MSG:2:112	0111C0		841584150265025b840ae23bf0e7ab1c8700	That\nmoogle{D}\nis so\nlively!	꽤 활기찬\n모그리네요
MSG:2:113	0111D2		029489ac121b820a198801ef8501c09088ab0a1bbf12153f00	Why is\nhe\nstaying{D}\nin this\nvillage?	그는 왜\n이 마을에 사는\n걸까요?
MSG:2:114	0111EB		848592025f1382890a1799841188ab1c00	He neversaid.	아무것도\n알려 주지 않아요
MSG:2:115	0111FC		029601ce850a025b8584978e1c8700	How verycurious.	무척\n궁금하네요
MSG:2:116	01120B		9517161f840a02369e3202d1015c8115bc1f9500	You did\nwell.{D}\nThat is 2\nbooks!	잘 왔네\n책을 2권 찾았다네
MSG:2:117	01121F		92123102d1881983890a0404e93bf0e60400018f9e0a02ac1b8217999800	<04>Regla<00>\ntold me\nof{D}\nanother\nbook.	나머지 1권은\n<04>레그라<00> 군이\n이야기해 줄 걸세
MSG:2:118	01123D		022101af025c840236a89500	Curious!	신기한 책이라네
MSG:2:119	011249		030f97883202d19201f81b8214179500	I will seek{D}\nthe other 2!	나머지 2권도 찾아 두겠네
MSG:2:120	011259		199d8580890a02369e3202d1015c8115978e1b1f950a3102d18902dd01de9e149280ab1c00	Hi. There\nwere 2\nbooks found!{D}\nTeacher has\nthe other.	안녕하세요\n책을 2권 찾았어요\n1권은 선생님이 갖고 계세요
MSG:2:121	01127E		01f6022e850342029c01d4110236ab1c00	Peculiar.	무척 흥미로운 책이에요
MSG:2:122	01128F		1f1b1501a802d7850218015c1a991f831685890a1cb082887e3bf49e03650350ab0a8485920276159982118415bc1f88ab1c00	When the book\nwas first\nfound,the{D}\npages were\nblank sheets.	분명 처음 발견됐을 때는\n모든 페이지가 백지라\n아무것도 쓰여 있지 않았어요
MSG:2:123	0112C2		1b151b2c01a30363017f11828f98830a7e3bf4858485150276159982119888ab1c00	But today,I\nopened it,and{D}\nsomething was\non the page!	그런데,오늘 펼쳐 보니\n페이지에 뭔가 쓰여 있어요
MSG:2:124	0112E4		ac12ab1c3f0a015c0167139e10978e1c153f00	So,is it\nfamiliar?	어떠세요?\n본 기억이 있나요?
MSG:2:125	0112F7		9389971e12ab1c1500	I knew{D}\nit!	역시 그렇군요
MSG:2:126	011300		19880236892c10841f9ef8edf45ded8801fbab0a01c402bebc1fe2edcccf3b9e027616034a8e99980a9512ab1c8700	The book keeps\nrecords of the\nmonsters that{D}\nyou find inside\nof dungeons.	이 책에는,당신이 던전에서\n만난 몬스터가 적히는\n것 같아요
MSG:2:127	01132F		034502fb892c8ebc1f179b15978e1d9d9e0a01f6022e850342029c01d4110236ab1c00	I have no\nclue how it{D}\nworks. How\nfascinating!	원리는 전혀 모르겠지만\n무척 흥미로운 책이에요
MSG:2:128	011352		1e12ab1c872c198802369c0a0401032c0fe2edcccf3bdb22c1e80f032d04000a830197ae8e1bbf120f0f0f0f0f0f0f00	We can call\nthis book the\n<02>Monster File<00>.	그래요,이 책을\n<01>【 몬스터 파일 】<00>\n이라고 부르죠
MSG:2:129	011382		0401032c0fe2edcccf3bdb22c1e80f032d0400890a1e1988024d021b0171035a880236035e8c0a0210998214168e1c0a01b502a485015c8201781a1100	I put the\n<02>Monster File<00>\non the right\nbookshelf.{D}\nPlease feel\nfree to use\nit.	<01>【 몬스터 파일 】<00>은\n저기 맨 오른쪽 책장에\n넣어 둘게요\n자유롭게 보세요
MSG:2:130	0113BF		030f97883202d19201f81b8214168e1c00	I will seek{D}\nthe others.	나머지 2권도 찾아 둘게요
MSG:2:131	0113D0		4001de1688ae988589600d0a19999e2c19880236880a023a01e2889512a800	<02>How to\nSurvive<00>{D}\nis the\ntitle.	「살아남으려면」{D}\n이게 이 책의\n이름인 모양이군
MSG:2:132	0113EF		01a5035a880236035e8c02e31182141788ab0a01b502a485015c841a1100	It is on\nthe left{D}\nshelf.\nPlease use it.	왼쪽 책장에 둘 테니\n자유롭게 보게
MSG:2:133	01140D		02369c0138900a0236035e8c92ac1c00	Read\nReturn	책을 읽는다\n책장에 되돌린다
MSG:2:134	01141D		0310887e3bf49c015c980a83a49800	Next\nEnd	다음 페이지를 본다\n덮는다
MSG:2:135	01142C		0310887e3bf49c015c980a01e2887e3bf49c015c980a83a49800	Next\nPrevious\nEnd	다음 페이지를 본다\n앞 페이지를 본다\n덮는다
MSG:2:136	011446		01e2887e3bf49c015c980a83a49800	Previous\nEnd	앞 페이지를 본다\n덮는다
MSG:2:137	011455		4002d3014802d89e01549701c41b1f0f0f0f0f0a0ff8edf45dedab10bc82920f0f0f0a0fc0c1d2e08902360229ab10980f0f0f600c00	Items are real\nin the Tyrian\nCrystal dungeon¶	「자수정이 만들어 낸\n 던전이라 해도\n 아이템은 진짜다」¶
MSG:2:138	01148B		4003479c161f130f0f0f0f0f0f0f0f0a0f011801199c161f130f0f0f0f0f0f0f0a0f0235011b9c161f139a0f0f0f0f0f0f600c00	Forge your\nweapons,armor,\nand body!¶	「자신을 단련하고\n 무기를 단련하고\n 방어구를 단련하라」¶
MSG:2:139	0114BF		40ccc127d09c03341c01e2850f0f0f0f0a0f1c191b0349139a0f0f0f0f0f0f0f600a0f0c00	Plan before\npressing a\nswitch!¶	「스위치를 누르기 전에\n 조금 생각하라」\n ¶
MSG:2:140	0114E4		409b159684119288890f0f0f0f0f0a0f0153132c1e1b8201e6010c1b9a0f0f0f600c00	Use or equip\nwhat you do\nnot know!¶	「모르는 것은\n 써라,그리고 장비하라」¶
MSG:2:141	011507		40849dab920153bc820a0f1596a8ab14b1139a0f0f0f0f0f600c00	Commit items\nto memory!¶	「뭐든지 써서\n 몸으로 익혀라」¶
MSG:2:142	011522		400265025b9e84178498830a0f48509e8cbc821b8e120f0f0f0f600c00	If Energy\ndrops to 0,\nHP lowers!¶	「기운이 없어지면\n HP가 줄어든다」¶
MSG:2:143	01153F		40109b8298840a0f158496a502bd8910980f0f0f0f0f600c00	Do not fret.\nThere is\nalways a way!¶	「당황하지 마라\n 반드시 길은 있다」¶
MSG:2:144	011558		40f8edf45ded8801fbab1f149998830a0f4c769e311a9ebc821b8e120f0f600c00	If you faint\nyour Level{D}\nlowers by 1!¶	「던전 안에서 쓰러지면\n Lv가 1 내려간다」¶
MSG:2:145	011579		40032c032f032d5fcfed8903341b81aa18980a0f198392ab16980f0f0f0f0f0f0f600c00	The {32F} button\ncan be held\ndown!¶	「【○】 버튼은 계속 누르고\n 있을 수도 있다」¶
MSG:2:146	01159D		400147110146892c01b3bc82111f960a0f020ba4928889024380841784980f0f600c00	You can not\nfind Magicite\nyou own!¶	「파란 돌은 가지고 있으면\n 같은 것은 떨어지지 않는다」¶
MSG:2:147	0115C0		404c76302b4c76300f890f4c76310a0f01b5022a880231012e9c01549701c41d0f0f0f600c00	Joining two\nLv0 makes Lv1!\nForge a way!¶	「Lv0+Lv0 은 Lv1\n 자신만의 방법을 만들어라」¶
MSG:2:148	0115E6		3402d10128892c02dd01de9e0a01b3bc821496998e1c00	Teacher\nhas the{D}\n4 th\nbook.	4권째는 선생님이\n갖고 계세요
MSG:2:149	0115FD		8e1f3102d1015c8115bc1f9500	Another{D}\nbook found!	또 1권 찾았다네
MSG:2:150	01160A		01389da814b1139e10bc1f88890a19880236a8bc1f9da800	This is\nthe book I{D}\nrecall\nreading.	읽은 기억이 있던 건\n이 책이었어
MSG:2:151	011622		1fa88802290348a88301afbc82111f0d0a02360208881983a8bc1f83893d3d00	What I\nthought was{D}\na story\nseems to{D}\nbe true.	그냥 이야기인 줄 알았는데{D}\n진짜였을 줄이야…
MSG:2:152	011642		19880236922c1e19880236035e8c0a02e31182141788ab01b502a4850a015c82179900	I will\nput this\non the{D}\nshelf too.\nPlease\nread it.	이 책도 저기 책장에\n둘 테니 자유롭게\n보게나
MSG:2:153	011665		0404c5dfe67b7b0400892c017983150a02771801c41d1f9e3d3d0d0a0404c0d3e60400018f9c027718981983890aab169888a89a12153d3d00	<04>Camillas Dad<00>is safe...{D}\nBut can we\nhelp <04>Atla<00>?	<04>카미라 아빠<00>는 어떻게든\n구해 냈지만…{D}\n<04>아트라<00> 군을 구할 수\n있을까…
MSG:2:154	01169E		0404c5dfe67b7b0400892c02fa8801ca84110a14a8931584d05dc95fa815960a01f601b1858984968415bc1f9512a800	<04>Camillas Dad\n<00>is a calm\nchocobo with{D}\nfew desires.\nHe does not\nwant much.	<04>카미라 아빠<00>는 욕심이 적은\n온화한 초코보라서\n큰일은 없었던 모양이네
MSG:2:155	0116CE		1b151b2c0404c0d3e60400018f893d3d0d0a1e881983892c018f9e024d021b95170a9b15bc82119888ab898411153f00	But\n<04>Atla<00>...{D}\nI am sure\nyou know{D}\nhim best?	하지만,<04>아트라<00> 군은…{D}\n그건 자네가 제일 잘\n알고 있지 않나?
MSG:2:156	0116FE		8e1f3102d1015c8115978e1b1f9500	One more{D}\nbook found!	또 1권 찾았어요
MSG:2:157	01170D		0236892c02dd01de9e01b3bc821496998e1c00	Teacher has it.	책은 선생님이 갖고 계세요
MSG:2:158	011720		4002d3014802d885027297034a8e991f9288890a0f01b5022a8802fa036a8801d41a83020ba401d41a880a0ff8edf45ded9c01549701c41c0f0f0f0f0f600c00	One taken by the\nTyrian Crystal hasa dungeon as deep as their desire.¶	「자수정에 사로잡힌 자는\n 자기 욕망의 깊이만큼 깊은\n 던전을 만들어 낸다」¶
MSG:2:159	011760		401e198589022101af025c84c0c1d2e09e0a0f01da01f0171415998211980a0f1e999c02c591820210bc82161f0a0f02ba0264014e88034d9c018a110272bc821b8e120f600c00	Treasures tempt\nexplorers,who thenhave their spiritsabsorbed.¶	「그곳엔 신기한 아이템이\n 많이 놓여 있고\n 그것을 찾아 들어온\n 모험자의 영혼을 빨아들인다」¶
MSG:2:160	0117A7		40034d9c1f171a9d018a110272bc1f02d3014802d8890a0f939e8201f616178497022a02fe1b031702558c0a0f026c9e980f0f0f0f0f0f0f0f0f0f0f0f600c00	The Tyrian Crystaltook many spirits.If it keeps\ngrowing...¶	「많은 영혼을 삼킨 자수정은\n 이윽고 커져서 분열하여\n 세상에 퍼진다」¶
MSG:2:161	0117E7		401e12849801e2852c02d3014802d89c0a0f0226a4841899ad849684110a0f1b151b2cac120226a499ad111188150f600c00	It will spread.\nIt must be\nstopped,but\nhow?¶	「그렇게 되기 전에 자수정을\n 봉인해야 한다\n 하지만,어떻게 봉인하면 될까」¶
MSG:2:162	011819		409b999b9985ab161f1983890a0f027297034a8e991f92889c03611b0d0a0f01fa01fb01d4178c1291981983a818a8bc1f600c00	We defeated what\nwas within and\nburied it under\nthe ground.¶	「우리가 할 수 있었던 것은\n 사로잡힌 자를 쓰러뜨려{D}\n 땅속 깊이 묻는 것뿐이었다」¶
MSG:2:163	01184D		40a89e01b488032a99830306850a0f02d3014802d889013201841c98a89a120f0f0f0f600c00	But,in time,\nit will return.¶	「하지만 시간이 흐르면\n 자수정은 부활하리라」¶
MSG:2:164	011873		401e8801b48502d3014802d89597920a0f198802369e02dd850218015c1a999819839c0a0f033d9a120f0f0f0f0f0f0f0f0f0f0f0f600c00	I hope that\nthis book is\nfound before\nit does...¶	「그때 자수정보다\n 이 책이 먼저 발견되기를\n 기도하자」¶
MSG:2:165	0118AB		198802368801a8019985022101af025c8419839e0a02761182109888a89e3d3d0d0a018f85899b15988815843f00	At the end\nthere is{D}\nsomething\nmysterious.{D}\nDo you\nunderstand?	이 책의 마지막에 신기한 말이\n쓰여 있는데…{D}\n자네는 알겠나?
MSG:2:166	0118D9		4002368802b9858b9999ad4c76890f1e888e8e0f0a0f0236880371858b9999ad4c76890f89a4911596600a9b1f1b85892c0179881983a81500	Touch the front,\nlevel remains.{D}\nTouch the back,\nlevel reverts to 1.	「앞면을 만지면 Lv 그대로\n 뒷면을 만지면 Lv 처음부터」\n나는 무슨 소린지
MSG:2:167	011912		4002368802b9858b9999ad4c76890f1e888e8e0f0a0f0236880371858b9999ad4c76890f89a4911596600c00	Front:Lv remains\nBack:Revert Lv to 1¶	「앞면을 만지면 Lv 그대로\n 뒷면을 만지면 Lv 처음부터」¶
MSG:2:168	01193E		02b9858b99980a0371858b99980a8b99841100	Front\nBack\nDo not	앞면을 만진다\n뒷면을 만진다\n만지지 않는다
MSG:2:169	011951		f8edf45ded1596036dbc82920a4c76891e888e8e8584978e1c0c00	Your Lv will\nstay on exit¶	던전에서 돌아와도\n현재 Lv 그대로입니다¶
MSG:2:170	01196C		f8edf45ded1596036d98830a4c7689318584978e1c0c00	Revert yourLv to 1?¶	던전에서 돌아오면\nLv 1이 됩니다¶
MSG:2:171	011983		01a80199883102d1015c8115bc1f9500	One last\nbook found!	마지막 1권을 찾았다네
MSG:2:172	011993		8e1f9293022101af025c840236a89500	Mysterious{D}\nagain!	또다시 신기한 책이라네
MSG:2:173	0119A3		3402d10128ab1c00	Book{D}\n4...	4권째예요
MSG:2:174	0119AB		ac12ab1c3f0a199992015c01671310978e1d9d153f00	So? Do you\nremember{D}\nthis one?	어떠세요?\n이것도 본 기억 없으세요?
MSG:2:175	0119C1		1e12ab1c0a1999921e12ab1c00	Right.{D}\nHere...	그래요\n이것도 그래요
MSG:2:176	0119CE		19880236890a0401032c0fc0c1d2e0db22c1e80f032d04000a830197ae8e1bbf120f0f0f0f0f0f0f00	We can call\nit the\n<02>Item File<00>.	이 책은\n<01>【 아이템 파일 】<00>\n이라고 부르죠
MSG:2:177	0119F7		0401032c0fc0c1d2e0db22c1e80f032d0400890a19880236035e8c0210998214168e1c0a01b502a485015c8201781a1100	The <02>Item File<00>\nis here on\nthe shelf.{D}\nPlease use\nit anytime.	<01>【 아이템 파일 】<00>은\n이 책장에 넣어 둘게요\n자유롭게 보세요
MSG:2:178	011A28		3402d11cb0821e9a118e1b1f8700	All 4 books!	4권이 전부 모였네요
MSG:2:179	011A36		03178801fb8ea88ea80a022101af025c9e1f171a9d10978e1c00	Many\nmysteries{D}\nremain in\nthis world.	세상에는 아직\n신기한 게 많아요
MSG:2:180	011A50		8b900af8edf45ded8901cb138415bc1f00	Hm. So the\ndungeon{D}\nstayed.	흠\n던전은 사라지지 않았군
MSG:2:181	011A61		02839ef8edf45ded9c0a1a1a1382119888a89a123f00	But who is\nfueling the{D}\ndungeon?	누가 던전을\n지탱하고 있는 걸까?
MSG:2:182	011A77		02d3014802d889101f961b11939702319c0a015c81181f88ab898411a89a121500	The Tyrian\nCrystal must{D}\nhave found\na new method.	자수정은 새로운 방법을\n찾아낸 게 아닐까
MSG:2:183	011A98		1e122c0346014988027bab8984170a8f9d8488027b9c027297034a903d3d00	Not just\nconsuming{D}\none heart\nbut all{D}\nhearts.	그래,한 사람의 마음이 아니라\n모두의 마음을 사로잡는…
MSG:2:184	011AB7		1e12848815921b9984110a1088f8edf45ded893d3d00	Perhaps\nthat is{D}\nwhat the\ndungeon{D}\nis...	그럴지도 모르지\n저 던전은…
MSG:2:185	011ACD		9b1f1b1f8088036a9da80af8edf45ded848815921b99841100	A dungeon\nof our{D}\ncombined\ndesires...	우리가 바란\n던전일지도 몰라
MSG:2:186	011AE6		f8edf45ded9e010402050a10969b998e1b1f00	A third\ndungeon...	던전이 세 번째로\n나타났어요
MSG:2:187	011AF9		9b1f1b892c02dd01de838392850a10980349139c01fdb082118e1c00	I have\nan idea to{D}\ncheck with\nTeacher.	저는 선생님과 함께\n어떤 생각을 조사하고 있어요
MSG:2:188	011B15		029601ce8514921b9a179210970a141e9a1b179210978e1c00	Interesting,\nbut dreadful.	무척 흥미롭기도 하고\n무섭기도 해요
MSG:2:189	011B2E		f8edf45ded9eab161f1596191e0a198801ef891414161784bc1f88ab1c00	The village\nhas grown by{D}\nthe creation\nof dungeons.	던전이 생겼기 때문에\n이 마을은 커진 거예요
MSG:2:190	011B4C		01ef888f841a9d890a1e9985025b9e811182118e1c00	Everyone\nin the{D}\nvillage\nnoticed it.	마을 사람들은\n그걸 깨닫고 있어요
MSG:2:191	011B62		01b5022a1f809e2c1988f8edf45ded9c0a036a9dab111f19839c00	This is the\ndungeon we{D}\nhave desired.	자신들이 이 던전을\n바라고 있었다는 걸
MSG:2:192	011B7D		c0c1d2e0d3e93bfc9c1b8e1c153f0c00	Trade items?¶	아이템 트레이드를 할까요?¶
MSG:2:193	011B8D		d3e93bfc01fb89e1e2e73bc53bfc9c86158411ab17a81a110c00	Trading. Do not touch memory card.¶	트레이드 중에는 메모리 카드를 빼지 마세요¶
MSG:2:194	011BA7		f13be09c017f02b31b1f88832c809e12035a88ccea27d3850ad3e93bfc01e501ba88e1e2e73bc53bfc9c1a1b8217a81a110c00	Please insert memory\ncard of trading\npartner¶	
MSG:2:195	011BDA		e1e2e73bc53bfc9cd02527c71b82118e1c0c00	Checking memory card.	메모리 카드를 확인하고 있습니다¶
MSG:2:196	011BED		d3e93bfc01e501ba88db22c1e89c031b9dab01781a110c00	Pick file to trade with.¶	
MSG:2:197	011C05		0f0f01b5022a88027f02670f0f0c00	Mine¶	  내 창고   ¶
MSG:2:198	011C14		0f0f01e501ba88027f02670f0f0c00	Partner¶	  상대 창고  ¶
MSG:2:199	011C23		c0c1d2e0d3e93bfc9c03129b978e1c153f0c00	End trade?¶	아이템 트레이드를 끝낼까요?¶
MSG:2:200	011C36		d3e93bfc030802539ccd3bff1b8e1c153f0c00	Save results?¶	트레이드 결과를 세이브할까요?¶
MSG:2:201	011C49		02680257ab1698cd3bfffb3bcf9e10978e1d9d0a032b023188e1e2e73bc53bfc9c01fdb08217a81a1100	Data will be saved\non both memory cards.	교환할 세이브 데이터가 없습니다\n양쪽 메모리 카드를 확인해 주세요
MSG:2:202	011C73		1988cd3bfffb3bcf892c027f02679c15978211841188ab0ad3e93bfc89ab168e1d9d00	This file has not\nrented storage.	창고를 빌리지 않은 데이터라\n트레이드할 수 없습니다
MSG:2:203	011C96	MSG:0:0	0402cd3bff04001b8e1c153f0c00	<02>Save<00>?¶	<02>세이브<00>할까요?¶
MSG:2:204	011CA4	MSG:0:1	0402cd3bff040001fbab1c0a0402e1e2e73bc53bfc04009c0a0292158411ab17a81a110c00	<02>Saving<00>...\nDo not touch the\n<02>Memory Card<00>¶	<02>세이브<00> 중입니다\n<02>메모리 카드<00>를\n빼지 마세요¶
MSG:2:205	011CC9	MSG:0:2	01c501b3015f0f0706efe80c00	GP{7:06}Gil¶	소지금 {7:06}길¶
MSG:2:206	011CD6	MSG:0:5	0f890f110a0f11111300	Yes\nNo	 예\n 아니오
MSG:2:207	011CE0	MSG:0:6	ac8802af8c019f978e1c153f0c00	Floor?¶	몇 층으로 내려갈까요?¶
MSG:2:208	011CEE	MSG:0:301	849d93879d840a8ea893bc8200	I am\ndoing{D}\nsome\nthing.	Wait\nnot done yet
MSG:3:0	01826E	MSG:0:0	0402cd3bff04001b8e1c153f0c00	<02>Save<00>?¶	<02>세이브<00>할까요?¶
MSG:3:1	01827C	MSG:0:1	0402cd3bff040001fbab1c0a0402e1e2e73bc53bfc04009c0a0292158411ab17a81a110c00	<02>Saving<00>...\nDo not touch the\n<02>Memory Card<00>¶	<02>세이브<00> 중입니다\n<02>메모리 카드<00>를\n빼지 마세요¶
MSG:3:2	0182A1	MSG:0:2	01c501b3015f0f0706efe80c00	GP{7:06}Gil¶	소지금 {7:06}길¶
MSG:3:3	0182AE	MSG:0:3	0f0402cd3bff0400850271028d1b8e1b1f00	<02>Save<00> failed.	 <02>세이브<00>에 실패했습니다
MSG:3:4	0182C0	MSG:0:4	0402e1e2e73bc53bfc04009e0a1a1abc82118e1d9d00	There is no\n<02>Memory\nCard<00>.	<02>메모리 카드<00>가\n꽂혀 있지 않습니다
MSG:3:5	0182D6	MSG:0:5	0f890f110a0f11111300	Yes\nNo	 예\n 아니오
MSG:3:6	0182E0	MSG:0:6	ac8802af8c019f978e1c153f0c00	Floor?¶	몇 층으로 내려갈까요?¶
MSG:3:7	0182EE	MSG:0:7	d3e6277da885bf3c9d070000	A trap!{7:00}	함정이지롱~{7:00}
MSG:3:8	0182FA	MSG:0:8	0f0f0f158eac0f0f0f0c00	Furnace¶	   용광로   ¶
MSG:3:9	018305	MSG:0:9	e7cac1c7e85f27c7cc0c00	Recycle¶	리사이클 박스¶
MSG:3:10	018310	MSG:0:10	118080800a199dac89849da83c00	Whooa<\n{D}What\nhappened?	아야야야\n이번엔 또 뭐야~
MSG:3:11	01831E	MSG:0:11	849da82c01c201768801e215950d0a9d3f0a01c201768801e2a8bc823f00	Wah!{D}\nIn front\nof the inn?{D}\nWhy?	뭐야,여관 앞이잖아{D}\n응?\n여관 앞이라고?
MSG:3:12	01833C	MSG:0:12	8eb72ca88e1a99808ebc1f929d890a1bbf129e84111500	Nothing we\ncan do about{D}\nbeing\ntricked.	뭐,속아 넘어간 건\n어쩔 수 없지
MSG:3:13	018353	MSG:0:13	ac12939610880217ebe6023301ae880ad05dc95f9e1988f8edf45ded880ad6cb961b118400	The straw\nhat chocobo\nseems to be{D}\nthe keeper\nof the\ndungeon.	아무래도 저 밀짚모자 쓴\n초코보가 이 던전의\n주인인 것 같아
MSG:3:14	018378	MSG:0:14	1e9d84191fb719881a110aac12ab92111100	We best\nmove on.	그런 건 이제 와서\n아무래도 좋아
MSG:3:15	01838A	MSG:0:15	9512892c1088f8edf45ded880a01fb8589e9c084c0c1d2e09e0aacbc80bd97109815921b999d0abc821983a89500	The main\nthing is,\nthere is\nprobably{D}\ntreasure\ninside that\ndungeon...	요컨대,저 던전\n안에는 레어 아이템이\n잔뜩 있을지도 모른다\n이거지
MSG:3:16	0183B8	MSG:0:16	1e99a4bd2cc4e98901c0911e12840a83199a9c01f81b82179815961a0d0a04040b040089f8edf45ded850a019f978211178885021e02408401e6010c0a9c01dc139a950d0a1e99a4bdb78700	Anyway,\nwhile I\nfind us a{D}\nplace to\nstay,you\nshould{D}\nprepare to\nexplore,\n<04>{B}<00>!	그럼,난 살 만한 곳을\n찾아볼 테니까{D}\n<04>{B}<00>,넌 던전에\n내려갈 준비를 해 둬{D}\n그럼 나중에 봐
MSG:3:17	018404	MSG:0:17	93b70a1196bc1bbd1100	Hello,\nthere!	여어\n어서 와
MSG:3:18	01840E	MSG:0:18	026e027c01768c9512191e0a84859c026e027c1b8e1bbf1200	Welcome\nto my{D}\nForge.\nWant to\nfuse?	합성소에 잘 왔어\n뭘 합성할까?
MSG:3:19	018427	MSG:0:19	018fa8873f0d0a1abc16881ca2170a0265025b84e23bf0e7880a02a20282bc82888900	You\nfriends\nwith{D}\nthe hypermoogle\nfrom{D}\nbefore?	너구나?{D}\n아까 그 엄청\n활기찬 모그리의\n친구라는 게
MSG:3:20	01844A	MSG:0:20	0265025b84e23bf0e784960a01ef01fe8802528c019ebc1f950d0a102c1e121e120d0a1e881280022e9bbc1f0a01c802159c1c9815960d0a1e888316850a0241821799958400	That\nenergetic{D}\nmoogle\nwent to{D}\nsee the\nmayor.{D}\nMy shop\nopens soon{D}so please\ncome by{D}\nthen!	활기찬 모그리라면\n촌장님 댁에 갔어{D}\n아,맞다 맞다{D}\n조만간 색다른\n장사를 시작할 테니까{D}\n그때\n와 줘
MSG:3:21	018490	MSG:0:21	01ef01fe88025215113f0d0a5fc78819880252881ca00a01a5880252a8950d0a1e19880404db2627c704001a9d9e0a198801ef8801ef01fe1a00	The mayor?{D}\nGo left\nfrom here!{D}\nThe villagemayor,{D}\n<04>Fawkes<00>\nis there.	촌장님 댁 말이야?{D}\n우리 집 바로\n왼쪽 집이야{D}\n거기 <04>포크<00> 씨가\n이 마을 촌장이지
MSG:3:22	0184CA	MSG:0:22	8ea81988025902549e0a020a1584119da800	My\nmachine{D}\nis not\nrunning.	아직 이 기계가\n안 움직여
MSG:3:23	0184DC	MSG:0:23	1988025902541ca0850acafe821b8e129da80d0a8485151111c0c1d2e09e0a84111584b700	My machine\nis rusty.{D}\nIf there\nwas an{D}\nitem to\nhelp...	이 기계는 금방\n녹이 슬어 버려{D}\n뭔가 좋은 아이템\n없으려나
MSG:3:24	018501	MSG:0:24	101010102c100a1e1e2c1e88c53bfc890a84842c849da8113f00	Ahhhh,\nthat!{D}\nThat\ncard! Whatis that?	아아아아,아\n그그,그 카드는\n뭐,뭐야?
MSG:3:25	01851B	MSG:0:25	024c12950a1999a4bd841100	Not\nthis.	아니야\n이게 아니야
MSG:3:26	018527	MSG:0:26	1414210a1999892100	Ah,\nthis!	오오!\n이건!
MSG:3:27	018530	MSG:0:27	93bcb2971e12a80a1999a82100	This\nwill{D}\ndo it!	역시 그렇군\n이거야!
MSG:3:28	01853D	MSG:0:28	018f210a1ca2119519992100	You!\nAmazing!	너!\n이거 굉장해!
MSG:3:29	018549	MSG:0:29	10bc210af2e1ed00	Ah!	앗!\n미안
MSG:3:30	018551	MSG:0:30	c53bfc2c15bc82850a0153bc80bdbc1f9500	Sorry!{D}\nI ended\nup{D}\nusing thecard.	카드,멋대로\n써 버렸어
MSG:3:31	018563	MSG:0:31	ab922c025902549e020a111f15960a03401b821799958400	But now,\nit runs!{D}\nForgive\nme!	그래도 기계가 움직였으니\n용서해 줘
MSG:3:32	01857B	MSG:0:32	1e88159b97850a31017da818ca3bfecc1c98159600	As an\napology{D}\nuse it\nonce,free.	그 대신\n1번은 공짜로 해 줄게
MSG:3:33	018590	MSG:0:33	102c19880259025488031a012a9c0a1b828415bc1f958400	Ah,I\nnever{D}\nexplained\nit...	아,이 기계 설명을\n안 했지
MSG:3:34	0185A8	MSG:0:34	1e122c198802590254191e9e0ac7eb83c7eb9c01a4a6820a02b51b11c7eb851c9802590254a800	This\nmachine can\nfuse{D}\ntogether\ntwo of\nyour tools.	그래,이 기계야말로\n도구와 도구를 섞어서\n새 도구로 만드는 기계야
MSG:3:35	0185CF	MSG:0:35	133f0a95179b159684113f00	Eh?\nTell you{D}\nmore?	응?\n잘 모르겠다고?
MSG:3:36	0185DB	MSG:0:36	133c832c0339035f8502661283a88400	How to say...	음~ 간단히 말하자면
MSG:3:37	0185EB	MSG:0:37	1e88018f8801b3bc821198d1e10a1e122cd1e19c328111991f960a02b51b11d1e18501de8e99022e9b9800	Those\nTalons you\nhold. Put{D}\ntwo of\nthem in to\ncreate a{D}\nnew one.	네가 가진 그 발톱\n그래,발톱을 2개 넣으면\n새 발톱으로 다시 태어나지
MSG:3:38	018616	MSG:0:38	1e88018f8801b3bc821198c7e60a1e122cc7e69c328111991f960a02b51b11c7e68501de8e99022e9b9800	Those\nSaddles you\nhold. Put{D}\ntwo of\nthem in to\ncreate a{D}\nnew one.	네가 가진 그 안장\n그래,안장을 2개 넣으면\n새 안장으로 다시 태어나지
MSG:3:39	018641	MSG:0:39	01e6010cab169892889c328111991f960a02b51b11e2d88501de8e99022e9b989da800	Put two\nequippable{D}\nitems in to\nmake a new\none.	장비품을 2개 넣으면\n새 물건으로 다시 태어나지
MSG:3:40	018664	MSG:0:40	3d3dd1e13f0a018f2c1e88d1e189ac19ab0a01ba850210991f9da83f00	...\nTalons?\nWhere did{D}\nyou find\nthose\nTalons?	…발톱?\n너,그 발톱은 어디서\n손에 넣은 거야?
MSG:3:41	018681	MSG:0:41	3d3dc7e63f0a018f2c1e88c7e689ac19ab0a01ba850210991f9da83f00	...\nSaddle?\nWhere did{D}\nyou find\nthose\nTalons?	…안장?\n너,그 안장은 어디서\n손에 넣은 거야?
MSG:3:42	01869E	MSG:0:42	1e121113ad2c018f0a1e99892c849da8113f0aac19ab01ba850210991f9da83f00	Speaking\nof which\nwhat is{D}\nthat?Where\nis it\nfrom?	그러고 보니,너\n그건 뭐야?\n어디서 손에 넣었어?
MSG:3:43	0186BF	MSG:0:43	1e9989dadfd13f00	Secret?	그건 비밀?
MSG:3:44	0186C7	MSG:0:44	025b858498a4bd8411150a025f138217999500	Curious!\nTell me!	궁금하잖아\n알려 줘
MSG:3:45	0186DA	MSG:0:45	f8e13f00	No?	안 돼?
MSG:3:46	0186DE	MSG:0:46	123c9d0a025b858498a73c00	Hm...{D}\nHow\nodd.	으음~\n궁금하다~
MSG:3:47	0186EA	MSG:0:47	849da8bc823f0af8edf45deda8bc823f00	What?\nA dungeon?	뭐라고?\n던전이라고?
MSG:3:48	0186FB	MSG:0:48	123c9d0a0404c5dfe67b7b04001a9d92027b0364a818ac0af8edf45ded92025b85849884b700	I worry for\n<04>Camillas Dad<00>\nbut also{D}\nthe dungeon\n...	으음~\n<04>카미라 아빠<00>도 걱정이지만\n던전도 궁금하네
MSG:3:49	018721	MSG:0:49	31017dca3bfecc1c98bc820a036f035ba8bc1f8700	You were\npromised{D}\none free\ntry.	1번 공짜로 해 주기로\n약속했었지
MSG:3:50	018736	MSG:0:50	1988070081ab111115113f0f0c00	{7:00}	이거 {7:00}개면 될까?¶
MSG:3:51	018744	MSG:0:51	0700efe80a021e0240a818ac111115843f0f0f0c00	{7:00}	{7:00}길\n필요한데 괜찮겠어?¶
MSG:3:52	018759	MSG:0:52	01a802c92c8e1001fd01ae9e024a119da80a1088c53bfc88019a1601289e0a841784bc82161f8815843f00	Lately it\nhas not\nworked.{D}\nPerhaps the\nCard has\nworn off?	요즘 또 상태가 안 좋아\n그 카드의 효과가\n다 떨어졌나?
MSG:3:53	018784	MSG:0:53	1ab72cac9dac9d0241821799950a92bc8314015f9c02e691820d0a0404cad5c004009c19198c01979dab0a11bc1bbf850369961c9da800	You keep\ncoming{D}\nback! After\nsaving more{D}\nmoney,I\nwill ask{D}\n<04>Sania<00> to\nlive here.	자,계속 찾아와 줘\n돈을 더 모아서{D}\n<04>사니아<00>를 여기로 불러\n함께 살 거야
MSG:3:54	0187BB	MSG:0:54	93bc832c0404cad5c004009e02418217991f950a19991596922c1988140287ab0a026e027c1b8217999500	<04>Sania<00> is\nfinally here!\nKeep fusing{D}\nhere from\nnow on!	드디어 <04>사니아<00>가 와 줬어\n앞으로도 이 가게에서\n합성해 줘
MSG:3:55	0187E6	MSG:0:55	89a4918e1b820a0404cad5c004008311118e1c00	Hello!{D}\nI am\n<04>Sania<00>.	처음 뵙겠습니다\n<04>사니아<00>라고 해요
MSG:3:56	0187FA	MSG:0:56	1181920404e6ccc704009e0a141d9b8584bc828e1c00	<04>Rask<00> is\nalways{D}\nhelping\nme.	늘 <04>라스크<00>가\n신세 지고 있어요
MSG:3:57	018810	MSG:0:57	9b1f1b929e9dad978e1c15960a10841f922c9e9dadbc8217a81a118700	I am doing\nmy best,so{D}\nyou do the\nsame!	저도 열심히 할 테니\n당신도 힘내세요
MSG:3:58	01882D	MSG:0:58	ac121c983f0a328188026e027c15113f0a1e9983922c338115113f0c00	So,want\nto fuse 2?\nOr 3?¶	어떻게 할래?\n2개 합성?\n아니면 3개?¶
MSG:3:59	01884A	MSG:0:59	3281880a3381880a939182141700	2\n3\nQuit	2개\n3개\n그만둔다
MSG:3:60	018858	MSG:0:60	14933f0a1e88c53bfc89849da83f0a80bfbc83015c1d8217999500	Oh? What\nis that\ncard?{D}\nCould I\nsee?	어라?\n그 카드는 뭐야?\n잠깐 보여 줘
MSG:3:61	018873	MSG:0:61	192c1999892100	What?	이,이건!
MSG:3:62	01887A	MSG:0:62	10210ff2e1ed0a8e1f93bc1f9500	Sorry!\nI did{D}\nit\nagain!	앗!미안\n또 저질렀어
MSG:3:63	018888	MSG:0:63	19999c10a19815960a03401b8217999500	Please\nforgive{D}\nme.\nHere.	이걸 줄 테니까\n용서해 줘
MSG:3:64	018899	MSG:0:64	81110154bc1f9da818ac0a1faf9d015313988301af1200	This was\nmade.{D}\nYou can\nuse it.	그냥 만들어 본 건데\n아마 쓸 만할 거야
MSG:3:65	0188B0	MSG:0:65	1faf9dc0c1d2e09c31810a01fa035788ac19158c010d9dab1799980d0a02a60202ab892c018f8802528c0a036dbc8217989500	This item\ncan return{D}\nan item to\nyour home.	아마 아이템을 1개\n지상 어딘가로 옮겨 줄 거야{D}\n예정대로라면 너희 집으로\n돌아올 거야
MSG:3:66	0188E3	MSG:0:66	ac121b1f3f0a8e1fd2e97f5f27c7cc9e119888153f00	What is\nit? Another{D}\nTeleport Box?	무슨 일이야?\n또 텔레포 박스가 필요해?
MSG:3:67	0188F9	MSG:0:67	89112c1999ab111100	Yes,\nhello.	자,이거면 됐어
MSG:3:68	018902	MSG:0:68	01b7892c025902549c0a7beb3bc0277d1b1f9da800	I powered\nthe{D}\nmachine.	실은,기계를\n파워업했어
MSG:3:69	018917	MSG:0:69	026e027c1c988316852ccfd79301b79c0a11bc1bbf8501a4a69819839eab16989da800	When fusing\nyou can also{D}\nadd a seed or\nnut.	합성할 때 씨앗이나 열매를\n같이 섞을 수 있게 됐어
MSG:3:70	01893A	MSG:0:70	0404c2c1f504009e0adaedd39c17991f9da800	<04>Wiz<00> gave\na hint.	<04>위즈<00>가\n힌트를 줬거든
MSG:3:71	01894D	MSG:0:71	026e027c1c9883168511bc1bbf8502109998830ad1e193c7e6882c0211011d9c026e01f3ab16980acfd79e1098961b1100	When fusing\nthere is a\nseed to{D}\ncombine abilitiesof Talons and\nSaddles.	합성할 때 같이 넣으면\n발톱이나 안장의 능력을\n합칠 수 있는 씨앗이\n있다나 봐
MSG:3:72	01897E	MSG:0:72	92bc83920211011d8932811b150a026e027cab16841118ac8400	At most\nup to 2{D}\nabilities\ncan fuse.	다만 능력은 2개까지만\n합성할 수 있지만
MSG:3:73	018998	MSG:0:73	015c81181f888496849dab920a1f911b828f989da88400	If you\nfind it,{D}\ntry it\nwith many{D}\nthings.	찾으면 뭐든지\n시험해 보라고
MSG:3:74	0189AF	MSG:0:74	01b78992121ca00252035c9e0a0280131e12848800	Seems my\nfamily{D}\nwill\ngrow soon.	실은 곧 가족이\n늘 것 같아요
MSG:3:75	0189C4	MSG:0:75	1bad9617af97870a01ae0341bc821ca08501f616178498889500	The children\nwill soon be{D}\nall grown\nup.	오랜만이에요\n아이들은 금방 자라네요
MSG:3:76	0189DE	MSG:0:76	0404c5c6c00400210d0a19bc808c0241820aa210111a811b841a1100	<04>Kakia<00>!{D}\nCome\nintroduce{D}\nyourself!	<04>카키아<00>!{D}\n이리 와서\n인사드리렴
MSG:3:77	0189FA	MSG:0:77	192c199d85808900	H...{D}\nhello.	아,안녕하세요
MSG:3:78	018A02	MSG:0:78	b0ba3c00	...	메롱~
MSG:3:79	018A06	MSG:0:79	1996210a0404c5c6c004008e80841a112100	Hey!{D}\n<04>Kakia<00>,\nwait!	요 녀석!\n<04>카키아<00>,거기 서!
MSG:3:80	018A18	MSG:0:80	923c210aa8998503511f88151b9600	Hmph!\nHe takes\nafter...	정말~!\n누굴 닮았담
MSG:3:81	018A27	MSG:0:81	c4e9153d3d00	Me...	나인가…
MSG:3:82	018A2D	MSG:0:82	01ae033282bc821f118c9d950aab921f881b119b00	It is\nhard,but{D}\nfun to\nraise{D}\nkids.	아이 키우기는 힘들어요\n그래도 즐거워요
MSG:3:83	018A42	MSG:0:83	8f9d84027715bc1f18ac0af8edf45ded89030fbc1f8400	Everyone\nis safe.{D}\nThe\ndungeon{D}\nstayed.	모두 무사했지만\n던전은 남았네
MSG:3:84	018A59	MSG:0:84	f8edf45ded9e109815960a1402879e01ed189699989da800	My store\nstays open{D}\nusing the\ndungeon.	던전이 있으니까\n가게를 계속할 수 있어
MSG:3:85	018A71	MSG:0:85	8f9d84023901b1ab0a9515bc1f9b00	Glad\nevery{D}\none\nis OK.	모두 무사해서\n다행이에요
MSG:3:86	018A80	MSG:0:86	f8edf45ded9e841784968417820a9515bc1f88152c9b9815bc1f88150d0a9b1f1b85892c9b159684119b00	I am not\nsure if it{D}\nis good or\nbad that the{D}\ndungeon\nstayed.	던전이 사라지지 않은 게\n잘된 건지,잘못된 건지{D}\n저는 모르겠어요
MSG:3:87	018AAB	MSG:0:87	f8edf45dedbc8284853f00	What is{D}\na dungeon?{D}\nIs it...	던전이 뭐야?
MSG:3:88	018AB6	MSG:0:88	14921b9a11883f0c00	...cool?¶	재밌어?¶
MSG:3:89	018ABF	MSG:0:89	a4bd105fc7920a8911bc828f9500	I will\ntry to{D}\ngo in\ntoo!	그럼 나도\n들어가 볼래
MSG:3:90	018ACD	MSG:0:90	849da80a818e9d84118800	Oh!{D}\nIs it\nboring?	뭐야\n시시해
MSG:3:91	018AD8	MSG:0:91	3d3d3d3d00	...	……
MSG:3:92	018ADD	MSG:0:92	f8e1a8950a14015f92bc828416bd00	How{D}\nbad! I\nneed{D}\nmoney!	안 돼\n돈이 없으면
MSG:3:93	018AEC	MSG:0:93	5fc7892c027f02670176880a0404c2c1f50400bc821112881a00	I am <04>Wiz<00>!{D}\nI run the\nstorage.	나는 창고지기\n<04>위즈<00>라고 해
MSG:3:94	018B06	MSG:0:94	c6df9e0f0f0f0f0f0f0a04040b0400a8873f00	Are you\n<04>{B}<00>?	혹시 네가\n<04>{B}<00>?
MSG:3:95	018B19	MSG:0:95	1abc16e23bf0e7880a0404c0d3e604009e161f9500	A moogle,<04>Atla<00>,{D}\ncame by.	아까 모그리\n<04>아트라<00>가 왔었어
MSG:3:96	018B2E	MSG:0:96	1e881280851f171a9d0ac0c1d2e09c01b3bc820a179815960d0a027f02679c018e188311820a1799bc820266bc821f9500	He said\nsince he\nwill be{D}\nbringing\nitems\nsoon,he{D}\nwanted\nto rent a\nstoreroom.	조만간 아이템을\n잔뜩 가지고\n올 테니까{D}\n창고를 비워 달라고\n하더라고
MSG:3:97	018B5F	MSG:0:97	921b151b820af8edf45dedab920a015c81181f8815843f00	Maybe\nit is\nitems{D}\nfound in\ndungeons?	혹시\n던전이라도\n찾은 걸까?
MSG:3:98	018B77	MSG:0:98	14015f9e1f8ebc1f960a8e1f1411ab9500	You need\nmoney!	돈이 모이면\n또 와
MSG:3:99	018B88	MSG:0:99	1e121e122c5fc7890a027f0267017684881a0d0aac12a8112c027f02679c0a1597828f841115113f00	Right. I\nmanage{D}\nthe store-house.{D}\nNeed some\nstorage?	그래그래,나는\n창고지기야{D}\n어때,창고를\n빌려 보지 않을래?
MSG:3:100	018BB1	MSG:0:100	318188027f0267852c3130c90ac0c1d2e09e021098881a00	One\nstoreroom{D}\nholds 10\nitems.	창고 1개에 아이템이\n10개 들어가
MSG:3:101	018BC9	MSG:0:101	ac12a8112c027f026731810a0700efe81a0a15979815113f0c00	Rent\nstorage?\n{7:00} Gil¶	어때,창고 1개\n{7:00}길이야\n빌릴래?¶
MSG:3:102	018BE3	MSG:0:102	021e02408584bc1f960a168217991f9611111a00	I will\nbe here{D}\nif you\nneed me.	필요해지면\n오면 돼
MSG:3:103	018BF7	MSG:0:103	8e11ac10973c00	Thanks!	매번 고마워~
MSG:3:104	018BFE	MSG:0:104	02f918980a02729701c41c0a93919800	Give\nTake\nEnd	맡긴다\n꺼낸다\n그만둔다
MSG:3:105	018C0E	MSG:0:105	0fc2c1f588027f02670f0c00	Storage¶	 위즈의 창고 ¶
MSG:3:106	018C1A	MSG:0:106	9212dbc7ea9e11bcb211a89500	Your bag is\nalready full.	이제 주머니가 가득 찼어
MSG:3:107	018C27	MSG:0:107	108e9790971b8411ab0a94bc17979399ad11111a00	Working\ntoo hard{D}\nis bad.\nRelax\nsome!	너무 무리하지 말고\n천천히 하면 돼
MSG:3:108	018C3C	MSG:0:108	fce8018f9e198801ef8802b51b1101c00149850a84bc1f881a00	<04>Chip<00> is new\nto living in{D}\nthe village.	도르가 이 마을의\n새 주민이 됐어
MSG:3:109	018C56	MSG:0:109	159b111101c001499e8b13820a12991b11159f971a00	Glad to\nsee more{D}\ncute new\nresidents!	귀여운 주민이 늘어서\n기쁘기 그지없어
MSG:3:110	018C6C	MSG:0:110	1e99851b82920404c5dfe67b7b0400890aa811a4bf12af848815b700	I really\nhope that{D}\n<04>Camillas Dad<00>\nis OK.	그나저나 <04>카미라 아빠<00>는\n괜찮은 걸까
MSG:3:111	018C88	MSG:0:111	0404c5dfe67b7b04009e0a027715bc1f8301afbc1f88850d0a199dac892c0404c0d3e604001500	Just after\n<04>Camillas{D}\nDad<00> was\nsaved,now{D}\n<04>Atla<00>...	<04>카미라 아빠<00>가\n살았다 싶었더니{D}\n이번엔 <04>아트라<00>인가
MSG:3:112	018CAF	MSG:0:112	102c1e9989029101d013a8870a029101d013932c140336881983890a0404c5dfe604009e179b1b11881a00	Ah,your\nPlant.\n<04>Camilla<00>{D}\nknows\nabout\nplant pots{D}\nand flowers.	아,그건 화분이구나\n화분이나 꽃에 대해선\n<04>카미라<00>가 잘 알아
MSG:3:113	018CDA	MSG:0:113	0404dfe804001a9d892c0404fce80400018f830a11bc1bbf8517961c9da8bc821a00	<04>Mill<00> is\nliving with{D}\n<04>Chip<00>!	<04>미르<00> 씨는 <04>도르<00> 군과\n함께 산대
MSG:3:114	018CFC	MSG:0:114	0404fce80400018f922c12991b1e12a89500	<04>Chip<00> seems{D}\nhappy!	<04>도르<00> 군도 기뻐 보여
MSG:3:115	018D0E	MSG:0:115	0404fce80400018f832c0404dfe804001a9d850a01ae03419e01de8e991f881a0d0a1e9992360297921a00	<04>Mill<00> and\n<04>Chip<00> had{D}\nbabies!{D}\n6 of\nthem!	<04>도르<00> 군과 <04>미르<00> 씨에게\n아이가 태어났어{D}\n그것도 6마리나
MSG:3:116	018D39	MSG:0:116	1e99851b82920404c0d3e60400890aa811a4bf12af848815b700	I hope\n<04>Atla<00>{D}\nis all\nright.	그나저나 <04>아트라<00>는\n괜찮은 걸까
MSG:3:117	018D53	MSG:0:117	123c9d0a8e1ff8edf45ded9eab1f9500	Now,\nanother{D}\ndungeon is\nmade.	으음~\n또 던전이 나타났어
MSG:3:118	018D63	MSG:0:118	ac129396027297034a8e991f88890a029088c5c5cb961b11881a00	This time\na farm{D}\nscarecrow\nwas taken.	아무래도 사로잡힌 건\n밭의 허수아비인가 봐
MSG:3:119	018D7E	MSG:0:119	318188027b15969b16ab1f0a02fa036aa4bd8411159200	Not just\nthe{D}\ndesire of\none heart.	마음 하나에서 솟아난\n욕망이 아닐지도 몰라
MSG:3:120	018D95	MSG:0:120	1f171a9d8801c91a8402fa036a9e0a02758ebc82989512840ac1e13bf484881a00	Rather\nit seems\nmany{D}\nsmall\ndesires\ntogether.	수많은 작은 욕망이\n모여 있는 듯한\n느낌이야
MSG:3:121	018DB6	MSG:0:121	849d8384179b15bc1f881a0d0a1088f8edf45ded890ac5c5cb9c02e91b8202889bbc1f0d0a01ef888f9d8488027b84881a00	Somehow I\nsee. The{D}\nscarecrow\nis a vessel{D}\nfor the\ndungeon to{D}\ntransmit\nour desires.	어쩐지 알 것 같아{D}\n저 던전은\n허수아비를 통해 전해진{D}\n마을 모두의 마음이야
MSG:3:122	018DE8	MSG:0:122	1e122cf8edf45ded9e0a10bc1f8d129e01ef9e0a01f6161784981b0d0a02e40165920280139815968700	While\na dungeon\nexists,{D}\nthe\ntown grows{D}\nand more\nfriends\narrive.	그래,던전이\n있는 편이 마을이\n커지고{D}\n동료도 늘어나니까
MSG:3:123	018E12	MSG:0:123	123c9d0a849da8152c02d3014802d8850aa88e1a998211989512843d3d00	It seems\nthe Tyrian\nCrystal is{D}\ndeceiving\nthem.	으음~\n어쩐지 자수정에\n속고 있는 것 같은데…
MSG:3:124	018E30	MSG:0:124	1196bc1bbd1100	Hello.	어서 오세요
MSG:3:125	018E37	MSG:0:125	10962c111102a1aa93880ad05dc95fa8198300	Oh,a\nchocobo!{D}\nWhat fine\nfeathers!	어머,깃털이 참 고운\n초코보네요
MSG:3:126	018E4A	MSG:0:126	dede210a7b7b2cac1985920a1184119b9500	Mom!\nDad is\nmissing!	엄마!\n아빠가 어디에도\n없어
MSG:3:127	018E5C	MSG:0:127	10963c0aac198c11bc1f880a151b963f00	Oh,wherecould\nhe be?	어머~\n어디 가셨을까?
MSG:3:128	018E6D	MSG:0:128	029085920a118415bc1f8800	He was\nnot in{D}\nthe\nfield!	밭에도\n없었어
MSG:3:129	018E79	MSG:0:129	10962c1e121113ad0a10841f7b7b9c015c8e0a1d9dab1b1f3f00	How aboutyou?{D}\nHave you\nseen him?	어머,그러고 보니\n혹시 아이 아빠를\n못 보셨나요?
MSG:3:130	018E93	MSG:0:130	dffce7880217ebe60a023301ae9c15afbc1f0ad05dc95f8488ab1c9e00	He is a\nchocobo\nwearing{D}\na green\nstraw\nhat.	초록색 밀짚\n모자를 쓴\n초코보인데요
MSG:3:131	018EB0	MSG:0:131	13210aac19ab015c1f883f00	Oh!\nWhere?	어!\n어디서 봤어?
MSG:3:132	018EBC	MSG:0:132	10963f0a01c20176ab1c153f0c00	Oh,the\ninn?¶	어머?\n여관이요?¶
MSG:3:133	018ECA	MSG:0:133	13210a01c2017684883f00	Oh!Theinn?	어!\n여관이라고?
MSG:3:134	018ED5	MSG:0:134	dede2c8485150a8c9da89b00	Some-\nthing{D}\nis\nfishy,{D}\nMom.	엄마,뭔가\n이상해
MSG:3:135	018EE1	MSG:0:135	8ea801539b99821184110a01c201768488853d3d00	The inn isnot in{D}\nbusiness\nyet.	아직 영업도 안 하는\n여관인데…
MSG:3:136	018EF6	MSG:0:136	1e1287ba2c0404c5dfe604000a80bfbc8302a891983f00	Can I\nask a{D}\nfavor,\n<04>Camilla<00>?	그래,<04>카미라<00>\n부탁 좀 해도 될까?
MSG:3:137	018F0D	MSG:0:137	0404db2627c704001a9d850a1402ac1b821411820a1799983f00	Can you\ntalk to\n<04>Fawkes<00>?	<04>포크<00> 씨께\n이야기 좀\n전해 줄래?
MSG:3:138	018F27	MSG:0:138	9b15bc1f9b210a019ebc8217989b8700	Got it!\n{D}I will\nbe back!	알았어!\n다녀올게
MSG:3:139	018F37	MSG:0:139	10960aa2919d841a11870d0a1dbc15170241820a111fa8111f888500	Oh,\nsorry.{D}\nAfter\nyou{D}\ncame all\nthis way.	어머\n미안해요{D}\n모처럼 와\n주셨는데
MSG:3:140	018F53	MSG:0:140	7b7bbc1f960aac121b1f88151b9600	My,where\nis my{D}\nhusband?	아이 아빠도 참\n어떻게 된 걸까
MSG:3:141	018F62	MSG:0:141	10960aa2919d841a11870d0a14028788012302ad0a1b8284118800	Oh,sorry.Nothing{D}\nis for\nsale.	어머\n미안해요{D}\n가게 준비를\n못 했어요
MSG:3:142	018F7D	MSG:0:142	7b7b9e118411830a02159892889e84118800	Papa is\ngone and{D}\nwe have\nnothing{D}\nto sell\neither.	남편이 없으면\n팔 물건이 없어요
MSG:3:143	018F8F	MSG:0:143	10962c10841f0a84859c92bc8298883f00	Oh,what\nis this?	어머,당신\n뭘 가지고 있어요?
MSG:3:144	018FA0	MSG:0:144	10962c199911119b9500	How nice.	어머,이거 좋네요
MSG:3:145	018FAA	MSG:0:145	ac19159601b3bc82161f88150a014096841118ac0a9b1f1b850215bc8217998e1d9d3f00	Not sure\nwhere\nyou bought{D}\nit from,but\nwill you{D}\nsell it?	어디서 가져왔는지\n모르겠지만\n저한테 팔지 않을래요?
MSG:3:146	018FCE	MSG:0:146	7b7b9e11841115960a02159702299e8417820a198ebc821f8800	We have\nno wares\nwith my{D}\nhusband\ngone.	남편이 없어서\n팔 물건이 없어\n곤란했거든요
MSG:3:147	018FE8	MSG:0:147	92bc832c119a119a8492889c0a01b3bc82168201781a118700	Please\nbring even{D}\nmore items\nfor us.	앞으로도 여러 가지\n가져와 주세요
MSG:3:148	019001	MSG:0:148	7b7b89ac198c0a11bc1f88151b963f00	Oh,where\ncould he{D}\nhave\ngone?	아이 아빠는 어디\n간 걸까?
MSG:3:149	019011	MSG:0:149	8ebc1f177b7bbc1f960aac198c11bc1f88151b960d0a92122c14028785a81c92889e0a841784bc1f888500	Geez,Dad.{D}\nWhere in\nthe world{D}\ndid you\ngo to?{D}\nWe have no\ninventory...	정말 이이도 참\n어디 간 걸까{D}\n이제 가게에 낼 물건도\n다 떨어졌는데
MSG:3:150	01903C	MSG:0:150	10841f9e2c119a119a8492889c0a92bc82168217999815960a14028792128e1711bc8211989b00	Because you\nhave brought\nmany things{D}\nback,the\nshop is\ndoing well.	당신이 이것저것\n가져다준 덕분에\n가게도 잘되고 있어요
MSG:3:151	019063	MSG:0:151	0404db2627c704001a9d15960a0324168e1b1f00	<04>Fawkes<00>\ntold me.	<04>포크<00> 씨한테\n들었어요
MSG:3:152	019077	MSG:0:152	10841f9e01b3bc8217980ac0c1d2e0890d0af8edf45ded159601b3bc820a025abc82161f9288ab0d0a1e88f8edf45ded9c0154bc1f889e0a7b7ba8bc8200	The items you\nbrought were{D}\nfrom the\ndungeon my{D}\nhusband built.	당신이 가져오는\n아이템은{D}\n던전에서 가지고\n돌아온 거고{D}\n그 던전을 만든 게\n남편이라고요
MSG:3:153	0190B5	MSG:0:153	14033a11ab1c0a9b1f1b1f80887b7b9c0d0a7b7b9c0277188201781a1100	Please,my\nhusband!{D}\n...Please\nsave him!	부탁이에요\n우리 남편을{D}\n남편을 구해 주세요
MSG:3:154	0190D3	MSG:0:154	3d3d3d3d0a7b7b9c0277188210a1822100	...Save my\nPapa!	……\n아빠를 구해 줘!
MSG:3:155	0190E4	MSG:0:155	109d84851483841b17820a14a89315847b7b9e3d3d00	My calm,\nmature{D}\npapa...	그렇게 얌전하고\n온화한 아빠가…
MSG:3:156	0190FA	MSG:0:156	034f892c1403368819831b159b1596841118ac0a848515036e851f829819839e1099ad3d3d00	I really only\nknow about{D}\nflowers. If you\nthink I can{D}\nhelp...	난 꽃밖에 모르지만\n뭔가 도울 일이 있다면…
MSG:3:157	019120	MSG:0:157	14033a119500	...	부탁해
MSG:3:158	019126	MSG:0:158	10979e8312870a10841f881415a19500	It is all\nthanks to{D}\nyou!	고마워요\n당신 덕분이에요
MSG:3:159	019136	MSG:0:159	93bc837b7b92017d01321b82161f9b00	My husband{D}\nis healing.	드디어 남편도 회복됐어요
MSG:3:160	019146	MSG:0:160	10960a7b7b849602908c01c415181f9b9500	He left\nfor the{D}\nfields.	어머\n남편이라면 밭에 나갔어요
MSG:3:161	019158	MSG:0:161	0404c0d3e6040080bd9d0aac1284bc80bd1288151b963d3d00	But what\nhappened to{D}\n<04>Atla<00>?	<04>아트라<00>는\n어떻게 되는 걸까…
MSG:3:162	019171	MSG:0:162	7b7b9c3d3d3d0a10979e831200	Thank\nyou...\nfor my\ndad...	아빠를…\n고마워
MSG:3:163	01917E	MSG:0:163	9b1f1b85928485150a1401ba0288111a1d8200	Please,\nlet me{D}\nhelp\nsomehow.	나도 뭔가\n돕게 해 줘
MSG:3:164	019191	MSG:0:164	159bbc1f02918700	Odd{D}\nPlant!	특이한 화분이네
MSG:3:165	019199	MSG:0:165	f8edf45ded8801fbab0a015c81181f88ab1bbf3f00	Did you\nfind it{D}\nin the\ndungeon?	던전 안에서\n찾은 거지?
MSG:3:166	0191AE	MSG:0:166	cfd7152c01b79c92bc8284113f0a1e9985023e13980127922c92bc8284113f00	Do you have\nSeeds,Nuts{D}\nor Tonics to\nuse on it?	씨앗이나 열매 없어?\n거기 줄 약도 없어?
MSG:3:167	0191CE	MSG:0:167	cfd7832c0127ab0a033282828f8e1bbf129500	Try\nusing a{D}\nSeed and\nTonic.	씨앗이랑 약으로\n키워 보자
MSG:3:168	0191E1	MSG:0:168	0291892c036302081f97880a111183199a8c02e311828300	Place the\nPlant in{D}\nthe\nsunlight.	화분은 햇볕이\n잘 드는 곳에 두고…
MSG:3:169	0191F9	MSG:0:169	84859c01d01398150190911f960a029101d0138c02109982870d0a019988919dac12899b1f1b9e0a015c82141715968700	Once you\nhave{D}\nchosen what\nto grow{D}\ninsert\nyour Plant.{D}\nLeave the\nrest to me.	뭘 심을지 정하면\n화분에 넣어 줘{D}\n그다음 돌보는 건 내가\n맡을게
MSG:3:170	01922A	MSG:0:170	8ea82c033789ab8284119b00	Not yet!	아직 싹이 안 났어
MSG:3:171	019236	MSG:0:171	03379e01c41f9b8700	It grew!	싹이 났네
MSG:3:172	01923F	MSG:0:172	1699118403368700	Pretty!	예쁜 꽃이네
MSG:3:173	019247	MSG:0:173	1999bc822cac9d8401b78488151b960a92122c01b3bc82019e17883f0c00	Take this\nnut?¶	이건 어떤 열매일까\n벌써 가져갈 거야?¶
MSG:3:174	019265	MSG:0:174	03541b82989b950a01b3bc82019e17883f0c00	Ripe!\nTake?¶	잘 익었어\n가져갈 거야?¶
MSG:3:175	019278	MSG:0:175	92122c027297850241841115960a171abc80bdbc1f9b9500	Darn. It\nrotted.	가지러 안 와서\n썩어 버렸어
MSG:3:176	019290	MSG:0:176	a2919d870a921202e31701cd01c59e84118800	Sorry\nthere is{D}\nno room.	미안\n더 둘 곳이 없어
MSG:3:177	0192A3	MSG:0:177	0f0f0f029101d0130f0f0f0c00	Plant¶	   화분    ¶
MSG:3:178	0192B0	MSG:0:178	ac999c01d01398883f0c00	Seed?¶	뭘 심을래?¶
MSG:3:179	0192BB	MSG:0:179	ac8801279c023e1398883f0c00	Tonic?¶	어떤 약을 줄래?¶
MSG:3:180	0192C8	MSG:0:180	1999ab0332829888873f0c00	Grow here?¶	이걸로 키우는 거지?¶
MSG:3:181	0192D4	MSG:0:181	9b15bc1f9b0a01f601b185033282989b8700	I see.\nI will{D}\ncare\nfor it.	알았어\n소중히 키울게
MSG:3:182	0192E6	MSG:0:182	dbc7ea9e11bcb211870a02f91882161f963f00	The bag\nis full.{D}\nStore\nitems?	주머니가 가득 찼네\n맡기고 오는 게 어때?
MSG:3:183	0192F9	MSG:0:183	10979e831200	...	고마워
MSG:3:184	0192FF	MSG:0:184	8ea82c01b5022a888415ab0a84859e1419bc1f88153d3d00	Still... I\nwonder{D}\nwhat came\nover me...	아직도 내 안에서\n무슨 일이 있었는지…
MSG:3:185	019317	MSG:0:185	c6c8ed84012885109b1d821b8ebc820a1c8e8415bc1f00	Sorry for\ncausing so{D}\nmuch danger.	위험한 일을 겪게 해서\n미안하네
MSG:3:186	01932E	MSG:0:186	018f02828502bd9c025f131f01990a02d3024988014802d89c8d97a81b1f9da800	I found a\npurple{D}\ncrystal after\nguiding you.	자네들에게 길을 알려 준 뒤\n보라색 수정을 캐냈다네
MSG:3:187	01934F	MSG:0:187	01b5022a8801fb852c01b5022aab84110179159e0a01b5022a8801fbab01f6161784bc8211bc1f00	Inside...\nSomething{D}\nthat was not\nme grew{D}\nbigger.	내 안에서,내가 아닌 무언가가\n점점 커져 갔지
MSG:3:188	019377	MSG:0:188	1e19159602dd892cc6df9e024d021b0a0140bc821198a89a1200	After that\nyou know{D}\nwhat\nhappened.	그다음은 자네가 제일\n잘 알겠지
MSG:3:189	019391	MSG:0:189	01b5022a88027b888415852c10889512840a027b9e10bc1f8389843d3d3d00	Something\nlike that was{D}\ndeep in my\nheart...	내 마음속에 그런\n마음이 있었다니…
MSG:3:190	0193B0	MSG:0:190	ac9d84027b85922c02b98303719e10980a1b151b2c03719e02b985849819839e0a10bc82898496841100	The heart\nhas light\nand dark.{D}\nThe most\nimportant\nthing is to{D}\nlighten\ndarkness.	어떤 마음에도 겉과 속이 있지\n하지만 속이 겉이 되는 일은\n있어서는 안 되네
MSG:3:191	0193DA	MSG:0:191	1b151b2c1088014802d889027b880a02b98303719c02109915139800	The\ncrystal made{D}\nlight\nbecome{D}\ndarkness.	하지만 그 수정은 마음의\n겉과 속을 뒤바꾼다네
MSG:3:192	0193F6	MSG:0:192	9517027715bc1f9288a80a1e1b822c1c8e841100	You did\nwell to{D}\nhelp. I\nam\nsorry.	용케 살아났군\n그리고,미안하네
MSG:3:193	01940A	MSG:0:193	018f8802a202829e2c027297034a8e99821b8ebc1f00	Now your\nfriend was{D}\npossessed.	자네 친구가 사로잡히고 말았네
MSG:3:194	019420	MSG:0:194	01f39e020a1795128584bc1f960a108802909c92bc8301fdb0828f98950d0a0179159b159815921b99841115968400	When I can\nmove,I will\nsearch the{D}\nfield more!\nMaybe I will\nfind something.	몸이 움직이게 되면\n그 밭을 더 조사해 보겠네{D}\n뭔가 알아낼지도 모르니
MSG:3:195	01944F	MSG:0:195	0404c0d3e6040080bd9d920a04047b7b040092023901b1a8bc1f9b8700	So <04>Atla<00>\nand my{D}\nhusband\nare OK...	<04>아트라<00>도\n<04>남편<00>도 무사했네요
MSG:3:196	01946C	MSG:0:196	ab922cf8edf45ded898ea80a10989b8700	But the\ndungeon{D}\nstill\nexists.	그래도 던전은 아직\n있네요
MSG:3:197	01947D	MSG:0:197	01a802c9892cf8edf45ded9e1098889e0a101f978e138501af1382161f9b00	Lately\ndungeons{D}\nexisting\nseems to be{D}\nthe norm.	요즘은 던전이 있는 게\n당연하게 느껴져요
MSG:3:198	01949C	MSG:0:198	1088f8edf45dedbc82ac121b820a101e1985109888151b96873f00	I wonder\nwhy that{D}\ndungeon is\nover there?	저 던전은 왜\n저기 있는 걸까요?
MSG:3:199	0194B7	MSG:0:199	0404c0d3e6040080bd9d920a023901b1ab9515bc1f9b8700	I am\nglad <04>Atla<00>{D}\nis OK\ntoo.	<04>아트라<00>도\n무사해서 다행이에요
MSG:3:200	0194CF	MSG:0:200	0249016d84033693cfd79e0a03328296998214921b9a119b00	Growing\nflowers and{D}\nseeds is\nso neat.	여러 꽃이랑 씨앗을\n키울 수 있어서 재밌어
MSG:3:201	0194E8	MSG:0:201	a8999211841784bc82841188850af8edf45ded9e109888bc820a022101af025c958700	Nobody is gonebut the\ndungeon is{D}\nstill there.\nMysterious.	아무도 사라지지 않았는데\n던전이 있다니\n신기해
MSG:3:202	01950B	MSG:0:202	95120a8415841511110252a89500	Man,nice\nhouse.	여어\n꽤 좋은 집이야
MSG:3:203	019519	MSG:0:203	a899922c01c201768801fb850af8edf45ded9e1098889c0a01409684119512a89500	We should\nensure\nnobody{D}\nelse finds\nthe inn\ndungeon!	아무도 여관 안에\n던전이 있다는 걸\n모르는 것 같아
MSG:3:204	01953B	MSG:0:204	849da8159b1596841118ac0a1111159da4a89500	No clue why.{D}I have a\ngood{D}\nfeeling.	뭔지 모르겠지만\n느낌이 좋아
MSG:3:205	01954F	MSG:0:205	a83c0a0283920140968411bc82198389840d0a14023089c4e91f8088e2d8bc820a1983a89500	The reason\nnobody has{D}\nheard of\nthe treasure{D}\nis because\nit is{D}\nwaiting for\nme to{D}\nclaim it!	에휴~\n아무도 모른다는 건{D}\n보물은 우리 차지라는\n거라고
MSG:3:206	019575	MSG:0:206	8d9d83853c0a9b15bc829d88153f00	Yeeep.{D}\nGet the\npicture?	정말~\n알아듣고 있는 거야?
MSG:3:207	019584	MSG:0:207	8ebc2c11111500	Bah.	뭐,됐어
MSG:3:208	01958B	MSG:0:208	19bc808504040b0400880a022501769c012302ad1b8214111f9500	Whatever.\nI had a{D}\nhome set\nup for you,{D}\n<04>{B}<00>!	여기에 <04>{B}<00>의\n방을 마련해 뒀어
MSG:3:209	0195A6	MSG:0:209	f8edf45ded1596025abc82161f960a1919ab2c025d908311119500	You can use\nit to rest{D}\nafter a\ndungeon.	던전에서 돌아오면\n여기서 쉬면 돼
MSG:3:210	0195C1	MSG:0:210	83971013a50a025d9dab14111f96ac12a800	Speaking\nof,need{D}\na break?	일단\n쉬어 두는 게 어때
MSG:3:211	0195D3	MSG:0:211	a4bd1001c201768801e2ab0a8ebc829815968400	I will\nwait{D}\noutside.	그럼 여관 앞에서\n기다릴게
MSG:3:212	0195E7	MSG:0:212	1e121e122c02e3118214161f110ac0c1d2e0898411153f00	Right.{D}\nNeed me to\nhold items?	맞다,맡겨 두고 싶은\n아이템은 없어?
MSG:3:213	0195FF	MSG:0:213	1988cfedcc8801fb850ac4e99e02f915bc8214179500	I can keep\nitems in{D}\nthis\ndresser.	이 옷장 안에\n내가 맡아 둘게
MSG:3:214	019615	MSG:0:214	ab922ccfedcc85890a3130c91b1502109684119500	But only\n10 items{D}\ncan fit\nin here.	하지만 옷장에는\n10개밖에 안 들어가
MSG:3:215	01962A	MSG:0:215	1f171a9d02e3118214178884960a027f026701768c02ac9c1b8214111f15960a1ebc808c02f918988311119500	If you have\nlots of\nitems,head{D}\nover to the\nstorehouse\nto store them.	많이 맡기려면\n창고지기한테 말해 뒀으니까\n거기 맡기면 돼
MSG:3:216	019657	MSG:0:216	8485152c02f915bc82141912153f0a1e9983922c01b3bc82019e178815113f00	Wanna deposit\nsomething?{D}\nOr perhaps\nwithdraw?	뭔가 맡아 둘까?\n아니면 가져갈 거야?
MSG:3:217	019677	MSG:0:217	02f9188214170a01b3bc82019e170a939182141700	Store\nTake\nQuit	맡긴다\n가져간다\n그만둔다
MSG:3:218	01968C	MSG:0:218	0fc0d3e688cfedcc0f0c00	Dresser¶	 아트라의 옷장 ¶
MSG:3:219	019697	MSG:0:219	cfedcc8801fb8911bcb211ab1c00	The dresser{D}\nis full.	옷장 안이 가득 찼습니다
MSG:3:220	0196A5	MSG:0:220	dbc7ea8801fb8911bcb211ab1c00	The bag{D}\nis full.	주머니 안이 가득 찼습니다
MSG:3:221	0196B3	MSG:0:221	14210a1415139700	Hey!	오!\n어서 와
MSG:3:222	0196BB	MSG:0:222	ac12a8110a84851510bc1f153f00	So then,\nanything{D}\nhappen?	어때\n뭔가 있었어?
MSG:3:223	0196C9	MSG:0:223	8b9d8b9d00	Hm!	흠흠
MSG:3:224	0196CE	MSG:0:224	02db1101bb850a01471101461500	Is\nthat?	빨간 구슬에\n파란 돌이라
MSG:3:225	0196DC	MSG:0:225	841584150a951a1e12a88400	Magic-\nite?{D}\nSeems\nnice.	꽤\n좋아 보이는데
MSG:3:226	0196E8	MSG:0:226	93bc83e9c0c0c1d2e0830a0197b09892888501c402be130a1e12a8958400	You have\nfinally\ncome{D}\nacross a\nrare item\ntreasure!	드디어 레어 아이템이라고\n부를 만한 걸 만날\n것 같아
MSG:3:227	019706	MSG:0:227	8b3c903d3d3d0a01a802d78502bebc1f8316890a0404c5dfe67b7b0400ab0d0a81160243831a991f831685890a0404f45bd5cf3b0400849da800	We met\n<04>Camillas\nDad<00> first.{D}\nBut it\nwas <04>Janita<00>\nat the inn{D}\ninstead.	흐음…\n처음 만났을 때는\n<04>카미라 아빠<00>였고{D}\n떠밀렸을 때는\n<04>자니타<00>였단 말이지
MSG:3:228	019740	MSG:0:228	8ebc210f111115210ac0c1d2e0119a119a10981b00	What! How isthat? So{D}\nmany items!	뭐!됐어!\n아이템이 잔뜩 있으니까
MSG:3:229	019755	MSG:0:229	01f6026a16840404c0d3e60400890a0606063d060606063d060606063d060606063d060606063d0a11841100	He is\ngone...{D}\nMy dear\nfriend{D}\n<04>Atla<00>...	사랑하는 <04>아트라<00>는\n{6:06}{6:3D}{6:06}{6:06}·{6:06}{6:06}·{6:06}{6:06}·{6:06}{6:06}·\n이제 없다
MSG:3:230	019781	MSG:0:230	3d06063d06063d06063d06063d06060d0af2e1ed210f0f00	.{6:06}.{6:06}.{6:06}.{6:06}.{D}\n	·{6:06}·{6:06}·{6:06}·{6:06}·{6:06}{D}\n미안!
MSG:3:231	019799	MSG:0:231	108e9785014802d89e0a169911a8bc1f15960d0a849da89a128301afbc1f960a9b189b159d841784bc82168200	Sorry! The\ncrystal was{D}\nso pretty,\nI wondered{D}\nwhat it\nwas. No{D}\nclue why.	수정이 너무\n예뻐서{D}\n뭘까 하고 생각했더니\n머리가 이상해져 버렸어
MSG:3:232	0197C6	MSG:0:232	1a822c10938ebc1f1b0d0a01b789027297034a8e9982988316850a1ca211c1e13bf49c015c1f9da800	That was a\nmistake. I{D}\nsaw an\nincredible{D}\nimage as I\nwas{D}\npossessed.	자,사과는 했으니까{D}\n실은 사로잡혀 있을 때\n굉장한 걸 봤어
MSG:3:233	0197EF	MSG:0:233	1088014802d8880140014f8801fb850ac4e90282880140968411c0c1d2e00a9e11bcb21110bc1f9da800	The mind\nof the\ncrystal had{D}\nmany items\nI had not\nseen!	그 수정의 지식 속에\n우리가 모르는 아이템이\n잔뜩 있었어
MSG:3:234	019819	MSG:0:234	1088f8edf45ded8801fb850af627cfc18510989da800	Those are\ndefinitely{D}\nin that\ndungeon!	저 던전 안에\n틀림없이 있어
MSG:3:235	01982F	MSG:0:235	849da815014096841118ac0a01ef01fe9e1a9e1b821fa700	Not sure\nbut they{D}\nseek the\nmayor.	뭔지 모르겠지만\n촌장이 찾던데
MSG:3:236	019847	MSG:0:236	838497880404e6ccc70400a818ac0a5fea5fea88025902549c84141b82980a8f1f11a88400	Seems <04>Rask<00> to\nthe left is\nfixing up{D}\nan old\nmachine.	옆집 <04>라스크<00> 말인데\n낡아 빠진 기계를 고치는\n모양이야
MSG:3:237	01986C	MSG:0:237	c4c1e8ab928699ad0a111188858400	Oil wouldhelp.	기름이라도 바르면\n될 텐데
MSG:3:238	01987B	MSG:0:238	838497880404e6ccc70400a818ac0a8e1f022d88c53bfc9c01f81b8211980a8f1f11a800	<04>Rask<00> to the\nleft seeks\na different{D}\nCard.	옆집 <04>라스크<00> 말인데\n또 다른 카드를 찾는\n모양이야
MSG:3:239	01989F	MSG:0:239	849dab922cc0c1d2e09c0a01b5022a8802528c01e89819839e0aab1698961b1100	Seems\nlike no\nmatter{D}\nwhere,it\ncan send\nitems\nhome.	뭐든지 아이템을\n자기 집으로 보낼 수\n있대
MSG:3:240	0198C0	MSG:0:240	04040b04009e01b3bc820a025abc82161fc0c1d2e09c015c820a8f9d849e2c14ac9a1182989500	<04>{B}<00>,\neveryone is\nsurprised{D}\nto see the\nitems you\nbring back.	<04>{B}<00>,네가 가지고\n돌아온 아이템을 보고\n다들 놀라고 있어
MSG:3:241	0198E7	MSG:0:241	91a5961b1188832c5eede78488ab0a8f9d848801de018492022e9bbc82161e12a800	They are rare\nand useful,so{D}\nit changed\nthe way of life.	신기하고 편리하니까\n다들 생활도 바뀌겠어
MSG:3:242	019909	MSG:0:242	ac9dac9dc0c1d2e09c021599ad0ac4e9028288023a01e292021599821798a700	At this\nrate,we{D}\nneed to\nmarket our{D}\nnames,too.	아이템을 척척 팔면\n우리 이름도 알려질 거야
MSG:3:243	019929	MSG:0:243	ac9dac9dc0c1d2e09c021599ad0a01f6015f01b3801a00	If we keep\nselling,we{D}\nwill be rich!	아이템을 척척 팔면\n큰 부자야
MSG:3:244	019940	MSG:0:244	01a3020588f8edf45ded3d3d3d0a109989023901958501ed118211983d3d3d00	The next\ndungeon...{D}\nwill go on\nforever...	이번 던전은…\n끝없이 이어져 있어…
MSG:3:245	019960	MSG:0:245	03129b979e0239113d3d3d0a1e9d84d5c4c19e1c9800	It seems...\nendless.	끝이 없어…\n그런 냄새가 나
MSG:3:246	019976	MSG:0:246	1e99a4bd100a019ebc828f95121500	Well,whynot take{D}a look?	그럼\n가 볼까
MSG:3:247	019985	MSG:0:247	8c3c0a1997bd11119300	! This\nis all?	헤에~\n이거 좋은데
MSG:3:248	01998F	MSG:0:248	023602088501c201768801fb9e0af8edf45ded1e8892880a8584bc82989da800	The\ninside of\nthe inn{D}\nreally IS\na dungeon!	정말로 여관 안이\n던전 그 자체가\n돼 버렸어
MSG:3:249	0199AF	MSG:0:249	a4bd101f889da8950a04040b04002100	It is up\nto you,{D}\n<04>{B}<00>!	그럼 부탁해\n<04>{B}<00>!
MSG:3:250	0199BF	MSG:0:250	c4e9892c01ef8801fb9c017dbc820a0279029a9c02759183179500	I will\ngather{D}\ninfo around\nthe village.	난 마을을 돌면서\n정보를 모아 둘게
MSG:3:251	0199DA	MSG:0:251	ac121b1f3f0d0aa811a4bf12afa8bc82210a849d83158498bc822100	What? Are\nyou OK?{D}\nSomething\nhappen?	왜 그래?{D}\n괜찮다니까!\n어떻게든 될 거야!
MSG:3:252	0199F6	MSG:0:252	951b951b0a9e9dadbc8217999500	OK,then!{D}\nDo your\nbest!	좋아좋아\n힘내라고
MSG:3:253	019A04	MSG:0:253	14112ca811a4bf12af153f00	Hey!{D}\nYou OK?	이봐,괜찮아?
MSG:3:254	019A10	MSG:0:254	025b9c0271bc1f960a19198c02f0ad1a991fbc823f00	You fainted\nand ended{D}\nup here?	정신을 잃었더니\n여기로 날아왔다고?
MSG:3:255	019A26	MSG:0:255	ac1284bc829da83f00	What{D}\nhappened?	어떻게 된 거야?
MSG:3:256	019A2F	MSG:0:256	3d3d3d3d8ebc1111150aa811a4bf12af1e12a81b8400	...Well.{D}\nAt least\nyou are OK.	……뭐,됐어\n괜찮아 보이니까
MSG:3:257	019A45	MSG:0:257	1e99ab11119288890a10bc1f88153f00	So,did\nyou{D}\nfind any-thing?	그래서 좋은 건\n있었어?
MSG:3:258	019A55	MSG:0:258	84210f849da8bc82213f0a01b38002299e841784bc8298a8bc822100	What!\nReally!? Your{D}\nitems are\ngone!	뭐!뭐라고!?\n소지품이 없어졌다고!
MSG:3:259	019A71	MSG:0:259	849d8219bc1f0aac1297ab2ca811a4bf12af849da800	What the\nhey? At least{D}\nyou are OK!	이런 세상에\n그래서 멀쩡했구나
MSG:3:260	019A87	MSG:0:260	04040b04002c819f890a849d83151b8201b5011dab0f0d0a025abc8217989da89500	<04>{B}<00>.{D}\nNext time,\ntry to{D}\nget back\non your\nown.	<04>{B}<00>,다음엔\n어떻게든 혼자 힘으로{D}\n돌아오라고
MSG:3:261	019AA9	MSG:0:261	1e12a4bd8411833d3d00	Counting{D}\non you!	안 그러면…
MSG:3:262	019AB3	MSG:0:262	1f889da89500	Bye!	부탁해
MSG:3:263	019AB9	MSG:0:263	199d85808900	Hello.	안녕하세요
MSG:3:264	019ABF	MSG:0:264	01b789cfedcc88121b9a850aa811a484e4feeb9e024380820a1b8ebc1f88ab1c00	I dropped myimportant\nring.	실은 옷장 뒤에\n소중한 반지를 떨어뜨리고\n말았어요
MSG:3:265	019AE0	MSG:0:265	8485152c1111c0c1d2e0890a84119288ab1bbf12153f00	Would you\nhappen to{D}\nhave any\ngood items?	뭔가 좋은 아이템은\n없을까요?
MSG:3:266	019AF7	MSG:0:266	1988c0c1d2e0ab890a0272991e128510978e1d9d8700	Seems this\nitem can{D}\nnot be\ntaken.	이 아이템으로는\n못 꺼낼 것 같네요
MSG:3:267	019B0D	MSG:0:267	102c1999892100	This!	아,이건!
MSG:3:268	019B14	MSG:0:268	10979e8312a2a3118e1c0a93bc8302729819839eab168e1b1f00	Thank you\nmuch. Now{D}\nit could be\ntaken.	고맙습니다\n드디어 꺼낼 수 있었어요
MSG:3:269	019B2E	MSG:0:269	1a1a9315ab1c9e0a1403729c121883bc8217a81a1100	It is not\nmuch but{D}\nhave this\nas thanks.	약소하지만\n답례를 받아 주세요
MSG:3:270	019B44	MSG:0:270	11933c0f109915960a171d8584bc821b8ebc823d3d00	No,from\nthere. It{D}\nbecame a\nhabit...	아니~ 그 뒤로\n버릇이 돼 버려서…
MSG:3:271	019B5A	MSG:0:271	84158415111101efab1c0a1999159692bc8301f616170a84971e12ab1c8700	This nice\nvillage\nwill keep{D}\ngrowing.	꽤 좋은 마을이에요\n앞으로 더 커질\n것 같네요
MSG:3:272	019B79	MSG:0:272	83199aab2c1988c53bfc890a01a801a0ab1c00	By the\nway,Doom{D}\nCard is\ngreat!	그런데 이 카드는\n최고예요
MSG:3:273	019B8C	MSG:0:273	3202af15962c3102af8c159d1f9d850a14979819839eab169888ab1c159600	Using it\nyou can{D}\neasily go\nfrom 2F to{D}\n1F!	2층에서 1층으로 간단히\n내려갈 수 있으니까요
MSG:3:274	019BAB	MSG:0:274	ab922c01a802d7853202af85118411830a01fa023b859197199dab1b8e118e1c00	But if\nyou are not on{D}\n2F you\nend up in{D}\nthe ground!	하지만 처음에 2층에 없으면\n땅에 파묻혀 버려요
MSG:3:275	019BCC	MSG:0:275	198801ef8591a5961b11c0c1d2e09e0a0215969982119883032411820a8abc191b82168e1b1f8800	I heard\nthere were\nrare items{D}\nso I moved\nhere!	이 마을에서 신기한 아이템을\n판다고 들어서\n이사 왔어요
MSG:3:276	019BF4	MSG:0:276	108801ae852c16161e12840ac0c1d2e09e015c811599ad111188ab1c9e00	I want\nto find an{D}\nitem to help\nmy child.	우리 아이에게 들을 만한\n아이템을 찾으면 좋겠는데요
MSG:3:277	019C12	MSG:0:277	1988fce9c1ed880236ab0a198801ae858015969c0a9b188217a81a1100	Use the\nDrain\nbook to{D}\ngive\npower to\nmy{D}\nchild.	이 드레인의 책으로\n이 아이에게 힘을\n나눠 주세요
MSG:3:278	019C2F	MSG:0:278	108301ca1bab0265025b850a849888ab1c00	They are\nnearly{D}\nbetter.	조금만 더 있으면\n기운을 차릴 거예요
MSG:3:279	019C41	MSG:0:279	10b73d3d3d00	Ah...	아아…
MSG:3:280	019C47	MSG:0:280	0265025b840249853d3d00	Better!	혈색이 돌아와요…
MSG:3:281	019C52	MSG:0:281	10979e8312a2a3118e1c00	Thank you.	고맙습니다
MSG:3:282	019C5D	MSG:0:282	ac121403729c1b82111188939600	How can I{D}\nrepay you?	뭐라고 감사드려야 할지
MSG:3:283	019C6B	MSG:0:283	108801aebc1f960a0144abd33bfc8584bc820a023d9dab11989dab1c00	My\nchild\nbecame a{D}\ntoad to\nplay in a\nfountain.	우리 애가 글쎄\n샘에서 두꺼비가 돼서\n놀고 있지 뭐예요
MSG:3:284	019C88	MSG:0:284	140338ab2c023dae1f1184b700	I want{D}\nto go play.	밖에서 놀고 싶다~
MSG:3:285	019C95	MSG:0:285	14034380bd9d890a022101af025c84c0c1d2e09e02438082980af8edf45ded8c023dae85111788ab1bbf3f00	Maybe my\nbrother went\nto check the{D}\ndungeon with\nthe mysterious\nitems?	오빠는\n신기한 아이템이 떨어져 있는\n던전에 놀러 가는 거지?
MSG:3:286	019CC1	MSG:0:286	101f1b92019e161f1184b700	I want{D}\nto go!	나도 가고 싶다~
MSG:3:287	019CCD	MSG:0:287	9bb7110a14034380bd9d10979e831200	Wah!{D}\nThanks,\nbrother!	와아\n오빠 고마워
MSG:3:288	019CDD	MSG:0:288	1415101a9d9e870a109d8e97d33bfc8584bc82023daf84bc8200	Mom said less\nplaying as a{D}\ntoad in\nfountains.	엄마가 말이야\n두꺼비가 돼서 너무 놀지 말래
MSG:3:289	019CF7	MSG:0:289	15849701f6168401ef850a84bc1f9b8700	This\nvillage{D}\nwill\nkeep{D}\ngrowing.	꽤 큰 마을이\n됐네요
MSG:3:290	019D08	MSG:0:290	8ea88ea80a159b989b8700	I willknow{D}\nsome\nday.	아직도\n변할 거예요
MSG:3:291	019D13	MSG:0:291	8ea82c159b9883199a9e0a10989b9500	I am\ncloser to{D}\nknowing!	아직 변할 곳이\n있어요
MSG:3:292	019D23	MSG:0:292	921201ca1b8485150a159b989b9500	Soon,\nI will{D}\nunder-\nstand!	조금 더 뭔가\n변할 거예요
MSG:3:293	019D32	MSG:0:293	1ca2119b0a1cad961b1101ef8700	The\nvillage{D}\nis\ngreat,no?	굉장해요\n멋진 마을이네요
MSG:3:294	019D40	MSG:0:294	0181152c018f1f808502bebc1f88890a1919a8bc1f8400	This is\nwhere we{D}\nmet,yes?	분명,자네들을 만난 게\n여기였지
MSG:3:295	019D57	MSG:0:295	0404c0d3e60400018f890a023901b1a89a12153d3d3d00	Will <04>Atla<00>\nbe OK...?	<04>아트라<00> 군은\n무사할까…
MSG:3:296	019D6E	MSG:0:296	9b1f1b892c198802909c0a92bc8301f616171b820d0a198801ef9c941f15850a1b1f1188a89500	I want to\nexpand thefield for\nour{D}\nvillage!	나는 이 밭을\n더 넓혀서{D}\n이 마을을 풍요롭게\n만들고 싶다네
MSG:3:297	019D95	MSG:0:297	c5c5cb9e841784bc821b8ebc1f00	A scarecrow\nis missing.	허수아비가 없어져 버렸어
MSG:3:298	019DA3	MSG:0:298	028392027297034a8e998211841188850af8edf45ded892c1e198510980d0aac121b828488153d3d3d00	Nobody is\npossessed\nbut a{D}\ndungeon is\nstill over\nthere...	아무도 사로잡히지 않았는데\n던전은 저기 있어{D}\n어째서일까…
MSG:3:299	019DCD	MSG:0:299	f8edf45ded890283158802fa036a9c9283850a1e1985026c9e980d0aab892c02838802fa036a8488153d3d00	Dungeons are\nbased on{D}\ndesires,but\nI wonder{D}\nwhose desires\nthese are?	던전은 누군가의 욕망을\n바탕으로 펼쳐지지{D}\n그럼 누구의 욕망일까…
MSG:3:300	019DF9	MSG:0:300	c15eedd39c015c8e1c153f0c00	See event?¶	See event?¶
MSG:3:301	019E06	MSG:0:301	849d93879d840a8ea893bc8200	I am\ndoing{D}\nsome\nthing.	Wait\nnot done yet
MSG:3:302	019E13	MSG:0:302	ac999c11a4989d933f0c00	Which one?¶	Which one?¶
MSG:3:303	019E1E	MSG:0:303	1811a3118916be12dbe6f00f0acbd4e7c4dbe6f00f0f121303570ac3c0ea8802360f0f0f0f839101b00affe7edc788c53bfc0f153c01100a9b16014888c53bfc0f0fad1803350ae2d5cf3b1a9dc6edcb0f0f02320acaedf83b8802360f0f0f0f0f0f0a93919300	Shop flag\nScenario flag\nAero Book\nBlink Card\nSpring Card\nMonitor\nThunder Book\nExit	Shop flag\nScenario flag\nAero Book\nBlink Card\nSpring Card\nMonitor OFF\nThunder Book\nExit
MSG:3:304	019E85	MSG:0:304	3030300a3130300a3135300a3230300a3235300a3330300a93919300	000\n100\n150\n200\n250\n300\nEnd	000\n100\n150\n200\n250\n300\nExit
MSG:3:305	019EA1	MSG:0:305	1a111bbf0afce810830aa811329b0aa811339b0a93919300	Start\nChip\nPart 2\nPart 3\nEnd	Start\nChip after\nPart 2\nPart 3\nExit
MSG:3:306	019EB9	MSG:0:306	30300a31300a32300a33300a34300a35300a93919300	00\n10\n20\n30\n40\n50\nEnd	00\n10\n20\n30\n40\n50\nExit
MSG:3:307	019ECF	MSG:0:307	30300a33300a35300a37300a93919300	00\n30\n50\n70\nEnd	00\n30\n50\n70\nExit
MSG:3:308	019EDF	MSG:0:308	e2d5cf3b1a9d8981159b8411ab0c00	Do not use¶	No Monitor¶
MSG:3:309	019EEE	MSG:0:309	0f30300a0f31300a0f32300a0f33300a0f34300a0f35300a0f36300a0f37300a0f38300a0f39300a3130300a93919300	00\n10\n20\n30\n40\n50\n60\n70\n80\n90\n100\nEnd	 00\n 10\n 20\n 30\n 40\n 50\n 60\n 70\n 80\n 90\n100\nExit
MSG:3:310	019F1E	MSG:0:310	9512191e210a191297bd17887fc1edd3892c023693d1e12cc7e69c0a035701ba85033282981983ab1c0ae0e79c1b8281bc198ea585d2e97fc53bfcab01ef8c0a025abc824c569c10a18e1bbf120a0f0f0f0f0f0f0f159d1bbe120f01fb01ef02cc024d0f959700	Welcome! It is\neffective to make\nsure you raise\nBooks,Talons,{100}\nSaddles. Increase\nyour level without{D}\noverdoing it by\nusing Teleport\nCards to return to\nthe village.\n-Director Nakamura\nKouichi	환영합니다!\n공략 포인트는 책,발톱,안장을\n잘 키우는 것입니다\n무리하게 파고들지 말고 텔레포 카드로\n마을에 돌아와 LV를 올립시다\n    감수 나카무라 코이치
MSG:4:0	02026E	MSG:0:0	0402cd3bff04001b8e1c153f0c00	<02>Save<00>?¶	<02>세이브<00>할까요?¶
MSG:4:1	02027C	MSG:0:1	0402cd3bff040001fbab1c0a0402e1e2e73bc53bfc04009c0a0292158411ab17a81a110c00	<02>Saving<00>...\nDo not touch the\n<02>Memory Card<00>¶	<02>세이브<00> 중입니다\n<02>메모리 카드<00>를\n빼지 마세요¶
MSG:4:2	0202A1	MSG:0:2	01c501b3015f0f0706efe80c00	GP{7:06}Gil¶	소지금 {7:06}길¶
MSG:4:3	0202AE	MSG:0:3	0f0402cd3bff0400850271028d1b8e1b1f00	<02>Save<00> failed.	 <02>세이브<00>에 실패했습니다
MSG:4:4	0202C0	MSG:0:4	0402e1e2e73bc53bfc04009e0a1a1abc82118e1d9d00	There is no\n<02>Memory\nCard<00>.	<02>메모리 카드<00>가\n꽂혀 있지 않습니다
MSG:4:5	0202D6	MSG:0:5	0f890f110a0f11111300	Yes\nNo	 예\n 아니오
MSG:4:6	0202E0	MSG:0:6	ac8802af8c019f978e1c153f0c00	Floor?¶	몇 층으로 내려갈까요?¶
MSG:4:7	0202EE	MSG:0:7	d3e6277da885bf3c9d070000	A trap!{7:00}	함정이지롱~{7:00}
MSG:4:8	0202FA	MSG:0:8	0f0f0f158eac0f0f0f0c00	Furnace¶	   용광로   ¶
MSG:4:9	020305	MSG:0:9	e7cac1c7e85f27c7cc0c00	Recycle¶	리사이클 박스¶
MSG:4:10	020310	MSG:0:10	118080800a199dac89849da83c00	Whooa<\n{D}What\nhappened?	아야야야\n이번엔 또 뭐야~
MSG:4:11	02031E	MSG:0:11	849da82c01c201768801e215950d0a9d3f0a01c201768801e2a8bc823f00	Wah!{D}\nIn front\nof the inn?{D}\nWhy?	뭐야,여관 앞이잖아{D}\n응?\n여관 앞이라고?
MSG:4:12	02033C	MSG:0:12	8eb72ca88e1a99808ebc1f929d890a1bbf129e84111500	Nothing we\ncan do about{D}\nbeing\ntricked.	뭐,속아 넘어간 건\n어쩔 수 없지
MSG:4:13	020353	MSG:0:13	ac12939610880217ebe6023301ae880ad05dc95f9e1988f8edf45ded880ad6cb961b118400	The straw\nhat chocobo\nseems to be{D}\nthe keeper\nof the\ndungeon.	아무래도 저 밀짚모자 쓴\n초코보가 이 던전의\n주인인 것 같아
MSG:4:14	020378	MSG:0:14	1e9d84191fb719881a110aac12ab92111100	We best\nmove on.	그런 건 이제 와서\n아무래도 좋아
MSG:4:15	02038A	MSG:0:15	9512892c1088f8edf45ded880a01fb8589e9c084c0c1d2e09e0aacbc80bd97109815921b999d0abc821983a89500	The main\nthing is,\nthere is\nprobably{D}\ntreasure\ninside that\ndungeon...	요컨대,저 던전\n안에는 레어 아이템이\n잔뜩 있을지도 모른다\n이거지
MSG:4:16	0203B8	MSG:0:16	1e99a4bd2cc4e98901c0911e12840a83199a9c01f81b82179815961a0d0a04040b040089f8edf45ded850a019f978211178885021e02408401e6010c0a9c01dc139a950d0a1e99a4bdb78700	Anyway,\nwhile I\nfind us a{D}\nplace to\nstay,you\nshould{D}\nprepare to\nexplore,\n<04>{B}<00>!	그럼,난 살 만한 곳을\n찾아볼 테니까{D}\n<04>{B}<00>,넌 던전에\n내려갈 준비를 해 둬{D}\n그럼 나중에 봐
MSG:4:17	020404	MSG:0:17	93b70a1196bc1bbd1100	Hello,\nthere!	여어\n어서 와
MSG:4:18	02040E	MSG:0:18	026e027c01768c9512191e0a84859c026e027c1b8e1bbf1200	Welcome\nto my{D}\nForge.\nWant to\nfuse?	합성소에 잘 왔어\n뭘 합성할까?
MSG:4:19	020427	MSG:0:19	018fa8873f0d0a1abc16881ca2170a0265025b84e23bf0e7880a02a20282bc82888900	You\nfriends\nwith{D}\nthe hypermoogle\nfrom{D}\nbefore?	너구나?{D}\n아까 그 엄청\n활기찬 모그리의\n친구라는 게
MSG:4:20	02044A	MSG:0:20	0265025b84e23bf0e784960a01ef01fe8802528c019ebc1f950d0a102c1e121e120d0a1e881280022e9bbc1f0a01c802159c1c9815960d0a1e888316850a0241821799958400	That\nenergetic{D}\nmoogle\nwent to{D}\nsee the\nmayor.{D}\nMy shop\nopens soon{D}so please\ncome by{D}\nthen!	활기찬 모그리라면\n촌장님 댁에 갔어{D}\n아,맞다 맞다{D}\n조만간 색다른\n장사를 시작할 테니까{D}\n그때\n와 줘
MSG:4:21	020490	MSG:0:21	01ef01fe88025215113f0d0a5fc78819880252881ca00a01a5880252a8950d0a1e19880404db2627c704001a9d9e0a198801ef8801ef01fe1a00	The mayor?{D}\nGo left\nfrom here!{D}\nThe villagemayor,{D}\n<04>Fawkes<00>\nis there.	촌장님 댁 말이야?{D}\n우리 집 바로\n왼쪽 집이야{D}\n거기 <04>포크<00> 씨가\n이 마을 촌장이지
MSG:4:22	0204CA	MSG:0:22	8ea81988025902549e0a020a1584119da800	My\nmachine{D}\nis not\nrunning.	아직 이 기계가\n안 움직여
MSG:4:23	0204DC	MSG:0:23	1988025902541ca0850acafe821b8e129da80d0a8485151111c0c1d2e09e0a84111584b700	My machine\nis rusty.{D}\nIf there\nwas an{D}\nitem to\nhelp...	이 기계는 금방\n녹이 슬어 버려{D}\n뭔가 좋은 아이템\n없으려나
MSG:4:24	020501	MSG:0:24	101010102c100a1e1e2c1e88c53bfc890a84842c849da8113f00	Ahhhh,\nthat!{D}\nThat\ncard! Whatis that?	아아아아,아\n그그,그 카드는\n뭐,뭐야?
MSG:4:25	02051B	MSG:0:25	024c12950a1999a4bd841100	Not\nthis.	아니야\n이게 아니야
MSG:4:26	020527	MSG:0:26	1414210a1999892100	Ah,\nthis!	오오!\n이건!
MSG:4:27	020530	MSG:0:27	93bcb2971e12a80a1999a82100	This\nwill{D}\ndo it!	역시 그렇군\n이거야!
MSG:4:28	02053D	MSG:0:28	018f210a1ca2119519992100	You!\nAmazing!	너!\n이거 굉장해!
MSG:4:29	020549	MSG:0:29	10bc210af2e1ed00	Ah!	앗!\n미안
MSG:4:30	020551	MSG:0:30	c53bfc2c15bc82850a0153bc80bdbc1f9500	Sorry!{D}\nI ended\nup{D}\nusing thecard.	카드,멋대로\n써 버렸어
MSG:4:31	020563	MSG:0:31	ab922c025902549e020a111f15960a03401b821799958400	But now,\nit runs!{D}\nForgive\nme!	그래도 기계가 움직였으니\n용서해 줘
MSG:4:32	02057B	MSG:0:32	1e88159b97850a31017da818ca3bfecc1c98159600	As an\napology{D}\nuse it\nonce,free.	그 대신\n1번은 공짜로 해 줄게
MSG:4:33	020590	MSG:0:33	102c19880259025488031a012a9c0a1b828415bc1f958400	Ah,I\nnever{D}\nexplained\nit...	아,이 기계 설명을\n안 했지
MSG:4:34	0205A8	MSG:0:34	1e122c198802590254191e9e0ac7eb83c7eb9c01a4a6820a02b51b11c7eb851c9802590254a800	This\nmachine can\nfuse{D}\ntogether\ntwo of\nyour tools.	그래,이 기계야말로\n도구와 도구를 섞어서\n새 도구로 만드는 기계야
MSG:4:35	0205CF	MSG:0:35	133f0a95179b159684113f00	Eh?\nTell you{D}\nmore?	응?\n잘 모르겠다고?
MSG:4:36	0205DB	MSG:0:36	133c832c0339035f8502661283a88400	How to say...	음~ 간단히 말하자면
MSG:4:37	0205EB	MSG:0:37	1e88018f8801b3bc821198d1e10a1e122cd1e19c328111991f960a02b51b11d1e18501de8e99022e9b9800	Those\nTalons you\nhold. Put{D}\ntwo of\nthem in to\ncreate a{D}\nnew one.	네가 가진 그 발톱\n그래,발톱을 2개 넣으면\n새 발톱으로 다시 태어나지
MSG:4:38	020616	MSG:0:38	1e88018f8801b3bc821198c7e60a1e122cc7e69c328111991f960a02b51b11c7e68501de8e99022e9b9800	Those\nSaddles you\nhold. Put{D}\ntwo of\nthem in to\ncreate a{D}\nnew one.	네가 가진 그 안장\n그래,안장을 2개 넣으면\n새 안장으로 다시 태어나지
MSG:4:39	020641	MSG:0:39	01e6010cab169892889c328111991f960a02b51b11e2d88501de8e99022e9b989da800	Put two\nequippable{D}\nitems in to\nmake a new\none.	장비품을 2개 넣으면\n새 물건으로 다시 태어나지
MSG:4:40	020664	MSG:0:40	3d3dd1e13f0a018f2c1e88d1e189ac19ab0a01ba850210991f9da83f00	...\nTalons?\nWhere did{D}\nyou find\nthose\nTalons?	…발톱?\n너,그 발톱은 어디서\n손에 넣은 거야?
MSG:4:41	020681	MSG:0:41	3d3dc7e63f0a018f2c1e88c7e689ac19ab0a01ba850210991f9da83f00	...\nSaddle?\nWhere did{D}\nyou find\nthose\nTalons?	…안장?\n너,그 안장은 어디서\n손에 넣은 거야?
MSG:4:42	02069E	MSG:0:42	1e121113ad2c018f0a1e99892c849da8113f0aac19ab01ba850210991f9da83f00	Speaking\nof which\nwhat is{D}\nthat?Where\nis it\nfrom?	그러고 보니,너\n그건 뭐야?\n어디서 손에 넣었어?
MSG:4:43	0206BF	MSG:0:43	1e9989dadfd13f00	Secret?	그건 비밀?
MSG:4:44	0206C7	MSG:0:44	025b858498a4bd8411150a025f138217999500	Curious!\nTell me!	궁금하잖아\n알려 줘
MSG:4:45	0206DA	MSG:0:45	f8e13f00	No?	안 돼?
MSG:4:46	0206DE	MSG:0:46	123c9d0a025b858498a73c00	Hm...{D}\nHow\nodd.	으음~\n궁금하다~
MSG:4:47	0206EA	MSG:0:47	849da8bc823f0af8edf45deda8bc823f00	What?\nA dungeon?	뭐라고?\n던전이라고?
MSG:4:48	0206FB	MSG:0:48	123c9d0a0404c5dfe67b7b04001a9d92027b0364a818ac0af8edf45ded92025b85849884b700	I worry for\n<04>Camillas Dad<00>\nbut also{D}\nthe dungeon\n...	으음~\n<04>카미라 아빠<00>도 걱정이지만\n던전도 궁금하네
MSG:4:49	020721	MSG:0:49	31017dca3bfecc1c98bc820a036f035ba8bc1f8700	You were\npromised{D}\none free\ntry.	1번 공짜로 해 주기로\n약속했었지
MSG:4:50	020736	MSG:0:50	1988070081ab111115113f0f0c00	{7:00}	이거 {7:00}개면 될까?¶
MSG:4:51	020744	MSG:0:51	0700efe80a021e0240a818ac111115843f0f0f0c00	{7:00}	{7:00}길\n필요한데 괜찮겠어?¶
MSG:4:52	020759	MSG:0:52	01a802c92c8e1001fd01ae9e024a119da80a1088c53bfc88019a1601289e0a841784bc82161f8815843f00	Lately it\nhas not\nworked.{D}\nPerhaps the\nCard has\nworn off?	요즘 또 상태가 안 좋아\n그 카드의 효과가\n다 떨어졌나?
MSG:4:53	020784	MSG:0:53	1ab72cac9dac9d0241821799950a92bc8314015f9c02e691820d0a0404cad5c004009c19198c01979dab0a11bc1bbf850369961c9da800	You keep\ncoming{D}\nback! After\nsaving more{D}\nmoney,I\nwill ask{D}\n<04>Sania<00> to\nlive here.	자,계속 찾아와 줘\n돈을 더 모아서{D}\n<04>사니아<00>를 여기로 불러\n함께 살 거야
MSG:4:54	0207BB	MSG:0:54	93bc832c0404cad5c004009e02418217991f950a19991596922c1988140287ab0a026e027c1b8217999500	<04>Sania<00> is\nfinally here!\nKeep fusing{D}\nhere from\nnow on!	드디어 <04>사니아<00>가 와 줬어\n앞으로도 이 가게에서\n합성해 줘
MSG:4:55	0207E6	MSG:0:55	89a4918e1b820a0404cad5c004008311118e1c00	Hello!{D}\nI am\n<04>Sania<00>.	처음 뵙겠습니다\n<04>사니아<00>라고 해요
MSG:4:56	0207FA	MSG:0:56	1181920404e6ccc704009e0a141d9b8584bc828e1c00	<04>Rask<00> is\nalways{D}\nhelping\nme.	늘 <04>라스크<00>가\n신세 지고 있어요
MSG:4:57	020810	MSG:0:57	9b1f1b929e9dad978e1c15960a10841f922c9e9dadbc8217a81a118700	I am doing\nmy best,so{D}\nyou do the\nsame!	저도 열심히 할 테니\n당신도 힘내세요
MSG:4:58	02082D	MSG:0:58	ac121c983f0a328188026e027c15113f0a1e9983922c338115113f0c00	So,want\nto fuse 2?\nOr 3?¶	어떻게 할래?\n2개 합성?\n아니면 3개?¶
MSG:4:59	02084A	MSG:0:59	3281880a3381880a939182141700	2\n3\nQuit	2개\n3개\n그만둔다
MSG:4:60	020858	MSG:0:60	14933f0a1e88c53bfc89849da83f0a80bfbc83015c1d8217999500	Oh? What\nis that\ncard?{D}\nCould I\nsee?	어라?\n그 카드는 뭐야?\n잠깐 보여 줘
MSG:4:61	020873	MSG:0:61	192c1999892100	What?	이,이건!
MSG:4:62	02087A	MSG:0:62	10210ff2e1ed0a8e1f93bc1f9500	Sorry!\nI did{D}\nit\nagain!	앗!미안\n또 저질렀어
MSG:4:63	020888	MSG:0:63	19999c10a19815960a03401b8217999500	Please\nforgive{D}\nme.\nHere.	이걸 줄 테니까\n용서해 줘
MSG:4:64	020899	MSG:0:64	81110154bc1f9da818ac0a1faf9d015313988301af1200	This was\nmade.{D}\nYou can\nuse it.	그냥 만들어 본 건데\n아마 쓸 만할 거야
MSG:4:65	0208B0	MSG:0:65	1faf9dc0c1d2e09c31810a01fa035788ac19158c010d9dab1799980d0a02a60202ab892c018f8802528c0a036dbc8217989500	This item\ncan return{D}\nan item to\nyour home.	아마 아이템을 1개\n지상 어딘가로 옮겨 줄 거야{D}\n예정대로라면 너희 집으로\n돌아올 거야
MSG:4:66	0208E3	MSG:0:66	ac121b1f3f0a8e1fd2e97f5f27c7cc9e119888153f00	What is\nit? Another{D}\nTeleport Box?	무슨 일이야?\n또 텔레포 박스가 필요해?
MSG:4:67	0208F9	MSG:0:67	89112c1999ab111100	Yes,\nhello.	자,이거면 됐어
MSG:4:68	020902	MSG:0:68	01b7892c025902549c0a7beb3bc0277d1b1f9da800	I powered\nthe{D}\nmachine.	실은,기계를\n파워업했어
MSG:4:69	020917	MSG:0:69	026e027c1c988316852ccfd79301b79c0a11bc1bbf8501a4a69819839eab16989da800	When fusing\nyou can also{D}\nadd a seed or\nnut.	합성할 때 씨앗이나 열매를\n같이 섞을 수 있게 됐어
MSG:4:70	02093A	MSG:0:70	0404c2c1f504009e0adaedd39c17991f9da800	<04>Wiz<00> gave\na hint.	<04>위즈<00>가\n힌트를 줬거든
MSG:4:71	02094D	MSG:0:71	026e027c1c9883168511bc1bbf8502109998830ad1e193c7e6882c0211011d9c026e01f3ab16980acfd79e1098961b1100	When fusing\nthere is a\nseed to{D}\ncombine abilitiesof Talons and\nSaddles.	합성할 때 같이 넣으면\n발톱이나 안장의 능력을\n합칠 수 있는 씨앗이\n있다나 봐
MSG:4:72	02097E	MSG:0:72	92bc83920211011d8932811b150a026e027cab16841118ac8400	At most\nup to 2{D}\nabilities\ncan fuse.	다만 능력은 2개까지만\n합성할 수 있지만
MSG:4:73	020998	MSG:0:73	015c81181f888496849dab920a1f911b828f989da88400	If you\nfind it,{D}\ntry it\nwith many{D}\nthings.	찾으면 뭐든지\n시험해 보라고
MSG:4:74	0209AF	MSG:0:74	01b78992121ca00252035c9e0a0280131e12848800	Seems my\nfamily{D}\nwill\ngrow soon.	실은 곧 가족이\n늘 것 같아요
MSG:4:75	0209C4	MSG:0:75	1bad9617af97870a01ae0341bc821ca08501f616178498889500	The children\nwill soon be{D}\nall grown\nup.	오랜만이에요\n아이들은 금방 자라네요
MSG:4:76	0209DE	MSG:0:76	0404c5c6c00400210d0a19bc808c0241820aa210111a811b841a1100	<04>Kakia<00>!{D}\nCome\nintroduce{D}\nyourself!	<04>카키아<00>!{D}\n이리 와서\n인사드리렴
MSG:4:77	0209FA	MSG:0:77	192c199d85808900	H...{D}\nhello.	아,안녕하세요
MSG:4:78	020A02	MSG:0:78	b0ba3c00	...	메롱~
MSG:4:79	020A06	MSG:0:79	1996210a0404c5c6c004008e80841a112100	Hey!{D}\n<04>Kakia<00>,\nwait!	요 녀석!\n<04>카키아<00>,거기 서!
MSG:4:80	020A18	MSG:0:80	923c210aa8998503511f88151b9600	Hmph!\nHe takes\nafter...	정말~!\n누굴 닮았담
MSG:4:81	020A27	MSG:0:81	c4e9153d3d00	Me...	나인가…
MSG:4:82	020A2D	MSG:0:82	01ae033282bc821f118c9d950aab921f881b119b00	It is\nhard,but{D}\nfun to\nraise{D}\nkids.	아이 키우기는 힘들어요\n그래도 즐거워요
MSG:4:83	020A42	MSG:0:83	8f9d84027715bc1f18ac0af8edf45ded89030fbc1f8400	Everyone\nis safe.{D}\nThe\ndungeon{D}\nstayed.	모두 무사했지만\n던전은 남았네
MSG:4:84	020A59	MSG:0:84	f8edf45ded9e109815960a1402879e01ed189699989da800	My store\nstays open{D}\nusing the\ndungeon.	던전이 있으니까\n가게를 계속할 수 있어
MSG:4:85	020A71	MSG:0:85	8f9d84023901b1ab0a9515bc1f9b00	Glad\nevery{D}\none\nis OK.	모두 무사해서\n다행이에요
MSG:4:86	020A80	MSG:0:86	f8edf45ded9e841784968417820a9515bc1f88152c9b9815bc1f88150d0a9b1f1b85892c9b159684119b00	I am not\nsure if it{D}\nis good or\nbad that the{D}\ndungeon\nstayed.	던전이 사라지지 않은 게\n잘된 건지,잘못된 건지{D}\n저는 모르겠어요
MSG:4:87	020AAB	MSG:0:87	f8edf45dedbc8284853f00	What is{D}\na dungeon?{D}\nIs it	던전이 뭐야?
MSG:4:88	020AB6	MSG:0:88	14921b9a11883f0c00	...cool?¶	재밌어?¶
MSG:4:89	020ABF	MSG:0:89	a4bd105fc7920a8911bc828f9500	I will\ntry to{D}\ngo in\ntoo!	그럼 나도\n들어가 볼래
MSG:4:90	020ACD	MSG:0:90	849da80a818e9d84118800	Oh!{D}\nIs it\nboring?	뭐야\n시시해
MSG:4:91	020AD8	MSG:0:91	3d3d3d3d00	...	……
MSG:4:92	020ADD	MSG:0:92	f8e1a8950a14015f92bc828416bd00	How{D}\nbad! I\nneed{D}\nmoney!	안 돼\n돈이 없으면
MSG:4:93	020AEC	MSG:0:93	5fc7892c027f02670176880a0404c2c1f50400bc821112881a00	I am <04>Wiz<00>!{D}\nI run the\nstorage.	나는 창고지기\n<04>위즈<00>라고 해
MSG:4:94	020B06	MSG:0:94	c6df9e0f0f0f0f0f0f0a04040b0400a8873f00	Are you\n<04>{B}<00>?	혹시 네가\n<04>{B}<00>?
MSG:4:95	020B19	MSG:0:95	1abc16e23bf0e7880a0404c0d3e604009e161f9500	A moogle,<04>Atla<00>,{D}\ncame by.	아까 모그리\n<04>아트라<00>가 왔었어
MSG:4:96	020B2E	MSG:0:96	1e881280851f171a9d0ac0c1d2e09c01b3bc820a179815960d0a027f02679c018e188311820a1799bc820266bc821f9500	He said\nsince he\nwill be{D}\nbringing\nitems\nsoon,he{D}\nwanted\nto rent a\nstoreroom.	조만간 아이템을\n잔뜩 가지고\n올 테니까{D}\n창고를 비워 달라고\n하더라고
MSG:4:97	020B5F	MSG:0:97	921b151b820af8edf45dedab920a015c81181f8815843f00	Maybe\nit is\nitems{D}\nfound in\ndungeons?	혹시\n던전이라도\n찾은 걸까?
MSG:4:98	020B77	MSG:0:98	14015f9e1f8ebc1f960a8e1f1411ab9500	You need\nmoney!	돈이 모이면\n또 와
MSG:4:99	020B88	MSG:0:99	1e121e122c5fc7890a027f0267017684881a0d0aac12a8112c027f02679c0a1597828f841115113f00	Right. I\nmanage{D}\nthe store-house.{D}\nNeed some\nstorage?	그래그래,나는\n창고지기야{D}\n어때,창고를\n빌려 보지 않을래?
MSG:4:100	020BB1	MSG:0:100	318188027f0267852c3130c90ac0c1d2e09e021098881a00	One\nstoreroom{D}\nholds 10\nitems.	창고 1개에 아이템이\n10개 들어가
MSG:4:101	020BC9	MSG:0:101	ac12a8112c027f026731810a0700efe81a0a15979815113f0c00	Rent one?\n{7:00}	어때,창고 1개\n{7:00}길이야\n빌릴래?¶
MSG:4:102	020BE3	MSG:0:102	021e02408584bc1f960a168217991f9611111a00	I will\nbe here{D}\nif you\nneed me.	필요해지면\n오면 돼
MSG:4:103	020BF7	MSG:0:103	8e11ac10973c00	Thanks!	매번 고마워~
MSG:4:104	020BFE	MSG:0:104	02f918980a02729701c41c0a93919800	Give\nTake\nEnd	맡긴다\n꺼낸다\n그만둔다
MSG:4:105	020C0E	MSG:0:105	0fc2c1f588027f02670f0c00	Storage¶	 위즈의 창고 ¶
MSG:4:106	020C1A	MSG:0:106	9212dbc7ea9e11bcb211a89500	Your bag is\nalready full.	이제 주머니가 가득 찼어
MSG:4:107	020C27	MSG:0:107	108e9790971b8411ab0a94bc17979399ad11111a00	Working\ntoo hard{D}\nis bad.\nRelax\nsome!	너무 무리하지 말고\n천천히 하면 돼
MSG:4:108	020C3C	MSG:0:108	fce8018f9e198801ef8802b51b1101c00149850a84bc1f881a00	<04>Chip<00> is new\nto living in{D}\nthe village.	도르가 이 마을의\n새 주민이 됐어
MSG:4:109	020C56	MSG:0:109	159b111101c001499e8b13820a12991b11159f971a00	Glad to\nsee more{D}\ncute new\nresidents!	귀여운 주민이 늘어서\n기쁘기 그지없어
MSG:4:110	020C6C	MSG:0:110	1e99851b82920404c5dfe67b7b0400890aa811a4bf12af848815b700	I really\nhope that{D}\n<04>Camillas Dad<00>\nis OK.	그나저나 <04>카미라 아빠<00>는\n괜찮은 걸까
MSG:4:111	020C88	MSG:0:111	0404c5dfe67b7b04009e0a027715bc1f8301afbc1f88850d0a199dac892c0404c0d3e604001500	Just after\n<04>Camillas{D}\nDad<00> was\nsaved,now{D}\n<04>Atla<00>...	<04>카미라 아빠<00>가\n살았다 싶었더니{D}\n이번엔 <04>아트라<00>인가
MSG:4:112	020CAF	MSG:0:112	102c1e9989029101d013a8870a029101d013932c140336881983890a0404c5dfe604009e179b1b11881a00	Ah,your\nPlant.\n<04>Camilla<00>{D}\nknows\nabout\nplant pots{D}\nand flowers.	아,그건 화분이구나\n화분이나 꽃에 대해선\n<04>카미라<00>가 잘 알아
MSG:4:113	020CDA	MSG:0:113	0404dfe804001a9d892c0404fce80400018f830a11bc1bbf8517961c9da8bc821a00	<04>Mill<00> is\nliving with{D}\n<04>Chip<00>!	<04>미르<00> 씨는 <04>도르<00> 군과\n함께 산대
MSG:4:114	020CFC	MSG:0:114	0404fce80400018f922c12991b1e12a89500	<04>Chip<00> seems{D}\nhappy!	<04>도르<00> 군도 기뻐 보여
MSG:4:115	020D0E	MSG:0:115	0404fce80400018f832c0404dfe804001a9d850a01ae03419e01de8e991f881a0d0a1e9992360297921a00	<04>Mill<00> and\n<04>Chip<00> had{D}\nbabies!{D}\n6 of\nthem!	<04>도르<00> 군과 <04>미르<00> 씨에게\n아이가 태어났어{D}\n그것도 6마리나
MSG:4:116	020D39	MSG:0:116	1e99851b82920404c0d3e60400890aa811a4bf12af848815b700	I hope\n<04>Atla<00>{D}\nis all\nright.	그나저나 <04>아트라<00>는\n괜찮은 걸까
MSG:4:117	020D53	MSG:0:117	123c9d0a8e1ff8edf45ded9eab1f9500	Now,\nanother{D}\ndungeon is\nmade.	으음~\n또 던전이 나타났어
MSG:4:118	020D63	MSG:0:118	ac129396027297034a8e991f88890a029088c5c5cb961b11881a00	This time\na farm{D}\nscarecrow\nwas taken.	아무래도 사로잡힌 건\n밭의 허수아비인가 봐
MSG:4:119	020D7E	MSG:0:119	318188027b15969b16ab1f0a02fa036aa4bd8411159200	Not just\nthe{D}\ndesire of\none heart.	마음 하나에서 솟아난\n욕망이 아닐지도 몰라
MSG:4:120	020D95	MSG:0:120	1f171a9d8801c91a8402fa036a9e0a02758ebc82989512840ac1e13bf484881a00	Rather\nit seems\nmany{D}\nsmall\ndesires\ntogether.	수많은 작은 욕망이\n모여 있는 듯한\n느낌이야
MSG:4:121	020DB6	MSG:0:121	849d8384179b15bc1f881a0d0a1088f8edf45ded890ac5c5cb9c02e91b8202889bbc1f0d0a01ef888f9d8488027b84881a00	Somehow I\nsee. The{D}\nscarecrow\nis a vessel{D}\nfor the\ndungeon to{D}\ntransmit\nour desires.	어쩐지 알 것 같아{D}\n저 던전은\n허수아비를 통해 전해진{D}\n마을 모두의 마음이야
MSG:4:122	020DE8	MSG:0:122	1e122cf8edf45ded9e0a10bc1f8d129e01ef9e0a01f6161784981b0d0a02e40165920280139815968700	While\na dungeon\nexists,{D}\nthe\ntown grows{D}\nand more\nfriends\narrive.	그래,던전이\n있는 편이 마을이\n커지고{D}\n동료도 늘어나니까
MSG:4:123	020E12	MSG:0:123	123c9d0a849da8152c02d3014802d8850aa88e1a998211989512843d3d00	It seems\nthe Tyrian\nCrystal is{D}\ndeceiving\nthem.	으음~\n어쩐지 자수정에\n속고 있는 것 같은데…
MSG:4:124	020E30	MSG:0:124	1196bc1bbd1100	Hello.	어서 오세요
MSG:4:125	020E37	MSG:0:125	10962c111102a1aa93880ad05dc95fa8198300	Oh,a\nchocobo!{D}\nWhat fine\nfeathers!	어머,깃털이 참 고운\n초코보네요
MSG:4:126	020E4A	MSG:0:126	dede210a7b7b2cac1985920a1184119b9500	Mom!\nDad is\nmissing!	엄마!\n아빠가 어디에도\n없어
MSG:4:127	020E5C	MSG:0:127	10963c0aac198c11bc1f880a151b963f00	Oh,wherecould\nhe be?	어머~\n어디 가셨을까?
MSG:4:128	020E6D	MSG:0:128	029085920a118415bc1f8800	He was\nnot in{D}\nthe\nfield!	밭에도\n없었어
MSG:4:129	020E79	MSG:0:129	10962c1e121113ad0a10841f7b7b9c015c8e0a1d9dab1b1f3f00	How aboutyou?{D}\nHave you\nseen him?	어머,그러고 보니\n혹시 아이 아빠를\n못 보셨나요?
MSG:4:130	020E93	MSG:0:130	dffce7880217ebe60a023301ae9c15afbc1f0ad05dc95f8488ab1c9e00	He is a\nchocobo\nwearing{D}\na green\nstraw\nhat.	초록색 밀짚\n모자를 쓴\n초코보인데요
MSG:4:131	020EB0	MSG:0:131	13210aac19ab015c1f883f00	Oh!\nWhere?	어!\n어디서 봤어?
MSG:4:132	020EBC	MSG:0:132	10963f0a01c20176ab1c153f0c00	Oh,the\ninn?¶	어머?\n여관이요?¶
MSG:4:133	020ECA	MSG:0:133	13210a01c2017684883f00	Oh!Theinn?	어!\n여관이라고?
MSG:4:134	020ED5	MSG:0:134	dede2c8485150a8c9da89b00	Some-\nthing{D}\nis\nfishy,{D}\nMom.	엄마,뭔가\n이상해
MSG:4:135	020EE1	MSG:0:135	8ea801539b99821184110a01c201768488853d3d00	The inn isnot in{D}\nbusiness\nyet.	아직 영업도 안 하는\n여관인데…
MSG:4:136	020EF6	MSG:0:136	1e1287ba2c0404c5dfe604000a80bfbc8302a891983f00	Can I\nask a{D}\nfavor,\n<04>Camilla<00>?	그래,<04>카미라<00>\n부탁 좀 해도 될까?
MSG:4:137	020F0D	MSG:0:137	0404db2627c704001a9d850a1402ac1b821411820a1799983f00	Can you\ntalk to\n<04>Fawkes<00>?	<04>포크<00> 씨께\n이야기 좀\n전해 줄래?
MSG:4:138	020F27	MSG:0:138	9b15bc1f9b210a019ebc8217989b8700	Got it!\n{D}I will\nbe back!	알았어!\n다녀올게
MSG:4:139	020F37	MSG:0:139	10960aa2919d841a11870d0a1dbc15170241820a111fa8111f888500	Oh,\nsorry.{D}\nAfter\nyou{D}\ncame all\nthis way.	어머\n미안해요{D}\n모처럼 와\n주셨는데
MSG:4:140	020F53	MSG:0:140	7b7bbc1f960aac121b1f88151b9600	My,where\nis my{D}\nhusband?	아이 아빠도 참\n어떻게 된 걸까
MSG:4:141	020F62	MSG:0:141	10960aa2919d841a11870d0a14028788012302ad0a1b8284118800	Oh,sorry.Nothing{D}\nis for\nsale.	어머\n미안해요{D}\n가게 준비를\n못 했어요
MSG:4:142	020F7D	MSG:0:142	7b7b9e118411830a02159892889e84118800	Papa is\ngone and{D}\nwe have\nnothing{D}\nto sell\neither.	남편이 없으면\n팔 물건이 없어요
MSG:4:143	020F8F	MSG:0:143	10962c10841f0a84859c92bc8298883f00	Oh,what\nis this?	어머,당신\n뭘 가지고 있어요?
MSG:4:144	020FA0	MSG:0:144	10962c199911119b9500	How nice.	어머,이거 좋네요
MSG:4:145	020FAA	MSG:0:145	ac19159601b3bc82161f88150a014096841118ac0a9b1f1b850215bc8217998e1d9d3f00	Not sure\nwhere\nyou bought{D}\nit from,but\nwill you{D}\nsell it?	어디서 가져왔는지\n모르겠지만\n저한테 팔지 않을래요?
MSG:4:146	020FCE	MSG:0:146	7b7b9e11841115960a02159702299e8417820a198ebc821f8800	We have\nno wares\nwith my{D}\nhusband\ngone.	남편이 없어서\n팔 물건이 없어\n곤란했거든요
MSG:4:147	020FE8	MSG:0:147	92bc832c119a119a8492889c0a01b3bc82168201781a118700	Please\nbring even{D}\nmore items\nfor us.	앞으로도 여러 가지\n가져와 주세요
MSG:4:148	021001	MSG:0:148	7b7b89ac198c0a11bc1f88151b963f00	Oh,where\ncould he{D}\nhave\ngone?	아이 아빠는 어디\n간 걸까?
MSG:4:149	021011	MSG:0:149	8ebc1f177b7bbc1f960aac198c11bc1f88151b960d0a92122c14028785a81c92889e0a841784bc1f888500	Geez,Dad.{D}\nWhere in\nthe world{D}\ndid you\ngo to?{D}\nWe have no\ninventory...	정말 이이도 참\n어디 간 걸까{D}\n이제 가게에 낼 물건도\n다 떨어졌는데
MSG:4:150	02103C	MSG:0:150	10841f9e2c119a119a8492889c0a92bc82168217999815960a14028792128e1711bc8211989b00	Because you\nhave brought\nmany things{D}\nback,the\nshop is\ndoing well.	당신이 이것저것\n가져다준 덕분에\n가게도 잘되고 있어요
MSG:4:151	021063	MSG:0:151	0404db2627c704001a9d15960a0324168e1b1f00	<04>Fawkes<00>\ntold me.	<04>포크<00> 씨한테\n들었어요
MSG:4:152	021077	MSG:0:152	10841f9e01b3bc8217980ac0c1d2e0890d0af8edf45ded159601b3bc820a025abc82161f9288ab0d0a1e88f8edf45ded9c0154bc1f889e0a7b7ba8bc8200	The items you\nbrought were{D}\nfrom the\ndungeon my{D}\nhusband built.	당신이 가져오는\n아이템은{D}\n던전에서 가지고\n돌아온 거고{D}\n그 던전을 만든 게\n남편이라고요
MSG:4:153	0210B5	MSG:0:153	14033a11ab1c0a9b1f1b1f80887b7b9c0d0a7b7b9c0277188201781a1100	Please,my\nhusband!{D}\n...Please\nsave him!	부탁이에요\n우리 남편을{D}\n남편을 구해 주세요
MSG:4:154	0210D3	MSG:0:154	3d3d3d3d0a7b7b9c0277188210a1822100	...Save my\nPapa!	……\n아빠를 구해 줘!
MSG:4:155	0210E4	MSG:0:155	109d84851483841b17820a14a89315847b7b9e3d3d00	My calm,\nmature{D}\npapa...	그렇게 얌전하고\n온화한 아빠가…
MSG:4:156	0210FA	MSG:0:156	034f892c1403368819831b159b1596841118ac0a848515036e851f829819839e1099ad3d3d00	I really only\nknow about{D}\nflowers. If you\nthink I can{D}\nhelp...	난 꽃밖에 모르지만\n뭔가 도울 일이 있다면…
MSG:4:157	021120	MSG:0:157	14033a119500	...	부탁해
MSG:4:158	021126	MSG:0:158	10979e8312870a10841f881415a19500	It is all\nthanks to{D}\nyou!	고마워요\n당신 덕분이에요
MSG:4:159	021136	MSG:0:159	93bc837b7b92017d01321b82161f9b00	My husband{D}\nis healing.	드디어 남편도 회복됐어요
MSG:4:160	021146	MSG:0:160	10960a7b7b849602908c01c415181f9b9500	He left\nfor the{D}\nfields.	어머\n남편이라면 밭에 나갔어요
MSG:4:161	021158	MSG:0:161	0404c0d3e6040080bd9d0aac1284bc80bd1288151b963d3d00	But what\nhappened to{D}\n<04>Atla<00>?	<04>아트라<00>는\n어떻게 되는 걸까…
MSG:4:162	021171	MSG:0:162	7b7b9c3d3d3d0a10979e831200	Thank\nyou...\nfor my\ndad...	아빠를…\n고마워
MSG:4:163	02117E	MSG:0:163	9b1f1b85928485150a1401ba0288111a1d8200	Please,\nlet me{D}\nhelp\nsomehow.	나도 뭔가\n돕게 해 줘
MSG:4:164	021191	MSG:0:164	159bbc1f02918700	Odd{D}\nPlant!	특이한 화분이네
MSG:4:165	021199	MSG:0:165	f8edf45ded8801fbab0a015c81181f88ab1bbf3f00	Did you\nfind it{D}\nin the\ndungeon?	던전 안에서\n찾은 거지?
MSG:4:166	0211AE	MSG:0:166	cfd7152c01b79c92bc8284113f0a1e9985023e13980127922c92bc8284113f00	Do you have\nSeeds,Nuts{D}\nor Tonics to\nuse on it?	씨앗이나 열매 없어?\n거기 줄 약도 없어?
MSG:4:167	0211CE	MSG:0:167	cfd7832c0127ab0a033282828f8e1bbf129500	Try\nusing a{D}\nSeed and\nTonic.	씨앗이랑 약으로\n키워 보자
MSG:4:168	0211E1	MSG:0:168	0291892c036302081f97880a111183199a8c02e311828300	Place the\nPlant in{D}\nthe\nsunlight.	화분은 햇볕이\n잘 드는 곳에 두고…
MSG:4:169	0211F9	MSG:0:169	84859c01d01398150190911f960a029101d0138c02109982870d0a019988919dac12899b1f1b9e0a015c82141715968700	Once you\nhave{D}\nchosen what\nto grow{D}\ninsert\nyour Plant.{D}\nLeave the\nrest to me.	뭘 심을지 정하면\n화분에 넣어 줘{D}\n그다음 돌보는 건 내가\n맡을게
MSG:4:170	02122A	MSG:0:170	8ea82c033789ab8284119b00	Not yet!	아직 싹이 안 났어
MSG:4:171	021236	MSG:0:171	03379e01c41f9b8700	It grew!	싹이 났네
MSG:4:172	02123F	MSG:0:172	1699118403368700	Pretty!	예쁜 꽃이네
MSG:4:173	021247	MSG:0:173	1999bc822cac9d8401b78488151b960a92122c01b3bc82019e17883f0c00	Take this\nnut?¶	이건 어떤 열매일까\n벌써 가져갈 거야?¶
MSG:4:174	021265	MSG:0:174	03541b82989b950a01b3bc82019e17883f0c00	Ripe!\nTake?¶	잘 익었어\n가져갈 거야?¶
MSG:4:175	021278	MSG:0:175	92122c027297850241841115960a171abc80bdbc1f9b9500	Darn. It\nrotted.	가지러 안 와서\n썩어 버렸어
MSG:4:176	021290	MSG:0:176	a2919d870a921202e31701cd01c59e84118800	Sorry\nthere is{D}\nno room.	미안\n더 둘 곳이 없어
MSG:4:177	0212A3	MSG:0:177	0f0f0f029101d0130f0f0f0c00	Plant¶	   화분    ¶
MSG:4:178	0212B0	MSG:0:178	ac999c01d01398883f0c00	Seed?¶	뭘 심을래?¶
MSG:4:179	0212BB	MSG:0:179	ac8801279c023e1398883f0c00	Tonic?¶	어떤 약을 줄래?¶
MSG:4:180	0212C8	MSG:0:180	1999ab0332829888873f0c00	Grow here?¶	이걸로 키우는 거지?¶
MSG:4:181	0212D4	MSG:0:181	9b15bc1f9b0a01f601b185033282989b8700	I see.\nI will{D}\ncare\nfor it.	알았어\n소중히 키울게
MSG:4:182	0212E6	MSG:0:182	dbc7ea9e11bcb211870a02f91882161f963f00	The bag\nis full.{D}\nStore\nitems?	주머니가 가득 찼네\n맡기고 오는 게 어때?
MSG:4:183	0212F9	MSG:0:183	10979e831200	...	고마워
MSG:4:184	0212FF	MSG:0:184	8ea82c01b5022a888415ab0a84859e1419bc1f88153d3d00	Still... I\nwonder{D}\nwhat came\nover me...	아직도 내 안에서\n무슨 일이 있었는지…
MSG:4:185	021317	MSG:0:185	c6c8ed84012885109b1d821b8ebc820a1c8e8415bc1f00	Sorry for\ncausing so{D}\nmuch danger.	위험한 일을 겪게 해서\n미안하네
MSG:4:186	02132E	MSG:0:186	018f02828502bd9c025f131f01990a02d3024988014802d89c8d97a81b1f9da800	I found a\npurple{D}\ncrystal after\nguiding you.	자네들에게 길을 알려 준 뒤\n보라색 수정을 캐냈다네
MSG:4:187	02134F	MSG:0:187	01b5022a8801fb852c01b5022aab84110179159e0a01b5022a8801fbab01f6161784bc8211bc1f00	Inside...\nSomething{D}\nthat was not\nme grew{D}\nbigger.	내 안에서,내가 아닌 무언가가\n점점 커져 갔지
MSG:4:188	021377	MSG:0:188	1e19159602dd892cc6df9e024d021b0a0140bc821198a89a1200	After that\nyou know{D}\nwhat\nhappened.	그다음은 자네가 제일\n잘 알겠지
MSG:4:189	021391	MSG:0:189	01b5022a88027b888415852c10889512840a027b9e10bc1f8389843d3d3d00	Something\nlike that was{D}\ndeep in my\nheart...	내 마음속에 그런\n마음이 있었다니…
MSG:4:190	0213B0	MSG:0:190	ac9d84027b85922c02b98303719e10980a1b151b2c03719e02b985849819839e0a10bc82898496841100	The heart\nhas light\nand dark.{D}\nThe most\nimportant\nthing is to{D}\nlighten\ndarkness.	어떤 마음에도 겉과 속이 있지\n하지만 속이 겉이 되는 일은\n있어서는 안 되네
MSG:4:191	0213DA	MSG:0:191	1b151b2c1088014802d889027b880a02b98303719c02109915139800	The\ncrystal made{D}\nlight\nbecome{D}\ndarkness.	하지만 그 수정은 마음의\n겉과 속을 뒤바꾼다네
MSG:4:192	0213F6	MSG:0:192	9517027715bc1f9288a80a1e1b822c1c8e841100	You did\nwell to{D}\nhelp. I\nam\nsorry.	용케 살아났군\n그리고,미안하네
MSG:4:193	02140A	MSG:0:193	018f8802a202829e2c027297034a8e99821b8ebc1f00	Now your\nfriend was{D}\npossessed.	자네 친구가 사로잡히고 말았네
MSG:4:194	021420	MSG:0:194	01f39e020a1795128584bc1f960a108802909c92bc8301fdb0828f98950d0a0179159b159815921b99841115968400	When I can\nmove,I will\nsearch the{D}\nfield more!\nMaybe I will\nfind something.	몸이 움직이게 되면\n그 밭을 더 조사해 보겠네{D}\n뭔가 알아낼지도 모르니
MSG:4:195	02144F	MSG:0:195	0404c0d3e6040080bd9d920a04047b7b040092023901b1a8bc1f9b8700	So <04>Atla<00>\nand my{D}\nhusband\nare OK...	<04>아트라<00>도\n<04>남편<00>도 무사했네요
MSG:4:196	02146C	MSG:0:196	ab922cf8edf45ded898ea80a10989b8700	But the\ndungeon{D}\nstill\nexists.	그래도 던전은 아직\n있네요
MSG:4:197	02147D	MSG:0:197	01a802c9892cf8edf45ded9e1098889e0a101f978e138501af1382161f9b00	Lately\ndungeons{D}\nexisting\nseems to be{D}\nthe norm.	요즘은 던전이 있는 게\n당연하게 느껴져요
MSG:4:198	02149C	MSG:0:198	1088f8edf45dedbc82ac121b820a101e1985109888151b96873f00	I wonder\nwhy that{D}\ndungeon is\nover there?	저 던전은 왜\n저기 있는 걸까요?
MSG:4:199	0214B7	MSG:0:199	0404c0d3e6040080bd9d920a023901b1ab9515bc1f9b8700	I am\nglad <04>Atla<00>{D}\nis OK\ntoo.	<04>아트라<00>도\n무사해서 다행이에요
MSG:4:200	0214CF	MSG:0:200	0249016d84033693cfd79e0a03328296998214921b9a119b00	Growing\nflowers and{D}\nseeds is\nso neat.	여러 꽃이랑 씨앗을\n키울 수 있어서 재밌어
MSG:4:201	0214E8	MSG:0:201	a8999211841784bc82841188850af8edf45ded9e109888bc820a022101af025c958700	Nobody is gonebut the\ndungeon is{D}\nstill there.\nMysterious.	아무도 사라지지 않았는데\n던전이 있다니\n신기해
MSG:4:202	02150B	MSG:0:202	95120a8415841511110252a89500	Man,nice\nhouse.	여어\n꽤 좋은 집이야
MSG:4:203	021519	MSG:0:203	a899922c01c201768801fb850af8edf45ded9e1098889c0a01409684119512a89500	We should\nensure\nnobody{D}\nelse finds\nthe inn\ndungeon!	아무도 여관 안에\n던전이 있다는 걸\n모르는 것 같아
MSG:4:204	02153B	MSG:0:204	849da8159b1596841118ac0a1111159da4a89500	No clue why.{D}I have a\ngood{D}\nfeeling.	뭔지 모르겠지만\n느낌이 좋아
MSG:4:205	02154F	MSG:0:205	a83c0a0283920140968411bc82198389840d0a14023089c4e91f8088e2d8bc820a1983a89500	The reason\nnobody has{D}\nheard of\nthe treasure{D}\nis because\nit is{D}\nwaiting for\nme to{D}\nclaim it!	에휴~\n아무도 모른다는 건{D}\n보물은 우리 차지라는\n거라고
MSG:4:206	021575	MSG:0:206	8d9d83853c0a9b15bc829d88153f00	Yeeep.{D}\nGet the\npicture?	정말~\n알아듣고 있는 거야?
MSG:4:207	021584	MSG:0:207	8ebc2c11111500	Bah.	뭐,됐어
MSG:4:208	02158B	MSG:0:208	19bc808504040b0400880a022501769c012302ad1b8214111f9500	Whatever.\nI had a{D}\nhome set\nup for you,{D}\n<04>{B}<00>!	여기에 <04>{B}<00>의\n방을 마련해 뒀어
MSG:4:209	0215A6	MSG:0:209	f8edf45ded1596025abc82161f960a1919ab2c025d908311119500	You can use\nit to rest{D}\nafter a\ndungeon.	던전에서 돌아오면\n여기서 쉬면 돼
MSG:4:210	0215C1	MSG:0:210	83971013a50a025d9dab14111f96ac12a800	Speaking\nof,need{D}\na break?	일단\n쉬어 두는 게 어때
MSG:4:211	0215D3	MSG:0:211	a4bd1001c201768801e2ab0a8ebc829815968400	I will\nwait{D}\noutside.	그럼 여관 앞에서\n기다릴게
MSG:4:212	0215E7	MSG:0:212	1e121e122c02e3118214161f110ac0c1d2e0898411153f00	Right.{D}\nNeed me to\nhold items?	맞다,맡겨 두고 싶은\n아이템은 없어?
MSG:4:213	0215FF	MSG:0:213	1988cfedcc8801fb850ac4e99e02f915bc8214179500	I can keep\nitems in{D}\nthis\ndresser.	이 옷장 안에\n내가 맡아 둘게
MSG:4:214	021615	MSG:0:214	ab922ccfedcc85890a3130c91b1502109684119500	But only\n10 items{D}\ncan fit\nin here.	하지만 옷장에는\n10개밖에 안 들어가
MSG:4:215	02162A	MSG:0:215	1f171a9d02e3118214178884960a027f026701768c02ac9c1b8214111f15960a1ebc808c02f918988311119500	If you have\nlots of\nitems,head{D}\nover to the\nstorehouse\nto store them.	많이 맡기려면\n창고지기한테 말해 뒀으니까\n거기 맡기면 돼
MSG:4:216	021657	MSG:0:216	8485152c02f915bc82141912153f0a1e9983922c01b3bc82019e178815113f00	Wanna deposit\nsomething?{D}\nOr perhaps\nwithdraw?	뭔가 맡아 둘까?\n아니면 가져갈 거야?
MSG:4:217	021677	MSG:0:217	02f9188214170a01b3bc82019e170a939182141700	Store\nTake\nQuit	맡긴다\n가져간다\n그만둔다
MSG:4:218	02168C	MSG:0:218	0fc0d3e688cfedcc0f0c00	Dresser¶	 아트라의 옷장 ¶
MSG:4:219	021697	MSG:0:219	cfedcc8801fb8911bcb211ab1c00	The dresser{D}\nis full.	옷장 안이 가득 찼습니다
MSG:4:220	0216A5	MSG:0:220	dbc7ea8801fb8911bcb211ab1c00	The bag{D}\nis full.	주머니 안이 가득 찼습니다
MSG:4:221	0216B3	MSG:0:221	14210a1415139700	Hey!	오!\n어서 와
MSG:4:222	0216BB	MSG:0:222	ac12a8110a84851510bc1f153f00	So then,\nanything{D}\nhappen?	어때\n뭔가 있었어?
MSG:4:223	0216C9	MSG:0:223	8b9d8b9d00	Hm!	흠흠
MSG:4:224	0216CE	MSG:0:224	02db1101bb850a01471101461500	Is\nthat?	빨간 구슬에\n파란 돌이라
MSG:4:225	0216DC	MSG:0:225	841584150a951a1e12a88400	Magic-\nite?{D}\nSeems\nnice.	꽤\n좋아 보이는데
MSG:4:226	0216E8	MSG:0:226	93bc83e9c0c0c1d2e0830a0197b09892888501c402be130a1e12a8958400	You have\nfinally\ncome{D}\nacross a\nrare item\ntreasure!	드디어 레어 아이템이라고\n부를 만한 걸 만날\n것 같아
MSG:4:227	021706	MSG:0:227	8b3c903d3d3d0a01a802d78502bebc1f8316890a0404c5dfe67b7b0400ab0d0a81160243831a991f831685890a0404f45bd5cf3b0400849da800	We met\n<04>Camillas\nDad<00> first.{D}\nBut it\nwas <04>Janita<00>\nat the inn{D}\ninstead.	흐음…\n처음 만났을 때는\n<04>카미라 아빠<00>였고{D}\n떠밀렸을 때는\n<04>자니타<00>였단 말이지
MSG:4:228	021740	MSG:0:228	8ebc210f111115210ac0c1d2e0119a119a10981b00	What! How isthat? So{D}\nmany items!	뭐!됐어!\n아이템이 잔뜩 있으니까
MSG:4:229	021755	MSG:0:229	01f6026a16840404c0d3e60400890a0606063d060606063d060606063d060606063d060606063d0a11841100	He is\ngone...{D}\nMy dear\nfriend{D}\n<04>Atla<00>...	사랑하는 <04>아트라<00>는\n{6:06}{6:3D}{6:06}{6:06}·{6:06}{6:06}·{6:06}{6:06}·{6:06}{6:06}·\n이제 없다
MSG:4:230	021781	MSG:0:230	3d06063d06063d06063d06063d06060d0af2e1ed210f0f00	.{6:06}.{6:06}.{6:06}.{6:06}.{D}\n	·{6:06}·{6:06}·{6:06}·{6:06}·{6:06}{D}\n미안!
MSG:4:231	021799	MSG:0:231	108e9785014802d89e0a169911a8bc1f15960d0a849da89a128301afbc1f960a9b189b159d841784bc82168200	Sorry! The\ncrystal was{D}\nso pretty,\nI wondered{D}\nwhat it\nwas. No{D}\nclue why.	수정이 너무\n예뻐서{D}\n뭘까 하고 생각했더니\n머리가 이상해져 버렸어
MSG:4:232	0217C6	MSG:0:232	1a822c10938ebc1f1b0d0a01b789027297034a8e9982988316850a1ca211c1e13bf49c015c1f9da800	That was a\nmistake. I{D}\nsaw an\nincredible{D}\nimage as I\nwas{D}\npossessed.	자,사과는 했으니까{D}\n실은 사로잡혀 있을 때\n굉장한 걸 봤어
MSG:4:233	0217EF	MSG:0:233	1088014802d8880140014f8801fb850ac4e90282880140968411c0c1d2e00a9e11bcb21110bc1f9da800	The mind\nof the\ncrystal had{D}\nmany items\nI had not\nseen!	그 수정의 지식 속에\n우리가 모르는 아이템이\n잔뜩 있었어
MSG:4:234	021819	MSG:0:234	1088f8edf45ded8801fb850af627cfc18510989da800	Those are\ndefinitely{D}\nin that\ndungeon!	저 던전 안에\n틀림없이 있어
MSG:4:235	02182F	MSG:0:235	849da815014096841118ac0a01ef01fe9e1a9e1b821fa700	Not sure\nbut they{D}\nseek the\nmayor.	뭔지 모르겠지만\n촌장이 찾던데
MSG:4:236	021847	MSG:0:236	838497880404e6ccc70400a818ac0a5fea5fea88025902549c84141b82980a8f1f11a88400	Seems <04>Rask<00> to\nthe left is\nfixing up{D}\nan old\nmachine.	옆집 <04>라스크<00> 말인데\n낡아 빠진 기계를 고치는\n모양이야
MSG:4:237	02186C	MSG:0:237	c4c1e8ab928699ad0a111188858400	Oil wouldhelp.	기름이라도 바르면\n될 텐데
MSG:4:238	02187B	MSG:0:238	838497880404e6ccc70400a818ac0a8e1f022d88c53bfc9c01f81b8211980a8f1f11a800	<04>Rask<00> to the\nleft seeks\na different{D}\nCard.	옆집 <04>라스크<00> 말인데\n또 다른 카드를 찾는\n모양이야
MSG:4:239	02189F	MSG:0:239	849dab922cc0c1d2e09c0a01b5022a8802528c01e89819839e0aab1698961b1100	Seems\nlike no\nmatter{D}\nwhere,it\ncan send\nitems\nhome.	뭐든지 아이템을\n자기 집으로 보낼 수\n있대
MSG:4:240	0218C0	MSG:0:240	04040b04009e01b3bc820a025abc82161fc0c1d2e09c015c820a8f9d849e2c14ac9a1182989500	<04>{B}<00>,\neveryone is\nsurprised{D}\nto see the\nitems you\nbring back.	<04>{B}<00>,네가 가지고\n돌아온 아이템을 보고\n다들 놀라고 있어
MSG:4:241	0218E7	MSG:0:241	91a5961b1188832c5eede78488ab0a8f9d848801de018492022e9bbc82161e12a800	They are rare\nand useful,so{D}\nit changed\nthe way of life.	신기하고 편리하니까\n다들 생활도 바뀌겠어
MSG:4:242	021909	MSG:0:242	ac9dac9dc0c1d2e09c021599ad0ac4e9028288023a01e292021599821798a700	At this\nrate,we{D}\nneed to\nmarket our{D}\nnames,too.	아이템을 척척 팔면\n우리 이름도 알려질 거야
MSG:4:243	021929	MSG:0:243	ac9dac9dc0c1d2e09c021599ad0a01f6015f01b3801a00	If we keep\nselling,we{D}\nwill be rich!	아이템을 척척 팔면\n큰 부자야
MSG:4:244	021940	MSG:0:244	01a3020588f8edf45ded3d3d3d0a109989023901958501ed118211983d3d3d00	The next\ndungeon...{D}\nwill go on\nforever...	이번 던전은…\n끝없이 이어져 있어…
MSG:4:245	021960	MSG:0:245	03129b979e0239113d3d3d0a1e9d84d5c4c19e1c9800	It seems...\nendless.	끝이 없어…\n그런 냄새가 나
MSG:4:246	021976	MSG:0:246	1e99a4bd100a019ebc828f95121500	Well,whynot take{D}a look?	그럼\n가 볼까
MSG:4:247	021985	MSG:0:247	8c3c0a1997bd11119300	! This\nis all?	헤에~\n이거 좋은데
MSG:4:248	02198F	MSG:0:248	023602088501c201768801fb9e0af8edf45ded1e8892880a8584bc82989da800	The\ninside of\nthe inn{D}\nreally IS\na dungeon!	정말로 여관 안이\n던전 그 자체가\n돼 버렸어
MSG:4:249	0219AF	MSG:0:249	a4bd101f889da8950a04040b04002100	It is up\nto you,{D}\n<04>{B}<00>!	그럼 부탁해\n<04>{B}<00>!
MSG:4:250	0219BF	MSG:0:250	c4e9892c01ef8801fb9c017dbc820a0279029a9c02759183179500	I will\ngather{D}\ninfo around\nthe village.	난 마을을 돌면서\n정보를 모아 둘게
MSG:4:251	0219DA	MSG:0:251	ac121b1f3f0d0aa811a4bf12afa8bc82210a849d83158498bc822100	What? Are\nyou OK?{D}\nSomething\nhappen?	왜 그래?{D}\n괜찮다니까!\n어떻게든 될 거야!
MSG:4:252	0219F6	MSG:0:252	951b951b0a9e9dadbc8217999500	OK,then!{D}\nDo your\nbest!	좋아좋아\n힘내라고
MSG:4:253	021A04	MSG:0:253	14112ca811a4bf12af153f00	Hey,you\nall right?	이봐,괜찮아?
MSG:4:254	021A10	MSG:0:254	025b9c0271bc1f960a19198c02f0ad1a991fbc823f00	You fainted\nand ended{D}\nup here?	정신을 잃었더니\n여기로 날아왔다고?
MSG:4:255	021A26	MSG:0:255	ac1284bc829da83f00	What\nhappened?	어떻게 된 거야?
MSG:4:256	021A2F	MSG:0:256	3d3d3d3d8ebc1111150aa811a4bf12af1e12a81b8400	...Well.{D}\nAt least\nyou are OK.	……뭐,됐어\n괜찮아 보이니까
MSG:4:257	021A45	MSG:0:257	1e99ab11119288890a10bc1f88153f00	So,did\nyou{D}\nfind any-thing?	그래서 좋은 건\n있었어?
MSG:4:258	021A55	MSG:0:258	84210f849da8bc82213f0a01b38002299e841784bc8298a8bc822100	What!\nReally!? Your{D}\nitems are\ngone!	뭐!뭐라고!?\n소지품이 없어졌다고!
MSG:4:259	021A71	MSG:0:259	849d8219bc1f0aac1297ab2ca811a4bf12af849da800	What the\nhey? At least{D}\nyou are OK!	이런 세상에\n그래서 멀쩡했구나
MSG:4:260	021A87	MSG:0:260	04040b04002c819f890a849d83151b8201b5011dab0f0d0a025abc8217989da89500	<04>{B}<00>.{D}\nNext time,\ntry to{D}\nget back\non your\nown.	<04>{B}<00>,다음엔\n어떻게든 혼자 힘으로{D}\n돌아오라고
MSG:4:261	021AA9	MSG:0:261	1e12a4bd8411833d3d00	Counting{D}\non you!	안 그러면…
MSG:4:262	021AB3	MSG:0:262	1f889da89500	Bye!	부탁해
MSG:4:263	021AB9	MSG:0:263	199d85808900	Hello.	안녕하세요
MSG:4:264	021ABF	MSG:0:264	01b789cfedcc88121b9a850aa811a484e4feeb9e024380820a1b8ebc1f88ab1c00	I dropped myimportant\nring.	실은 옷장 뒤에\n소중한 반지를 떨어뜨리고\n말았어요
MSG:4:265	021AE0	MSG:0:265	8485152c1111c0c1d2e0890a84119288ab1bbf12153f00	Would you\nhappen to{D}\nhave any\ngood items?	뭔가 좋은 아이템은\n없을까요?
MSG:4:266	021AF7	MSG:0:266	1988c0c1d2e0ab890a0272991e128510978e1d9d8700	Seems this\nitem can{D}\nnot be\ntaken.	이 아이템으로는\n못 꺼낼 것 같네요
MSG:4:267	021B0D	MSG:0:267	102c1999892100	This!	아,이건!
MSG:4:268	021B14	MSG:0:268	10979e8312a2a3118e1c0a93bc8302729819839eab168e1b1f00	Thank you\nmuch. Now{D}\nit could be\ntaken.	고맙습니다\n드디어 꺼낼 수 있었어요
MSG:4:269	021B2E	MSG:0:269	1a1a9315ab1c9e0a1403729c121883bc8217a81a1100	It is not\nmuch but{D}\nhave this\nas thanks.	약소하지만\n답례를 받아 주세요
MSG:4:270	021B44	MSG:0:270	11933c0f109915960a171d8584bc821b8ebc823d3d00	No,from\nthere. It{D}\nbecame a\nhabit...	아니~ 그 뒤로\n버릇이 돼 버려서…
MSG:4:271	021B5A	MSG:0:271	84158415111101efab1c0a1999159692bc8301f616170a84971e12ab1c8700	This nice\nvillage\nwill keep{D}\ngrowing.	꽤 좋은 마을이에요\n앞으로 더 커질\n것 같네요
MSG:4:272	021B79	MSG:0:272	83199aab2c1988c53bfc890a01a801a0ab1c00	By the\nway,Doom{D}\nCard is\ngreat!	그런데 이 카드는\n최고예요
MSG:4:273	021B8C	MSG:0:273	3202af15962c3102af8c159d1f9d850a14979819839eab169888ab1c159600	Using it\nyou can{D}\neasily go\nfrom 2F to{D}\n1F!	2층에서 1층으로 간단히\n내려갈 수 있으니까요
MSG:4:274	021BAB	MSG:0:274	ab922c01a802d7853202af85118411830a01fa023b859197199dab1b8e118e1c00	But if\nyou are not on{D}\n2F you\nend up in{D}\nthe ground!	하지만 처음에 2층에 없으면\n땅에 파묻혀 버려요
MSG:4:275	021BCC	MSG:0:275	198801ef8591a5961b11c0c1d2e09e0a0215969982119883032411820a8abc191b82168e1b1f8800	I heard\nthere were\nrare items{D}\nso I moved\nhere!	이 마을에서 신기한 아이템을\n판다고 들어서\n이사 왔어요
MSG:4:276	021BF4	MSG:0:276	108801ae852c16161e12840ac0c1d2e09e015c811599ad111188ab1c9e00	I want\nto find an{D}\nitem to help\nmy child.	우리 아이에게 들을 만한\n아이템을 찾으면 좋겠는데요
MSG:4:277	021C12	MSG:0:277	1988fce9c1ed880236ab0a198801ae858015969c0a9b188217a81a1100	Use the\nDrain\nbook to{D}\ngive\npower to\nmy{D}\nchild.	이 드레인의 책으로\n이 아이에게 힘을\n나눠 주세요
MSG:4:278	021C2F	MSG:0:278	108301ca1bab0265025b850a849888ab1c00	They are\nnearly{D}\nbetter.	조금만 더 있으면\n기운을 차릴 거예요
MSG:4:279	021C41	MSG:0:279	10b73d3d3d00	Ah...	아아…
MSG:4:280	021C47	MSG:0:280	0265025b840249853d3d00	Better!	혈색이 돌아와요…
MSG:4:281	021C52	MSG:0:281	10979e8312a2a3118e1c00	Thank you.	고맙습니다
MSG:4:282	021C5D	MSG:0:282	ac121403729c1b82111188939600	How can I{D}\nrepay you?	뭐라고 감사드려야 할지
MSG:4:283	021C6B	MSG:0:283	108801aebc1f960a0144abd33bfc8584bc820a023d9dab11989dab1c00	My\nchild\nbecame a{D}\ntoad to\nplay in a\nfountain.	우리 애가 글쎄\n샘에서 두꺼비가 돼서\n놀고 있지 뭐예요
MSG:4:284	021C88	MSG:0:284	140338ab2c023dae1f1184b700	I want{D}\nto go play.	밖에서 놀고 싶다~
MSG:4:285	021C95	MSG:0:285	14034380bd9d890a022101af025c84c0c1d2e09e02438082980af8edf45ded8c023dae85111788ab1bbf3f00	Maybe my\nbrother went\nto check the{D}\ndungeon with\nthe mysterious\nitems?	오빠는\n신기한 아이템이 떨어져 있는\n던전에 놀러 가는 거지?
MSG:4:286	021CC1	MSG:0:286	101f1b92019e161f1184b700	I want{D}\nto go!	나도 가고 싶다~
MSG:4:287	021CCD	MSG:0:287	9bb7110a14034380bd9d10979e831200	Wah!{D}\nThanks,\nbrother!	와아\n오빠 고마워
MSG:4:288	021CDD	MSG:0:288	1415101a9d9e870a109d8e97d33bfc8584bc82023daf84bc8200	Mom said less\nplaying as a{D}\ntoad in\nfountains.	엄마가 말이야\n두꺼비가 돼서 너무 놀지 말래
MSG:4:289	021CF7	MSG:0:289	15849701f6168401ef850a84bc1f9b8700	This\nvillage{D}\nwill\nkeep{D}\ngrowing.	꽤 큰 마을이\n됐네요
MSG:4:290	021D08	MSG:0:290	8ea88ea80a159b989b8700	I willknow{D}\nsome\nday.	아직도\n변할 거예요
MSG:4:291	021D13	MSG:0:291	8ea82c159b9883199a9e0a10989b9500	I am\ncloser to{D}\nknowing!	아직 변할 곳이\n있어요
MSG:4:292	021D23	MSG:0:292	921201ca1b8485150a159b989b9500	Soon,\nI will{D}\nunder-\nstand!	조금 더 뭔가\n변할 거예요
MSG:4:293	021D32	MSG:0:293	1ca2119b0a1cad961b1101ef8700	The\nvillage{D}\nis\ngreat,no?	굉장해요\n멋진 마을이네요
MSG:4:294	021D40	MSG:0:294	0181152c018f1f808502bebc1f88890a1919a8bc1f8400	This is\nwhere we{D}\nmet,yes?	분명,자네들을 만난 게\n여기였지
MSG:4:295	021D57	MSG:0:295	0404c0d3e60400018f890a023901b1a89a12153d3d3d00	Will <04>Atla<00>\nbe OK...?	<04>아트라<00> 군은\n무사할까…
MSG:4:296	021D6E	MSG:0:296	9b1f1b892c198802909c0a92bc8301f616171b820d0a198801ef9c941f15850a1b1f1188a89500	I want to\nexpand thefield for\nour{D}\nvillage!	나는 이 밭을\n더 넓혀서{D}\n이 마을을 풍요롭게\n만들고 싶다네
MSG:4:297	021D95	MSG:0:297	c5c5cb9e841784bc821b8ebc1f00	A scarecrow\nis missing.	허수아비가 없어져 버렸어
MSG:4:298	021DA3	MSG:0:298	028392027297034a8e998211841188850af8edf45ded892c1e198510980d0aac121b828488153d3d3d00	Nobody is\npossessed\nbut a{D}\ndungeon is\nstill over\nthere...	아무도 사로잡히지 않았는데\n던전은 저기 있어{D}\n어째서일까…
MSG:4:299	021DCD	MSG:0:299	f8edf45ded890283158802fa036a9c9283850a1e1985026c9e980d0aab892c02838802fa036a8488153d3d00	Dungeons are\nbased on{D}\ndesires,but\nI wonder{D}\nwhose desires\nthese are?	던전은 누군가의 욕망을\n바탕으로 펼쳐지지{D}\n그럼 누구의 욕망일까…
MSG:4:300	021DF9	MSG:0:300	c15eedd39c015c8e1c153f0c00	See event?¶	See event?¶
MSG:4:301	021E06	MSG:0:301	849d93879d840a8ea893bc8200	I am\ndoing{D}\nsome\nthing.	Wait\nnot done yet
MSG:4:302	021E13	MSG:0:302	ac999c11a4989d933f0c00	Which one?¶	Which one?¶
MSG:4:303	021E1E	MSG:0:303	1811a3118916be12dbe6f00f0acbd4e7c4dbe6f00f0f121303570ac3c0ea8802360f0f0f0f839101b00affe7edc788c53bfc0f153c01100a9b16014888c53bfc0f0fad1803350ae2d5cf3b1a9dc6edcb0f0f02320acaedf83b8802360f0f0f0f0f0f0a93919300	Shop flag\nScenario flag\nAero Book\nBlink Card\nSpring Card\nMonitor\nThunder Book\nExit	Shop flag\nScenario flag\nAero Book\nBlink Card\nSpring Card\nMonitor OFF\nThunder Book\nExit
MSG:4:304	021E85	MSG:0:304	3030300a3130300a3135300a3230300a3235300a3330300a93919300	000\n100\n150\n200\n250\n300\nEnd	000\n100\n150\n200\n250\n300\nExit
MSG:4:305	021EA1	MSG:0:305	1a111bbf0afce810830aa811329b0aa811339b0a93919300	Start\nChip\nPart 2\nPart 3\nEnd	Start\nChip after\nPart 2\nPart 3\nExit
MSG:4:306	021EB9	MSG:0:306	30300a31300a32300a33300a34300a35300a93919300	00\n10\n20\n30\n40\n50\nEnd	00\n10\n20\n30\n40\n50\nExit
MSG:4:307	021ECF	MSG:0:307	30300a33300a35300a37300a93919300	00\n30\n50\n70\nEnd	00\n30\n50\n70\nExit
MSG:4:308	021EDF	MSG:0:308	e2d5cf3b1a9d8981159b8411ab0c00	Do not use¶	No Monitor¶
MSG:4:309	021EEE	MSG:0:309	0f30300a0f31300a0f32300a0f33300a0f34300a0f35300a0f36300a0f37300a0f38300a0f39300a3130300a93919300	00\n10\n20\n30\n40\n50\n60\n70\n80\n90\n100\nEnd	 00\n 10\n 20\n 30\n 40\n 50\n 60\n 70\n 80\n 90\n100\nExit
MSG:4:310	021F1E	MSG:0:310	9512191e210a191297bd17887fc1edd3892c023693d1e12cc7e69c0a035701ba85033282981983ab1c0ae0e79c1b8281bc198ea585d2e97fc53bfcab01ef8c0a025abc824c569c10a18e1bbf120a0f0f0f0f0f0f0f159d1bbe120f01fb01ef02cc024d0f959700	Welcome! It is\neffective to make\nsure you raise\nBooks,Talons,{100}\nSaddles. Increase\nyour level without{D}\noverdoing it by\nusing Teleport\nCards to return to\nthe village.\n-Director Nakamura\nKouichi	환영합니다!\n공략 포인트는 책,발톱,안장을\n잘 키우는 것입니다\n무리하게 파고들지 말고 텔레포 카드로\n마을에 돌아와 LV를 올립시다\n    감수 나카무라 코이치
MSG:5:0	02826E	MSG:0:0	0402cd3bff04001b8e1c153f0c00	<02>Save<00>?¶	<02>세이브<00>할까요?¶
MSG:5:1	02827C	MSG:0:1	0402cd3bff040001fbab1c0a0402e1e2e73bc53bfc04009c0a0292158411ab17a81a110c00	<02>Saving<00>...\nDo not touch the\n<02>Memory Card<00>¶	<02>세이브<00> 중입니다\n<02>메모리 카드<00>를\n빼지 마세요¶
MSG:5:2	0282A1	MSG:0:2	01c501b3015f0f0706efe80c00	GP{7:06}Gil¶	소지금 {7:06}길¶
MSG:5:3	0282AE	MSG:0:3	0f0402cd3bff0400850271028d1b8e1b1f00	<02>Save<00> failed.	 <02>세이브<00>에 실패했습니다
MSG:5:4	0282C0	MSG:0:4	0402e1e2e73bc53bfc04009e0a1a1abc82118e1d9d00	There is no\n<02>Memory\nCard<00>.	<02>메모리 카드<00>가\n꽂혀 있지 않습니다
MSG:5:5	0282D6	MSG:0:5	0f890f110a0f11111300	Yes\nNo	 예\n 아니오
MSG:5:6	0282E0	MSG:0:6	ac8802af8c019f978e1c153f0c00	Floor?¶	몇 층으로 내려갈까요?¶
MSG:5:7	0282EE	MSG:0:7	d3e6277da885bf3c9d070000	A trap!{7:00}	함정이지롱~{7:00}
MSG:5:8	0282FA	MSG:0:8	0f0f0f158eac0f0f0f0c00	Furnace¶	   용광로   ¶
MSG:5:9	028305	MSG:0:9	e7cac1c7e85f27c7cc0c00	Recycle¶	리사이클 박스¶
MSG:5:10	028310	MSG:0:10	118080800a199dac89849da83c00	Whooa<\n{D}What\nhappened?	아야야야\n이번엔 또 뭐야~
MSG:5:11	02831E	MSG:0:11	849da82c01c201768801e215950d0a9d3f0a01c201768801e2a8bc823f00	Wah!{D}\nIn front\nof the inn?{D}\nWhy?	뭐야,여관 앞이잖아{D}\n응?\n여관 앞이라고?
MSG:5:12	02833C	MSG:0:12	8eb72ca88e1a99808ebc1f929d890a1bbf129e84111500	Nothing we\ncan do about{D}\nbeing\ntricked.	뭐,속아 넘어간 건\n어쩔 수 없지
MSG:5:13	028353	MSG:0:13	ac12939610880217ebe6023301ae880ad05dc95f9e1988f8edf45ded880ad6cb961b118400	The straw\nhat chocobo\nseems to be{D}\nthe keeper\nof the\ndungeon.	아무래도 저 밀짚모자 쓴\n초코보가 이 던전의\n주인인 것 같아
MSG:5:14	028378	MSG:0:14	1e9d84191fb719881a110aac12ab92111100	We best\nmove on.	그런 건 이제 와서\n아무래도 좋아
MSG:5:15	02838A	MSG:0:15	9512892c1088f8edf45ded880a01fb8589e9c084c0c1d2e09e0aacbc80bd97109815921b999d0abc821983a89500	The main\nthing is,\nthere is\nprobably{D}\ntreasure\ninside that\ndungeon...	요컨대,저 던전\n안에는 레어 아이템이\n잔뜩 있을지도 모른다\n이거지
MSG:5:16	0283B8	MSG:0:16	1e99a4bd2cc4e98901c0911e12840a83199a9c01f81b82179815961a0d0a04040b040089f8edf45ded850a019f978211178885021e02408401e6010c0a9c01dc139a950d0a1e99a4bdb78700	Anyway,\nwhile I\nfind us a{D}\nplace to\nstay,you\nshould{D}\nprepare to\nexplore,\n<04>{B}<00>!	그럼,난 살 만한 곳을\n찾아볼 테니까{D}\n<04>{B}<00>,넌 던전에\n내려갈 준비를 해 둬{D}\n그럼 나중에 봐
MSG:5:17	028404	MSG:0:17	93b70a1196bc1bbd1100	Hello,\nthere!	여어\n어서 와
MSG:5:18	02840E	MSG:0:18	026e027c01768c9512191e0a84859c026e027c1b8e1bbf1200	Welcome\nto my{D}\nForge.\nWant to\nfuse?	합성소에 잘 왔어\n뭘 합성할까?
MSG:5:19	028427	MSG:0:19	018fa8873f0d0a1abc16881ca2170a0265025b84e23bf0e7880a02a20282bc82888900	You\nfriends\nwith{D}\nthe hypermoogle\nfrom{D}\nbefore?	너구나?{D}\n아까 그 엄청\n활기찬 모그리의\n친구라는 게
MSG:5:20	02844A	MSG:0:20	0265025b84e23bf0e784960a01ef01fe8802528c019ebc1f950d0a102c1e121e120d0a1e881280022e9bbc1f0a01c802159c1c9815960d0a1e888316850a0241821799958400	That\nenergetic{D}\nmoogle\nwent to{D}\nsee the\nmayor.{D}\nMy shop\nopens soon{D}so please\ncome by{D}\nthen!	활기찬 모그리라면\n촌장님 댁에 갔어{D}\n아,맞다 맞다{D}\n조만간 색다른\n장사를 시작할 테니까{D}\n그때\n와 줘
MSG:5:21	028490	MSG:0:21	01ef01fe88025215113f0d0a5fc78819880252881ca00a01a5880252a8950d0a1e19880404db2627c704001a9d9e0a198801ef8801ef01fe1a00	The mayor?{D}\nGo left\nfrom here!{D}\nThe villagemayor,{D}\n<04>Fawkes<00>\nis there.	촌장님 댁 말이야?{D}\n우리 집 바로\n왼쪽 집이야{D}\n거기 <04>포크<00> 씨가\n이 마을 촌장이지
MSG:5:22	0284CA	MSG:0:22	8ea81988025902549e0a020a1584119da800	My\nmachine{D}\nis not\nrunning.	아직 이 기계가\n안 움직여
MSG:5:23	0284DC	MSG:0:23	1988025902541ca0850acafe821b8e129da80d0a8485151111c0c1d2e09e0a84111584b700	My machine\nis rusty.{D}\nIf there\nwas an{D}\nitem to\nhelp...	이 기계는 금방\n녹이 슬어 버려{D}\n뭔가 좋은 아이템\n없으려나
MSG:5:24	028501	MSG:0:24	101010102c100a1e1e2c1e88c53bfc890a84842c849da8113f00	Ahhhh,\nthat!{D}\nThat\ncard! Whatis that?	아아아아,아\n그그,그 카드는\n뭐,뭐야?
MSG:5:25	02851B	MSG:0:25	024c12950a1999a4bd841100	Not\nthis.	아니야\n이게 아니야
MSG:5:26	028527	MSG:0:26	1414210a1999892100	Ah,\nthis!	오오!\n이건!
MSG:5:27	028530	MSG:0:27	93bcb2971e12a80a1999a82100	This\nwill{D}\ndo it!	역시 그렇군\n이거야!
MSG:5:28	02853D	MSG:0:28	018f210a1ca2119519992100	You!\nAmazing!	너!\n이거 굉장해!
MSG:5:29	028549	MSG:0:29	10bc210af2e1ed00	Ah!	앗!\n미안
MSG:5:30	028551	MSG:0:30	c53bfc2c15bc82850a0153bc80bdbc1f9500	Sorry!{D}\nI ended\nup{D}\nusing thecard.	카드,멋대로\n써 버렸어
MSG:5:31	028563	MSG:0:31	ab922c025902549e020a111f15960a03401b821799958400	But now,\nit runs!{D}\nForgive\nme!	그래도 기계가 움직였으니\n용서해 줘
MSG:5:32	02857B	MSG:0:32	1e88159b97850a31017da818ca3bfecc1c98159600	As an\napology{D}\nuse it\nonce,free.	그 대신\n1번은 공짜로 해 줄게
MSG:5:33	028590	MSG:0:33	102c19880259025488031a012a9c0a1b828415bc1f958400	Ah,I\nnever{D}\nexplained\nit...	아,이 기계 설명을\n안 했지
MSG:5:34	0285A8	MSG:0:34	1e122c198802590254191e9e0ac7eb83c7eb9c01a4a6820a02b51b11c7eb851c9802590254a800	This\nmachine can\nfuse{D}\ntogether\ntwo of\nyour tools.	그래,이 기계야말로\n도구와 도구를 섞어서\n새 도구로 만드는 기계야
MSG:5:35	0285CF	MSG:0:35	133f0a95179b159684113f00	Eh?\nTell you{D}\nmore?	응?\n잘 모르겠다고?
MSG:5:36	0285DB	MSG:0:36	133c832c0339035f8502661283a88400	How to say...	음~ 간단히 말하자면
MSG:5:37	0285EB	MSG:0:37	1e88018f8801b3bc821198d1e10a1e122cd1e19c328111991f960a02b51b11d1e18501de8e99022e9b9800	Those\nTalons you\nhold. Put{D}\ntwo of\nthem in to\ncreate a{D}\nnew one.	네가 가진 그 발톱\n그래,발톱을 2개 넣으면\n새 발톱으로 다시 태어나지
MSG:5:38	028616	MSG:0:38	1e88018f8801b3bc821198c7e60a1e122cc7e69c328111991f960a02b51b11c7e68501de8e99022e9b9800	Those\nSaddles you\nhold. Put{D}\ntwo of\nthem in to\ncreate a{D}\nnew one.	네가 가진 그 안장\n그래,안장을 2개 넣으면\n새 안장으로 다시 태어나지
MSG:5:39	028641	MSG:0:39	01e6010cab169892889c328111991f960a02b51b11e2d88501de8e99022e9b989da800	Put two\nequippable{D}\nitems in to\nmake a new\none.	장비품을 2개 넣으면\n새 물건으로 다시 태어나지
MSG:5:40	028664	MSG:0:40	3d3dd1e13f0a018f2c1e88d1e189ac19ab0a01ba850210991f9da83f00	...\nTalons?\nWhere did{D}\nyou find\nthose\nTalons?	…발톱?\n너,그 발톱은 어디서\n손에 넣은 거야?
MSG:5:41	028681	MSG:0:41	3d3dc7e63f0a018f2c1e88c7e689ac19ab0a01ba850210991f9da83f00	...\nSaddle?\nWhere did{D}\nyou find\nthose\nTalons?	…안장?\n너,그 안장은 어디서\n손에 넣은 거야?
MSG:5:42	02869E	MSG:0:42	1e121113ad2c018f0a1e99892c849da8113f0aac19ab01ba850210991f9da83f00	Speaking\nof which\nwhat is{D}\nthat?Where\nis it\nfrom?	그러고 보니,너\n그건 뭐야?\n어디서 손에 넣었어?
MSG:5:43	0286BF	MSG:0:43	1e9989dadfd13f00	Secret?	그건 비밀?
MSG:5:44	0286C7	MSG:0:44	025b858498a4bd8411150a025f138217999500	Curious!\nTell me!	궁금하잖아\n알려 줘
MSG:5:45	0286DA	MSG:0:45	f8e13f00	No?	안 돼?
MSG:5:46	0286DE	MSG:0:46	123c9d0a025b858498a73c00	Hm...{D}\nHow\nodd.	으음~\n궁금하다~
MSG:5:47	0286EA	MSG:0:47	849da8bc823f0af8edf45deda8bc823f00	What?\nA dungeon?	뭐라고?\n던전이라고?
MSG:5:48	0286FB	MSG:0:48	123c9d0a0404c5dfe67b7b04001a9d92027b0364a818ac0af8edf45ded92025b85849884b700	I worry for\n<04>Camillas Dad<00>\nbut also{D}\nthe dungeon\n...	으음~\n<04>카미라 아빠<00>도 걱정이지만\n던전도 궁금하네
MSG:5:49	028721	MSG:0:49	31017dca3bfecc1c98bc820a036f035ba8bc1f8700	You were\npromised{D}\none free\ntry.	1번 공짜로 해 주기로\n약속했었지
MSG:5:50	028736	MSG:0:50	1988070081ab111115113f0f0c00	{7:00}	이거 {7:00}개면 될까?¶
MSG:5:51	028744	MSG:0:51	0700efe80a021e0240a818ac111115843f0f0f0c00	{7:00}	{7:00}길\n필요한데 괜찮겠어?¶
MSG:5:52	028759	MSG:0:52	01a802c92c8e1001fd01ae9e024a119da80a1088c53bfc88019a1601289e0a841784bc82161f8815843f00	Lately it\nhas not\nworked.{D}\nPerhaps the\nCard has\nworn off?	요즘 또 상태가 안 좋아\n그 카드의 효과가\n다 떨어졌나?
MSG:5:53	028784	MSG:0:53	1ab72cac9dac9d0241821799950a92bc8314015f9c02e691820d0a0404cad5c004009c19198c01979dab0a11bc1bbf850369961c9da800	You keep\ncoming{D}\nback! After\nsaving more{D}\nmoney,I\nwill ask{D}\n<04>Sania<00> to\nlive here.	자,계속 찾아와 줘\n돈을 더 모아서{D}\n<04>사니아<00>를 여기로 불러\n함께 살 거야
MSG:5:54	0287BB	MSG:0:54	93bc832c0404cad5c004009e02418217991f950a19991596922c1988140287ab0a026e027c1b8217999500	<04>Sania<00> is\nfinally here!\nKeep fusing{D}\nhere from\nnow on!	드디어 <04>사니아<00>가 와 줬어\n앞으로도 이 가게에서\n합성해 줘
MSG:5:55	0287E6	MSG:0:55	89a4918e1b820a0404cad5c004008311118e1c00	Hello!{D}\nI am\n<04>Sania<00>.	처음 뵙겠습니다\n<04>사니아<00>라고 해요
MSG:5:56	0287FA	MSG:0:56	1181920404e6ccc704009e0a141d9b8584bc828e1c00	<04>Rask<00> is\nalways{D}\nhelping\nme.	늘 <04>라스크<00>가\n신세 지고 있어요
MSG:5:57	028810	MSG:0:57	9b1f1b929e9dad978e1c15960a10841f922c9e9dadbc8217a81a118700	I am doing\nmy best,so{D}\nyou do the\nsame!	저도 열심히 할 테니\n당신도 힘내세요
MSG:5:58	02882D	MSG:0:58	ac121c983f0a328188026e027c15113f0a1e9983922c338115113f0c00	So,want\nto fuse 2?\nOr 3?¶	어떻게 할래?\n2개 합성?\n아니면 3개?¶
MSG:5:59	02884A	MSG:0:59	3281880a3381880a939182141700	2\n3\nQuit	2개\n3개\n그만둔다
MSG:5:60	028858	MSG:0:60	14933f0a1e88c53bfc89849da83f0a80bfbc83015c1d8217999500	Oh? What\nis that\ncard?{D}\nCould I\nsee?	어라?\n그 카드는 뭐야?\n잠깐 보여 줘
MSG:5:61	028873	MSG:0:61	192c1999892100	What?	이,이건!
MSG:5:62	02887A	MSG:0:62	10210ff2e1ed0a8e1f93bc1f9500	Sorry!\nI did{D}\nit\nagain!	앗!미안\n또 저질렀어
MSG:5:63	028888	MSG:0:63	19999c10a19815960a03401b8217999500	Please\nforgive{D}\nme.\nHere.	이걸 줄 테니까\n용서해 줘
MSG:5:64	028899	MSG:0:64	81110154bc1f9da818ac0a1faf9d015313988301af1200	This was\nmade.{D}\nYou can\nuse it.	그냥 만들어 본 건데\n아마 쓸 만할 거야
MSG:5:65	0288B0	MSG:0:65	1faf9dc0c1d2e09c31810a01fa035788ac19158c010d9dab1799980d0a02a60202ab892c018f8802528c0a036dbc8217989500	This item\ncan return{D}\nan item to\nyour home.	아마 아이템을 1개\n지상 어딘가로 옮겨 줄 거야{D}\n예정대로라면 너희 집으로\n돌아올 거야
MSG:5:66	0288E3	MSG:0:66	ac121b1f3f0a8e1fd2e97f5f27c7cc9e119888153f00	What is\nit? Another{D}\nTeleport Box?	무슨 일이야?\n또 텔레포 박스가 필요해?
MSG:5:67	0288F9	MSG:0:67	89112c1999ab111100	Yes,\nhello.	자,이거면 됐어
MSG:5:68	028902	MSG:0:68	01b7892c025902549c0a7beb3bc0277d1b1f9da800	I powered\nthe{D}\nmachine.	실은,기계를\n파워업했어
MSG:5:69	028917	MSG:0:69	026e027c1c988316852ccfd79301b79c0a11bc1bbf8501a4a69819839eab16989da800	When fusing\nyou can also{D}\nadd a seed or\nnut.	합성할 때 씨앗이나 열매를\n같이 섞을 수 있게 됐어
MSG:5:70	02893A	MSG:0:70	0404c2c1f504009e0adaedd39c17991f9da800	<04>Wiz<00> gave\na hint.	<04>위즈<00>가\n힌트를 줬거든
MSG:5:71	02894D	MSG:0:71	026e027c1c9883168511bc1bbf8502109998830ad1e193c7e6882c0211011d9c026e01f3ab16980acfd79e1098961b1100	When fusing\nthere is a\nseed to{D}\ncombine abilitiesof Talons and\nSaddles.	합성할 때 같이 넣으면\n발톱이나 안장의 능력을\n합칠 수 있는 씨앗이\n있다나 봐
MSG:5:72	02897E	MSG:0:72	92bc83920211011d8932811b150a026e027cab16841118ac8400	At most\nup to 2{D}\nabilities\ncan fuse.	다만 능력은 2개까지만\n합성할 수 있지만
MSG:5:73	028998	MSG:0:73	015c81181f888496849dab920a1f911b828f989da88400	If you\nfind it,{D}\ntry it\nwith many{D}\nthings.	찾으면 뭐든지\n시험해 보라고
MSG:5:74	0289AF	MSG:0:74	01b78992121ca00252035c9e0a0280131e12848800	Seems my\nfamily{D}\nwill\ngrow soon.	실은 곧 가족이\n늘 것 같아요
MSG:5:75	0289C4	MSG:0:75	1bad9617af97870a01ae0341bc821ca08501f616178498889500	The children\nwill soon be{D}\nall grown\nup.	오랜만이에요\n아이들은 금방 자라네요
MSG:5:76	0289DE	MSG:0:76	0404c5c6c00400210d0a19bc808c0241820aa210111a811b841a1100	<04>Kakia<00>!{D}\nCome\nintroduce{D}\nyourself!	<04>카키아<00>!{D}\n이리 와서\n인사드리렴
MSG:5:77	0289FA	MSG:0:77	192c199d85808900	H...{D}\nhello.	아,안녕하세요
MSG:5:78	028A02	MSG:0:78	b0ba3c00	...	메롱~
MSG:5:79	028A06	MSG:0:79	1996210a0404c5c6c004008e80841a112100	Hey!{D}\n<04>Kakia<00>,\nwait!	요 녀석!\n<04>카키아<00>,거기 서!
MSG:5:80	028A18	MSG:0:80	923c210aa8998503511f88151b9600	Hmph!\nHe takes\nafter...	정말~!\n누굴 닮았담
MSG:5:81	028A27	MSG:0:81	c4e9153d3d00	Me...	나인가…
MSG:5:82	028A2D	MSG:0:82	01ae033282bc821f118c9d950aab921f881b119b00	It is\nhard,but{D}\nfun to\nraise{D}\nkids.	아이 키우기는 힘들어요\n그래도 즐거워요
MSG:5:83	028A42	MSG:0:83	8f9d84027715bc1f18ac0af8edf45ded89030fbc1f8400	Everyone\nis safe.{D}\nThe\ndungeon{D}\nstayed.	모두 무사했지만\n던전은 남았네
MSG:5:84	028A59	MSG:0:84	f8edf45ded9e109815960a1402879e01ed189699989da800	My store\nstays open{D}\nusing the\ndungeon.	던전이 있으니까\n가게를 계속할 수 있어
MSG:5:85	028A71	MSG:0:85	8f9d84023901b1ab0a9515bc1f9b00	Glad\nevery{D}\none\nis OK.	모두 무사해서\n다행이에요
MSG:5:86	028A80	MSG:0:86	f8edf45ded9e841784968417820a9515bc1f88152c9b9815bc1f88150d0a9b1f1b85892c9b159684119b00	I am not\nsure if it{D}\nis good or\nbad that the{D}\ndungeon\nstayed.	던전이 사라지지 않은 게\n잘된 건지,잘못된 건지{D}\n저는 모르겠어요
MSG:5:87	028AAB	MSG:0:87	f8edf45dedbc8284853f00	What is{D}\na dungeon?{D}\nIs it	던전이 뭐야?
MSG:5:88	028AB6	MSG:0:88	14921b9a11883f0c00	...cool?¶	재밌어?¶
MSG:5:89	028ABF	MSG:0:89	a4bd105fc7920a8911bc828f9500	I will\ntry to{D}\ngo in\ntoo!	그럼 나도\n들어가 볼래
MSG:5:90	028ACD	MSG:0:90	849da80a818e9d84118800	Oh!{D}\nIs it\nboring?	뭐야\n시시해
MSG:5:91	028AD8	MSG:0:91	3d3d3d3d00	...	……
MSG:5:92	028ADD	MSG:0:92	f8e1a8950a14015f92bc828416bd00	How{D}\nbad! I\nneed{D}\nmoney!	안 돼\n돈이 없으면
MSG:5:93	028AEC	MSG:0:93	5fc7892c027f02670176880a0404c2c1f50400bc821112881a00	I am <04>Wiz<00>!{D}\nI run the\nstorage.	나는 창고지기\n<04>위즈<00>라고 해
MSG:5:94	028B06	MSG:0:94	c6df9e0f0f0f0f0f0f0a04040b0400a8873f00	Are you\n<04>{B}<00>?	혹시 네가\n<04>{B}<00>?
MSG:5:95	028B19	MSG:0:95	1abc16e23bf0e7880a0404c0d3e604009e161f9500	A moogle,<04>Atla<00>,{D}\ncame by.	아까 모그리\n<04>아트라<00>가 왔었어
MSG:5:96	028B2E	MSG:0:96	1e881280851f171a9d0ac0c1d2e09c01b3bc820a179815960d0a027f02679c018e188311820a1799bc820266bc821f9500	He said\nsince he\nwill be{D}\nbringing\nitems\nsoon,he{D}\nwanted\nto rent a\nstoreroom.	조만간 아이템을\n잔뜩 가지고\n올 테니까{D}\n창고를 비워 달라고\n하더라고
MSG:5:97	028B5F	MSG:0:97	921b151b820af8edf45dedab920a015c81181f8815843f00	Maybe\nit is\nitems{D}\nfound in\ndungeons?	혹시\n던전이라도\n찾은 걸까?
MSG:5:98	028B77	MSG:0:98	14015f9e1f8ebc1f960a8e1f1411ab9500	You need\nmoney!	돈이 모이면\n또 와
MSG:5:99	028B88	MSG:0:99	1e121e122c5fc7890a027f0267017684881a0d0aac12a8112c027f02679c0a1597828f841115113f00	Right. I\nmanage{D}\nthe store-house.{D}\nNeed some\nstorage?	그래그래,나는\n창고지기야{D}\n어때,창고를\n빌려 보지 않을래?
MSG:5:100	028BB1	MSG:0:100	318188027f0267852c3130c90ac0c1d2e09e021098881a00	One\nstoreroom{D}\nholds 10\nitems.	창고 1개에 아이템이\n10개 들어가
MSG:5:101	028BC9	MSG:0:101	ac12a8112c027f026731810a0700efe81a0a15979815113f0c00	Rent one?\n{7:00}	어때,창고 1개\n{7:00}길이야\n빌릴래?¶
MSG:5:102	028BE3	MSG:0:102	021e02408584bc1f960a168217991f9611111a00	I will\nbe here{D}\nif you\nneed me.	필요해지면\n오면 돼
MSG:5:103	028BF7	MSG:0:103	8e11ac10973c00	Thanks!	매번 고마워~
MSG:5:104	028BFE	MSG:0:104	02f918980a02729701c41c0a93919800	Give\nTake\nEnd	맡긴다\n꺼낸다\n그만둔다
MSG:5:105	028C0E	MSG:0:105	0fc2c1f588027f02670f0c00	Storage¶	 위즈의 창고 ¶
MSG:5:106	028C1A	MSG:0:106	9212dbc7ea9e11bcb211a89500	Your bag is\nalready full.	이제 주머니가 가득 찼어
MSG:5:107	028C27	MSG:0:107	108e9790971b8411ab0a94bc17979399ad11111a00	Working\ntoo hard{D}\nis bad.\nRelax\nsome!	너무 무리하지 말고\n천천히 하면 돼
MSG:5:108	028C3C	MSG:0:108	fce8018f9e198801ef8802b51b1101c00149850a84bc1f881a00	<04>Chip<00> is new\nto living in{D}\nthe village.	도르가 이 마을의\n새 주민이 됐어
MSG:5:109	028C56	MSG:0:109	159b111101c001499e8b13820a12991b11159f971a00	Glad to\nsee more{D}\ncute new\nresidents!	귀여운 주민이 늘어서\n기쁘기 그지없어
MSG:5:110	028C6C	MSG:0:110	1e99851b82920404c5dfe67b7b0400890aa811a4bf12af848815b700	I really\nhope that{D}\n<04>Camillas Dad<00>\nis OK.	그나저나 <04>카미라 아빠<00>는\n괜찮은 걸까
MSG:5:111	028C88	MSG:0:111	0404c5dfe67b7b04009e0a027715bc1f8301afbc1f88850d0a199dac892c0404c0d3e604001500	Just after\n<04>Camillas{D}\nDad<00> was\nsaved,now{D}\n<04>Atla<00>...	<04>카미라 아빠<00>가\n살았다 싶었더니{D}\n이번엔 <04>아트라<00>인가
MSG:5:112	028CAF	MSG:0:112	102c1e9989029101d013a8870a029101d013932c140336881983890a0404c5dfe604009e179b1b11881a00	Ah,your\nPlant.\n<04>Camilla<00>{D}\nknows\nabout\nplant pots{D}\nand flowers.	아,그건 화분이구나\n화분이나 꽃에 대해선\n<04>카미라<00>가 잘 알아
MSG:5:113	028CDA	MSG:0:113	0404dfe804001a9d892c0404fce80400018f830a11bc1bbf8517961c9da8bc821a00	<04>Mill<00> is\nliving with{D}\n<04>Chip<00>!	<04>미르<00> 씨는 <04>도르<00> 군과\n함께 산대
MSG:5:114	028CFC	MSG:0:114	0404fce80400018f922c12991b1e12a89500	<04>Chip<00> seems{D}\nhappy!	<04>도르<00> 군도 기뻐 보여
MSG:5:115	028D0E	MSG:0:115	0404fce80400018f832c0404dfe804001a9d850a01ae03419e01de8e991f881a0d0a1e9992360297921a00	<04>Mill<00> and\n<04>Chip<00> had{D}\nbabies!{D}\n6 of\nthem!	<04>도르<00> 군과 <04>미르<00> 씨에게\n아이가 태어났어{D}\n그것도 6마리나
MSG:5:116	028D39	MSG:0:116	1e99851b82920404c0d3e60400890aa811a4bf12af848815b700	I hope\n<04>Atla<00>{D}\nis all\nright.	그나저나 <04>아트라<00>는\n괜찮은 걸까
MSG:5:117	028D53	MSG:0:117	123c9d0a8e1ff8edf45ded9eab1f9500	Now,\nanother{D}\ndungeon is\nmade.	으음~\n또 던전이 나타났어
MSG:5:118	028D63	MSG:0:118	ac129396027297034a8e991f88890a029088c5c5cb961b11881a00	This time\na farm{D}\nscarecrow\nwas taken.	아무래도 사로잡힌 건\n밭의 허수아비인가 봐
MSG:5:119	028D7E	MSG:0:119	318188027b15969b16ab1f0a02fa036aa4bd8411159200	Not just\nthe{D}\ndesire of\none heart.	마음 하나에서 솟아난\n욕망이 아닐지도 몰라
MSG:5:120	028D95	MSG:0:120	1f171a9d8801c91a8402fa036a9e0a02758ebc82989512840ac1e13bf484881a00	Rather\nit seems\nmany{D}\nsmall\ndesires\ntogether.	수많은 작은 욕망이\n모여 있는 듯한\n느낌이야
MSG:5:121	028DB6	MSG:0:121	849d8384179b15bc1f881a0d0a1088f8edf45ded890ac5c5cb9c02e91b8202889bbc1f0d0a01ef888f9d8488027b84881a00	Somehow I\nsee. The{D}\nscarecrow\nis a vessel{D}\nfor the\ndungeon to{D}\ntransmit\nour desires.	어쩐지 알 것 같아{D}\n저 던전은\n허수아비를 통해 전해진{D}\n마을 모두의 마음이야
MSG:5:122	028DE8	MSG:0:122	1e122cf8edf45ded9e0a10bc1f8d129e01ef9e0a01f6161784981b0d0a02e40165920280139815968700	While\na dungeon\nexists,{D}\nthe\ntown grows{D}\nand more\nfriends\narrive.	그래,던전이\n있는 편이 마을이\n커지고{D}\n동료도 늘어나니까
MSG:5:123	028E12	MSG:0:123	123c9d0a849da8152c02d3014802d8850aa88e1a998211989512843d3d00	It seems\nthe Tyrian\nCrystal is{D}\ndeceiving\nthem.	으음~\n어쩐지 자수정에\n속고 있는 것 같은데…
MSG:5:124	028E30	MSG:0:124	1196bc1bbd1100	Hello.	어서 오세요
MSG:5:125	028E37	MSG:0:125	10962c111102a1aa93880ad05dc95fa8198300	Oh,a\nchocobo!{D}\nWhat fine\nfeathers!	어머,깃털이 참 고운\n초코보네요
MSG:5:126	028E4A	MSG:0:126	dede210a7b7b2cac1985920a1184119b9500	Mom!\nDad is\nmissing!	엄마!\n아빠가 어디에도\n없어
MSG:5:127	028E5C	MSG:0:127	10963c0aac198c11bc1f880a151b963f00	Oh,wherecould\nhe be?	어머~\n어디 가셨을까?
MSG:5:128	028E6D	MSG:0:128	029085920a118415bc1f8800	He was\nnot in{D}\nthe\nfield!	밭에도\n없었어
MSG:5:129	028E79	MSG:0:129	10962c1e121113ad0a10841f7b7b9c015c8e0a1d9dab1b1f3f00	How aboutyou?{D}\nHave you\nseen him?	어머,그러고 보니\n혹시 아이 아빠를\n못 보셨나요?
MSG:5:130	028E93	MSG:0:130	dffce7880217ebe60a023301ae9c15afbc1f0ad05dc95f8488ab1c9e00	He is a\nchocobo\nwearing{D}\na green\nstraw\nhat.	초록색 밀짚\n모자를 쓴\n초코보인데요
MSG:5:131	028EB0	MSG:0:131	13210aac19ab015c1f883f00	Oh!\nWhere?	어!\n어디서 봤어?
MSG:5:132	028EBC	MSG:0:132	10963f0a01c20176ab1c153f0c00	Oh,the\ninn?¶	어머?\n여관이요?¶
MSG:5:133	028ECA	MSG:0:133	13210a01c2017684883f00	Oh!Theinn?	어!\n여관이라고?
MSG:5:134	028ED5	MSG:0:134	dede2c8485150a8c9da89b00	Some-\nthing{D}\nis\nfishy,{D}\nMom.	엄마,뭔가\n이상해
MSG:5:135	028EE1	MSG:0:135	8ea801539b99821184110a01c201768488853d3d00	The inn isnot in{D}\nbusiness\nyet.	아직 영업도 안 하는\n여관인데…
MSG:5:136	028EF6	MSG:0:136	1e1287ba2c0404c5dfe604000a80bfbc8302a891983f00	Can I\nask a{D}\nfavor,\n<04>Camilla<00>?	그래,<04>카미라<00>\n부탁 좀 해도 될까?
MSG:5:137	028F0D	MSG:0:137	0404db2627c704001a9d850a1402ac1b821411820a1799983f00	Can you\ntalk to\n<04>Fawkes<00>?	<04>포크<00> 씨께\n이야기 좀\n전해 줄래?
MSG:5:138	028F27	MSG:0:138	9b15bc1f9b210a019ebc8217989b8700	Got it!\n{D}I will\nbe back!	알았어!\n다녀올게
MSG:5:139	028F37	MSG:0:139	10960aa2919d841a11870d0a1dbc15170241820a111fa8111f888500	Oh,\nsorry.{D}\nAfter\nyou{D}\ncame all\nthis way.	어머\n미안해요{D}\n모처럼 와\n주셨는데
MSG:5:140	028F53	MSG:0:140	7b7bbc1f960aac121b1f88151b9600	My,where\nis my{D}\nhusband?	아이 아빠도 참\n어떻게 된 걸까
MSG:5:141	028F62	MSG:0:141	10960aa2919d841a11870d0a14028788012302ad0a1b8284118800	Oh,sorry.Nothing{D}\nis for\nsale.	어머\n미안해요{D}\n가게 준비를\n못 했어요
MSG:5:142	028F7D	MSG:0:142	7b7b9e118411830a02159892889e84118800	Papa is\ngone and{D}\nwe have\nnothing{D}\nto sell\neither.	남편이 없으면\n팔 물건이 없어요
MSG:5:143	028F8F	MSG:0:143	10962c10841f0a84859c92bc8298883f00	Oh,what\nis this?	어머,당신\n뭘 가지고 있어요?
MSG:5:144	028FA0	MSG:0:144	10962c199911119b9500	How nice.	어머,이거 좋네요
MSG:5:145	028FAA	MSG:0:145	ac19159601b3bc82161f88150a014096841118ac0a9b1f1b850215bc8217998e1d9d3f00	Not sure\nwhere\nyou bought{D}\nit from,but\nwill you{D}\nsell it?	어디서 가져왔는지\n모르겠지만\n저한테 팔지 않을래요?
MSG:5:146	028FCE	MSG:0:146	7b7b9e11841115960a02159702299e8417820a198ebc821f8800	We have\nno wares\nwith my{D}\nhusband\ngone.	남편이 없어서\n팔 물건이 없어\n곤란했거든요
MSG:5:147	028FE8	MSG:0:147	92bc832c119a119a8492889c0a01b3bc82168201781a118700	Please\nbring even{D}\nmore items\nfor us.	앞으로도 여러 가지\n가져와 주세요
MSG:5:148	029001	MSG:0:148	7b7b89ac198c0a11bc1f88151b963f00	Oh,where\ncould he{D}\nhave\ngone?	아이 아빠는 어디\n간 걸까?
MSG:5:149	029011	MSG:0:149	8ebc1f177b7bbc1f960aac198c11bc1f88151b960d0a92122c14028785a81c92889e0a841784bc1f888500	Geez,Dad.{D}\nWhere in\nthe world{D}\ndid you\ngo to?{D}\nWe have no\ninventory...	정말 이이도 참\n어디 간 걸까{D}\n이제 가게에 낼 물건도\n다 떨어졌는데
MSG:5:150	02903C	MSG:0:150	10841f9e2c119a119a8492889c0a92bc82168217999815960a14028792128e1711bc8211989b00	Because you\nhave brought\nmany things{D}\nback,the\nshop is\ndoing well.	당신이 이것저것\n가져다준 덕분에\n가게도 잘되고 있어요
MSG:5:151	029063	MSG:0:151	0404db2627c704001a9d15960a0324168e1b1f00	<04>Fawkes<00>\ntold me.	<04>포크<00> 씨한테\n들었어요
MSG:5:152	029077	MSG:0:152	10841f9e01b3bc8217980ac0c1d2e0890d0af8edf45ded159601b3bc820a025abc82161f9288ab0d0a1e88f8edf45ded9c0154bc1f889e0a7b7ba8bc8200	The items you\nbrought were{D}\nfrom the\ndungeon my{D}\nhusband built.	당신이 가져오는\n아이템은{D}\n던전에서 가지고\n돌아온 거고{D}\n그 던전을 만든 게\n남편이라고요
MSG:5:153	0290B5	MSG:0:153	14033a11ab1c0a9b1f1b1f80887b7b9c0d0a7b7b9c0277188201781a1100	Please,my\nhusband!{D}\n...Please\nsave him!	부탁이에요\n우리 남편을{D}\n남편을 구해 주세요
MSG:5:154	0290D3	MSG:0:154	3d3d3d3d0a7b7b9c0277188210a1822100	...Save my\nPapa!	……\n아빠를 구해 줘!
MSG:5:155	0290E4	MSG:0:155	109d84851483841b17820a14a89315847b7b9e3d3d00	My calm,\nmature{D}\npapa...	그렇게 얌전하고\n온화한 아빠가…
MSG:5:156	0290FA	MSG:0:156	034f892c1403368819831b159b1596841118ac0a848515036e851f829819839e1099ad3d3d00	I really only\nknow about{D}\nflowers. If you\nthink I can{D}\nhelp...	난 꽃밖에 모르지만\n뭔가 도울 일이 있다면…
MSG:5:157	029120	MSG:0:157	14033a119500	...	부탁해
MSG:5:158	029126	MSG:0:158	10979e8312870a10841f881415a19500	It is all\nthanks to{D}\nyou!	고마워요\n당신 덕분이에요
MSG:5:159	029136	MSG:0:159	93bc837b7b92017d01321b82161f9b00	My husband{D}\nis healing.	드디어 남편도 회복됐어요
MSG:5:160	029146	MSG:0:160	10960a7b7b849602908c01c415181f9b9500	He left\nfor the{D}\nfields.	어머\n남편이라면 밭에 나갔어요
MSG:5:161	029158	MSG:0:161	0404c0d3e6040080bd9d0aac1284bc80bd1288151b963d3d00	But what\nhappened to{D}\n<04>Atla<00>?	<04>아트라<00>는\n어떻게 되는 걸까…
MSG:5:162	029171	MSG:0:162	7b7b9c3d3d3d0a10979e831200	Thank\nyou...\nfor my\ndad...	아빠를…\n고마워
MSG:5:163	02917E	MSG:0:163	9b1f1b85928485150a1401ba0288111a1d8200	Please,\nlet me{D}\nhelp\nsomehow.	나도 뭔가\n돕게 해 줘
MSG:5:164	029191	MSG:0:164	159bbc1f02918700	Odd{D}\nPlant!	특이한 화분이네
MSG:5:165	029199	MSG:0:165	f8edf45ded8801fbab0a015c81181f88ab1bbf3f00	Did you\nfind it{D}\nin the\ndungeon?	던전 안에서\n찾은 거지?
MSG:5:166	0291AE	MSG:0:166	cfd7152c01b79c92bc8284113f0a1e9985023e13980127922c92bc8284113f00	Do you have\nSeeds,Nuts{D}\nor Tonics to\nuse on it?	씨앗이나 열매 없어?\n거기 줄 약도 없어?
MSG:5:167	0291CE	MSG:0:167	cfd7832c0127ab0a033282828f8e1bbf129500	Try\nusing a{D}\nSeed and\nTonic.	씨앗이랑 약으로\n키워 보자
MSG:5:168	0291E1	MSG:0:168	0291892c036302081f97880a111183199a8c02e311828300	Place the\nPlant in{D}\nthe\nsunlight.	화분은 햇볕이\n잘 드는 곳에 두고…
MSG:5:169	0291F9	MSG:0:169	84859c01d01398150190911f960a029101d0138c02109982870d0a019988919dac12899b1f1b9e0a015c82141715968700	Once you\nhave{D}\nchosen what\nto grow{D}\ninsert\nyour Plant.{D}\nLeave the\nrest to me.	뭘 심을지 정하면\n화분에 넣어 줘{D}\n그다음 돌보는 건 내가\n맡을게
MSG:5:170	02922A	MSG:0:170	8ea82c033789ab8284119b00	Not yet!	아직 싹이 안 났어
MSG:5:171	029236	MSG:0:171	03379e01c41f9b8700	It grew!	싹이 났네
MSG:5:172	02923F	MSG:0:172	1699118403368700	Pretty!	예쁜 꽃이네
MSG:5:173	029247	MSG:0:173	1999bc822cac9d8401b78488151b960a92122c01b3bc82019e17883f0c00	Take this\nnut?¶	이건 어떤 열매일까\n벌써 가져갈 거야?¶
MSG:5:174	029265	MSG:0:174	03541b82989b950a01b3bc82019e17883f0c00	Ripe!\nTake?¶	잘 익었어\n가져갈 거야?¶
MSG:5:175	029278	MSG:0:175	92122c027297850241841115960a171abc80bdbc1f9b9500	Darn. It\nrotted.	가지러 안 와서\n썩어 버렸어
MSG:5:176	029290	MSG:0:176	a2919d870a921202e31701cd01c59e84118800	Sorry\nthere is{D}\nno room.	미안\n더 둘 곳이 없어
MSG:5:177	0292A3	MSG:0:177	0f0f0f029101d0130f0f0f0c00	Plant¶	   화분    ¶
MSG:5:178	0292B0	MSG:0:178	ac999c01d01398883f0c00	Seed?¶	뭘 심을래?¶
MSG:5:179	0292BB	MSG:0:179	ac8801279c023e1398883f0c00	Tonic?¶	어떤 약을 줄래?¶
MSG:5:180	0292C8	MSG:0:180	1999ab0332829888873f0c00	Grow here?¶	이걸로 키우는 거지?¶
MSG:5:181	0292D4	MSG:0:181	9b15bc1f9b0a01f601b185033282989b8700	I see.\nI will{D}\ncare\nfor it.	알았어\n소중히 키울게
MSG:5:182	0292E6	MSG:0:182	dbc7ea9e11bcb211870a02f91882161f963f00	The bag\nis full.{D}\nStore\nitems?	주머니가 가득 찼네\n맡기고 오는 게 어때?
MSG:5:183	0292F9	MSG:0:183	10979e831200	...	고마워
MSG:5:184	0292FF	MSG:0:184	8ea82c01b5022a888415ab0a84859e1419bc1f88153d3d00	Still... I\nwonder{D}\nwhat came\nover me...	아직도 내 안에서\n무슨 일이 있었는지…
MSG:5:185	029317	MSG:0:185	c6c8ed84012885109b1d821b8ebc820a1c8e8415bc1f00	Sorry for\ncausing so{D}\nmuch danger.	위험한 일을 겪게 해서\n미안하네
MSG:5:186	02932E	MSG:0:186	018f02828502bd9c025f131f01990a02d3024988014802d89c8d97a81b1f9da800	I found a\npurple{D}\ncrystal after\nguiding you.	자네들에게 길을 알려 준 뒤\n보라색 수정을 캐냈다네
MSG:5:187	02934F	MSG:0:187	01b5022a8801fb852c01b5022aab84110179159e0a01b5022a8801fbab01f6161784bc8211bc1f00	Inside...\nSomething{D}\nthat was not\nme grew{D}\nbigger.	내 안에서,내가 아닌 무언가가\n점점 커져 갔지
MSG:5:188	029377	MSG:0:188	1e19159602dd892cc6df9e024d021b0a0140bc821198a89a1200	After that\nyou know{D}\nwhat\nhappened.	그다음은 자네가 제일\n잘 알겠지
MSG:5:189	029391	MSG:0:189	01b5022a88027b888415852c10889512840a027b9e10bc1f8389843d3d3d00	Something\nlike that was{D}\ndeep in my\nheart...	내 마음속에 그런\n마음이 있었다니…
MSG:5:190	0293B0	MSG:0:190	ac9d84027b85922c02b98303719e10980a1b151b2c03719e02b985849819839e0a10bc82898496841100	The heart\nhas light\nand dark.{D}\nThe most\nimportant\nthing is to{D}\nlighten\ndarkness.	어떤 마음에도 겉과 속이 있지\n하지만 속이 겉이 되는 일은\n있어서는 안 되네
MSG:5:191	0293DA	MSG:0:191	1b151b2c1088014802d889027b880a02b98303719c02109915139800	The\ncrystal made{D}\nlight\nbecome{D}\ndarkness.	하지만 그 수정은 마음의\n겉과 속을 뒤바꾼다네
MSG:5:192	0293F6	MSG:0:192	9517027715bc1f9288a80a1e1b822c1c8e841100	You did\nwell to{D}\nhelp. I\nam\nsorry.	용케 살아났군\n그리고,미안하네
MSG:5:193	02940A	MSG:0:193	018f8802a202829e2c027297034a8e99821b8ebc1f00	Now your\nfriend was{D}\npossessed.	자네 친구가 사로잡히고 말았네
MSG:5:194	029420	MSG:0:194	01f39e020a1795128584bc1f960a108802909c92bc8301fdb0828f98950d0a0179159b159815921b99841115968400	When I can\nmove,I will\nsearch the{D}\nfield more!\nMaybe I will\nfind something.	몸이 움직이게 되면\n그 밭을 더 조사해 보겠네{D}\n뭔가 알아낼지도 모르니
MSG:5:195	02944F	MSG:0:195	0404c0d3e6040080bd9d920a04047b7b040092023901b1a8bc1f9b8700	So <04>Atla<00>\nand my{D}\nhusband\nare OK...	<04>아트라<00>도\n<04>남편<00>도 무사했네요
MSG:5:196	02946C	MSG:0:196	ab922cf8edf45ded898ea80a10989b8700	But the\ndungeon{D}\nstill\nexists.	그래도 던전은 아직\n있네요
MSG:5:197	02947D	MSG:0:197	01a802c9892cf8edf45ded9e1098889e0a101f978e138501af1382161f9b00	Lately\ndungeons{D}\nexisting\nseems to be{D}\nthe norm.	요즘은 던전이 있는 게\n당연하게 느껴져요
MSG:5:198	02949C	MSG:0:198	1088f8edf45dedbc82ac121b820a101e1985109888151b96873f00	I wonder\nwhy that{D}\ndungeon is\nover there?	저 던전은 왜\n저기 있는 걸까요?
MSG:5:199	0294B7	MSG:0:199	0404c0d3e6040080bd9d920a023901b1ab9515bc1f9b8700	I am\nglad <04>Atla<00>{D}\nis OK\ntoo.	<04>아트라<00>도\n무사해서 다행이에요
MSG:5:200	0294CF	MSG:0:200	0249016d84033693cfd79e0a03328296998214921b9a119b00	Growing\nflowers and{D}\nseeds is\nso neat.	여러 꽃이랑 씨앗을\n키울 수 있어서 재밌어
MSG:5:201	0294E8	MSG:0:201	a8999211841784bc82841188850af8edf45ded9e109888bc820a022101af025c958700	Nobody is gonebut the\ndungeon is{D}\nstill there.\nMysterious.	아무도 사라지지 않았는데\n던전이 있다니\n신기해
MSG:5:202	02950B	MSG:0:202	95120a8415841511110252a89500	Man,nice\nhouse.	여어\n꽤 좋은 집이야
MSG:5:203	029519	MSG:0:203	a899922c01c201768801fb850af8edf45ded9e1098889c0a01409684119512a89500	We should\nensure\nnobody{D}\nelse finds\nthe inn\ndungeon!	아무도 여관 안에\n던전이 있다는 걸\n모르는 것 같아
MSG:5:204	02953B	MSG:0:204	849da8159b1596841118ac0a1111159da4a89500	No clue why.{D}I have a\ngood{D}\nfeeling.	뭔지 모르겠지만\n느낌이 좋아
MSG:5:205	02954F	MSG:0:205	a83c0a0283920140968411bc82198389840d0a14023089c4e91f8088e2d8bc820a1983a89500	The reason\nnobody has{D}\nheard of\nthe treasure{D}\nis because\nit is{D}\nwaiting for\nme to{D}\nclaim it!	에휴~\n아무도 모른다는 건{D}\n보물은 우리 차지라는\n거라고
MSG:5:206	029575	MSG:0:206	8d9d83853c0a9b15bc829d88153f00	Yeeep.{D}\nGet the\npicture?	정말~\n알아듣고 있는 거야?
MSG:5:207	029584	MSG:0:207	8ebc2c11111500	Bah.	뭐,됐어
MSG:5:208	02958B	MSG:0:208	19bc808504040b0400880a022501769c012302ad1b8214111f9500	Whatever.\nI had a{D}\nhome set\nup for you,{D}\n<04>{B}<00>!	여기에 <04>{B}<00>의\n방을 마련해 뒀어
MSG:5:209	0295A6	MSG:0:209	f8edf45ded1596025abc82161f960a1919ab2c025d908311119500	You can use\nit to rest{D}\nafter a\ndungeon.	던전에서 돌아오면\n여기서 쉬면 돼
MSG:5:210	0295C1	MSG:0:210	83971013a50a025d9dab14111f96ac12a800	Speaking\nof,need{D}\na break?	일단\n쉬어 두는 게 어때
MSG:5:211	0295D3	MSG:0:211	a4bd1001c201768801e2ab0a8ebc829815968400	I will\nwait{D}\noutside.	그럼 여관 앞에서\n기다릴게
MSG:5:212	0295E7	MSG:0:212	1e121e122c02e3118214161f110ac0c1d2e0898411153f00	Right.{D}\nNeed me to\nhold items?	맞다,맡겨 두고 싶은\n아이템은 없어?
MSG:5:213	0295FF	MSG:0:213	1988cfedcc8801fb850ac4e99e02f915bc8214179500	I can keep\nitems in{D}\nthis\ndresser.	이 옷장 안에\n내가 맡아 둘게
MSG:5:214	029615	MSG:0:214	ab922ccfedcc85890a3130c91b1502109684119500	But only\n10 items{D}\ncan fit\nin here.	하지만 옷장에는\n10개밖에 안 들어가
MSG:5:215	02962A	MSG:0:215	1f171a9d02e3118214178884960a027f026701768c02ac9c1b8214111f15960a1ebc808c02f918988311119500	If you have\nlots of\nitems,head{D}\nover to the\nstorehouse\nto store them.	많이 맡기려면\n창고지기한테 말해 뒀으니까\n거기 맡기면 돼
MSG:5:216	029657	MSG:0:216	8485152c02f915bc82141912153f0a1e9983922c01b3bc82019e178815113f00	Wanna deposit\nsomething?{D}\nOr perhaps\nwithdraw?	뭔가 맡아 둘까?\n아니면 가져갈 거야?
MSG:5:217	029677	MSG:0:217	02f9188214170a01b3bc82019e170a939182141700	Store\nTake\nQuit	맡긴다\n가져간다\n그만둔다
MSG:5:218	02968C	MSG:0:218	0fc0d3e688cfedcc0f0c00	Dresser¶	 아트라의 옷장 ¶
MSG:5:219	029697	MSG:0:219	cfedcc8801fb8911bcb211ab1c00	The dresser{D}\nis full.	옷장 안이 가득 찼습니다
MSG:5:220	0296A5	MSG:0:220	dbc7ea8801fb8911bcb211ab1c00	The bag{D}\nis full.	주머니 안이 가득 찼습니다
MSG:5:221	0296B3	MSG:0:221	14210a1415139700	Hey!	오!\n어서 와
MSG:5:222	0296BB	MSG:0:222	ac12a8110a84851510bc1f153f00	So then,\nanything{D}\nhappen?	어때\n뭔가 있었어?
MSG:5:223	0296C9	MSG:0:223	8b9d8b9d00	Hm!	흠흠
MSG:5:224	0296CE	MSG:0:224	02db1101bb850a01471101461500	Is\nthat?	빨간 구슬에\n파란 돌이라
MSG:5:225	0296DC	MSG:0:225	841584150a951a1e12a88400	Magic-\nite?{D}\nSeems\nnice.	꽤\n좋아 보이는데
MSG:5:226	0296E8	MSG:0:226	93bc83e9c0c0c1d2e0830a0197b09892888501c402be130a1e12a8958400	You have\nfinally\ncome{D}\nacross a\nrare item\ntreasure!	드디어 레어 아이템이라고\n부를 만한 걸 만날\n것 같아
MSG:5:227	029706	MSG:0:227	8b3c903d3d3d0a01a802d78502bebc1f8316890a0404c5dfe67b7b0400ab0d0a81160243831a991f831685890a0404f45bd5cf3b0400849da800	We met\n<04>Camillas\nDad<00> first.{D}\nBut it\nwas <04>Janita<00>\nat the inn{D}\ninstead.	흐음…\n처음 만났을 때는\n<04>카미라 아빠<00>였고{D}\n떠밀렸을 때는\n<04>자니타<00>였단 말이지
MSG:5:228	029740	MSG:0:228	8ebc210f111115210ac0c1d2e0119a119a10981b00	What! How isthat? So{D}\nmany items!	뭐!됐어!\n아이템이 잔뜩 있으니까
MSG:5:229	029755	MSG:0:229	01f6026a16840404c0d3e60400890a0606063d060606063d060606063d060606063d060606063d0a11841100	He is\ngone...{D}\nMy dear\nfriend{D}\n<04>Atla<00>...	사랑하는 <04>아트라<00>는\n{6:06}{6:3D}{6:06}{6:06}·{6:06}{6:06}·{6:06}{6:06}·{6:06}{6:06}·\n이제 없다
MSG:5:230	029781	MSG:0:230	3d06063d06063d06063d06063d06060d0af2e1ed210f0f00	.{6:06}.{6:06}.{6:06}.{6:06}.{D}\n	·{6:06}·{6:06}·{6:06}·{6:06}·{6:06}{D}\n미안!
MSG:5:231	029799	MSG:0:231	108e9785014802d89e0a169911a8bc1f15960d0a849da89a128301afbc1f960a9b189b159d841784bc82168200	Sorry! The\ncrystal was{D}\nso pretty,\nI wondered{D}\nwhat it\nwas. No{D}\nclue why.	수정이 너무\n예뻐서{D}\n뭘까 하고 생각했더니\n머리가 이상해져 버렸어
MSG:5:232	0297C6	MSG:0:232	1a822c10938ebc1f1b0d0a01b789027297034a8e9982988316850a1ca211c1e13bf49c015c1f9da800	That was a\nmistake. I{D}\nsaw an\nincredible{D}\nimage as I\nwas{D}\npossessed.	자,사과는 했으니까{D}\n실은 사로잡혀 있을 때\n굉장한 걸 봤어
MSG:5:233	0297EF	MSG:0:233	1088014802d8880140014f8801fb850ac4e90282880140968411c0c1d2e00a9e11bcb21110bc1f9da800	The mind\nof the\ncrystal had{D}\nmany items\nI had not\nseen!	그 수정의 지식 속에\n우리가 모르는 아이템이\n잔뜩 있었어
MSG:5:234	029819	MSG:0:234	1088f8edf45ded8801fb850af627cfc18510989da800	Those are\ndefinitely{D}\nin that\ndungeon!	저 던전 안에\n틀림없이 있어
MSG:5:235	02982F	MSG:0:235	849da815014096841118ac0a01ef01fe9e1a9e1b821fa700	Not sure\nbut they{D}\nseek the\nmayor.	뭔지 모르겠지만\n촌장이 찾던데
MSG:5:236	029847	MSG:0:236	838497880404e6ccc70400a818ac0a5fea5fea88025902549c84141b82980a8f1f11a88400	Seems <04>Rask<00> to\nthe left is\nfixing up{D}\nan old\nmachine.	옆집 <04>라스크<00> 말인데\n낡아 빠진 기계를 고치는\n모양이야
MSG:5:237	02986C	MSG:0:237	c4c1e8ab928699ad0a111188858400	Oil wouldhelp.	기름이라도 바르면\n될 텐데
MSG:5:238	02987B	MSG:0:238	838497880404e6ccc70400a818ac0a8e1f022d88c53bfc9c01f81b8211980a8f1f11a800	<04>Rask<00> to the\nleft seeks\na different{D}\nCard.	옆집 <04>라스크<00> 말인데\n또 다른 카드를 찾는\n모양이야
MSG:5:239	02989F	MSG:0:239	849dab922cc0c1d2e09c0a01b5022a8802528c01e89819839e0aab1698961b1100	Seems\nlike no\nmatter{D}\nwhere,it\ncan send\nitems\nhome.	뭐든지 아이템을\n자기 집으로 보낼 수\n있대
MSG:5:240	0298C0	MSG:0:240	04040b04009e01b3bc820a025abc82161fc0c1d2e09c015c820a8f9d849e2c14ac9a1182989500	<04>{B}<00>,\neveryone is\nsurprised{D}\nto see the\nitems you\nbring back.	<04>{B}<00>,네가 가지고\n돌아온 아이템을 보고\n다들 놀라고 있어
MSG:5:241	0298E7	MSG:0:241	91a5961b1188832c5eede78488ab0a8f9d848801de018492022e9bbc82161e12a800	They are rare\nand useful,so{D}\nit changed\nthe way of life.	신기하고 편리하니까\n다들 생활도 바뀌겠어
MSG:5:242	029909	MSG:0:242	ac9dac9dc0c1d2e09c021599ad0ac4e9028288023a01e292021599821798a700	At this\nrate,we{D}\nneed to\nmarket our{D}\nnames,too.	아이템을 척척 팔면\n우리 이름도 알려질 거야
MSG:5:243	029929	MSG:0:243	ac9dac9dc0c1d2e09c021599ad0a01f6015f01b3801a00	If we keep\nselling,we{D}\nwill be rich!	아이템을 척척 팔면\n큰 부자야
MSG:5:244	029940	MSG:0:244	01a3020588f8edf45ded3d3d3d0a109989023901958501ed118211983d3d3d00	The next\ndungeon...{D}\nwill go on\nforever...	이번 던전은…\n끝없이 이어져 있어…
MSG:5:245	029960	MSG:0:245	03129b979e0239113d3d3d0a1e9d84d5c4c19e1c9800	It seems...\nendless.	끝이 없어…\n그런 냄새가 나
MSG:5:246	029976	MSG:0:246	1e99a4bd100a019ebc828f95121500	Well,whynot take{D}a look?	그럼\n가 볼까
MSG:5:247	029985	MSG:0:247	8c3c0a1997bd11119300	! This\nis all?	헤에~\n이거 좋은데
MSG:5:248	02998F	MSG:0:248	023602088501c201768801fb9e0af8edf45ded1e8892880a8584bc82989da800	The\ninside of\nthe inn{D}\nreally IS\na dungeon!	정말로 여관 안이\n던전 그 자체가\n돼 버렸어
MSG:5:249	0299AF	MSG:0:249	a4bd101f889da8950a04040b04002100	It is up\nto you,{D}\n<04>{B}<00>!	그럼 부탁해\n<04>{B}<00>!
MSG:5:250	0299BF	MSG:0:250	c4e9892c01ef8801fb9c017dbc820a0279029a9c02759183179500	I will\ngather{D}\ninfo around\nthe village.	난 마을을 돌면서\n정보를 모아 둘게
MSG:5:251	0299DA	MSG:0:251	ac121b1f3f0d0aa811a4bf12afa8bc82210a849d83158498bc822100	What? Are\nyou OK?{D}\nSomething\nhappen?	왜 그래?{D}\n괜찮다니까!\n어떻게든 될 거야!
MSG:5:252	0299F6	MSG:0:252	951b951b0a9e9dadbc8217999500	OK,then!{D}\nDo your\nbest!	좋아좋아\n힘내라고
MSG:5:253	029A04	MSG:0:253	14112ca811a4bf12af153f00	Hey,you\nall right?	이봐,괜찮아?
MSG:5:254	029A10	MSG:0:254	025b9c0271bc1f960a19198c02f0ad1a991fbc823f00	You fainted\nand ended{D}\nup here?	정신을 잃었더니\n여기로 날아왔다고?
MSG:5:255	029A26	MSG:0:255	ac1284bc829da83f00	What\nhappened?	어떻게 된 거야?
MSG:5:256	029A2F	MSG:0:256	3d3d3d3d8ebc1111150aa811a4bf12af1e12a81b8400	...Well.{D}\nAt least\nyou are OK.	……뭐,됐어\n괜찮아 보이니까
MSG:5:257	029A45	MSG:0:257	1e99ab11119288890a10bc1f88153f00	So,did\nyou{D}\nfind any-thing?	그래서 좋은 건\n있었어?
MSG:5:258	029A55	MSG:0:258	84210f849da8bc82213f0a01b38002299e841784bc8298a8bc822100	What!\nReally!? Your{D}\nitems are\ngone!	뭐!뭐라고!?\n소지품이 없어졌다고!
MSG:5:259	029A71	MSG:0:259	849d8219bc1f0aac1297ab2ca811a4bf12af849da800	What the\nhey? At least{D}\nyou are OK!	이런 세상에\n그래서 멀쩡했구나
MSG:5:260	029A87	MSG:0:260	04040b04002c819f890a849d83151b8201b5011dab0f0d0a025abc8217989da89500	<04>{B}<00>.{D}\nNext time,\ntry to{D}\nget back\non your\nown.	<04>{B}<00>,다음엔\n어떻게든 혼자 힘으로{D}\n돌아오라고
MSG:5:261	029AA9	MSG:0:261	1e12a4bd8411833d3d00	Counting{D}\non you!	안 그러면…
MSG:5:262	029AB3	MSG:0:262	1f889da89500	Bye!	부탁해
MSG:5:263	029AB9	MSG:0:263	199d85808900	Hello.	안녕하세요
MSG:5:264	029ABF	MSG:0:264	01b789cfedcc88121b9a850aa811a484e4feeb9e024380820a1b8ebc1f88ab1c00	I dropped myimportant\nring.	실은 옷장 뒤에\n소중한 반지를 떨어뜨리고\n말았어요
MSG:5:265	029AE0	MSG:0:265	8485152c1111c0c1d2e0890a84119288ab1bbf12153f00	Would you\nhappen to{D}\nhave any\ngood items?	뭔가 좋은 아이템은\n없을까요?
MSG:5:266	029AF7	MSG:0:266	1988c0c1d2e0ab890a0272991e128510978e1d9d8700	Seems this\nitem can{D}\nnot be\ntaken.	이 아이템으로는\n못 꺼낼 것 같네요
MSG:5:267	029B0D	MSG:0:267	102c1999892100	This!	아,이건!
MSG:5:268	029B14	MSG:0:268	10979e8312a2a3118e1c0a93bc8302729819839eab168e1b1f00	Thank you\nmuch. Now{D}\nit could be\ntaken.	고맙습니다\n드디어 꺼낼 수 있었어요
MSG:5:269	029B2E	MSG:0:269	1a1a9315ab1c9e0a1403729c121883bc8217a81a1100	It is not\nmuch but{D}\nhave this\nas thanks.	약소하지만\n답례를 받아 주세요
MSG:5:270	029B44	MSG:0:270	11933c0f109915960a171d8584bc821b8ebc823d3d00	No,from\nthere. It{D}\nbecame a\nhabit...	아니~ 그 뒤로\n버릇이 돼 버려서…
MSG:5:271	029B5A	MSG:0:271	84158415111101efab1c0a1999159692bc8301f616170a84971e12ab1c8700	This nice\nvillage\nwill keep{D}\ngrowing.	꽤 좋은 마을이에요\n앞으로 더 커질\n것 같네요
MSG:5:272	029B79	MSG:0:272	83199aab2c1988c53bfc890a01a801a0ab1c00	By the\nway,Doom{D}\nCard is\ngreat!	그런데 이 카드는\n최고예요
MSG:5:273	029B8C	MSG:0:273	3202af15962c3102af8c159d1f9d850a14979819839eab169888ab1c159600	Using it\nyou can{D}\neasily go\nfrom 2F to{D}\n1F!	2층에서 1층으로 간단히\n내려갈 수 있으니까요
MSG:5:274	029BAB	MSG:0:274	ab922c01a802d7853202af85118411830a01fa023b859197199dab1b8e118e1c00	But if\nyou are not on{D}\n2F you\nend up in{D}\nthe ground!	하지만 처음에 2층에 없으면\n땅에 파묻혀 버려요
MSG:5:275	029BCC	MSG:0:275	198801ef8591a5961b11c0c1d2e09e0a0215969982119883032411820a8abc191b82168e1b1f8800	I heard\nthere were\nrare items{D}\nso I moved\nhere!	이 마을에서 신기한 아이템을\n판다고 들어서\n이사 왔어요
MSG:5:276	029BF4	MSG:0:276	108801ae852c16161e12840ac0c1d2e09e015c811599ad111188ab1c9e00	I want\nto find an{D}\nitem to help\nmy child.	우리 아이에게 들을 만한\n아이템을 찾으면 좋겠는데요
MSG:5:277	029C12	MSG:0:277	1988fce9c1ed880236ab0a198801ae858015969c0a9b188217a81a1100	Use the\nDrain\nbook to{D}\ngive\npower to\nmy{D}\nchild.	이 드레인의 책으로\n이 아이에게 힘을\n나눠 주세요
MSG:5:278	029C2F	MSG:0:278	108301ca1bab0265025b850a849888ab1c00	They are\nnearly{D}\nbetter.	조금만 더 있으면\n기운을 차릴 거예요
MSG:5:279	029C41	MSG:0:279	10b73d3d3d00	Ah...	아아…
MSG:5:280	029C47	MSG:0:280	0265025b840249853d3d00	Better!	혈색이 돌아와요…
MSG:5:281	029C52	MSG:0:281	10979e8312a2a3118e1c00	Thank you.	고맙습니다
MSG:5:282	029C5D	MSG:0:282	ac121403729c1b82111188939600	How can I{D}\nrepay you?	뭐라고 감사드려야 할지
MSG:5:283	029C6B	MSG:0:283	108801aebc1f960a0144abd33bfc8584bc820a023d9dab11989dab1c00	My\nchild\nbecame a{D}\ntoad to\nplay in a\nfountain.	우리 애가 글쎄\n샘에서 두꺼비가 돼서\n놀고 있지 뭐예요
MSG:5:284	029C88	MSG:0:284	140338ab2c023dae1f1184b700	I want{D}\nto go play.	밖에서 놀고 싶다~
MSG:5:285	029C95	MSG:0:285	14034380bd9d890a022101af025c84c0c1d2e09e02438082980af8edf45ded8c023dae85111788ab1bbf3f00	Maybe my\nbrother went\nto check the{D}\ndungeon with\nthe mysterious\nitems?	오빠는\n신기한 아이템이 떨어져 있는\n던전에 놀러 가는 거지?
MSG:5:286	029CC1	MSG:0:286	101f1b92019e161f1184b700	I want{D}\nto go!	나도 가고 싶다~
MSG:5:287	029CCD	MSG:0:287	9bb7110a14034380bd9d10979e831200	Wah!{D}\nThanks,\nbrother!	와아\n오빠 고마워
MSG:5:288	029CDD	MSG:0:288	1415101a9d9e870a109d8e97d33bfc8584bc82023daf84bc8200	Mom said less\nplaying as a{D}\ntoad in\nfountains.	엄마가 말이야\n두꺼비가 돼서 너무 놀지 말래
MSG:5:289	029CF7	MSG:0:289	15849701f6168401ef850a84bc1f9b8700	This\nvillage{D}\nwill\nkeep{D}\ngrowing.	꽤 큰 마을이\n됐네요
MSG:5:290	029D08	MSG:0:290	8ea88ea80a159b989b8700	I willknow{D}\nsome\nday.	아직도\n변할 거예요
MSG:5:291	029D13	MSG:0:291	8ea82c159b9883199a9e0a10989b9500	I am\ncloser to{D}\nknowing!	아직 변할 곳이\n있어요
MSG:5:292	029D23	MSG:0:292	921201ca1b8485150a159b989b9500	Soon,\nI will{D}\nunder-\nstand!	조금 더 뭔가\n변할 거예요
MSG:5:293	029D32	MSG:0:293	1ca2119b0a1cad961b1101ef8700	The\nvillage{D}\nis\ngreat,no?	굉장해요\n멋진 마을이네요
MSG:5:294	029D40	MSG:0:294	0181152c018f1f808502bebc1f88890a1919a8bc1f8400	This is\nwhere we{D}\nmet,yes?	분명,자네들을 만난 게\n여기였지
MSG:5:295	029D57	MSG:0:295	0404c0d3e60400018f890a023901b1a89a12153d3d3d00	Will <04>Atla<00>\nbe OK...?	<04>아트라<00> 군은\n무사할까…
MSG:5:296	029D6E	MSG:0:296	9b1f1b892c198802909c0a92bc8301f616171b820d0a198801ef9c941f15850a1b1f1188a89500	I want to\nexpand thefield for\nour{D}\nvillage!	나는 이 밭을\n더 넓혀서{D}\n이 마을을 풍요롭게\n만들고 싶다네
MSG:5:297	029D95	MSG:0:297	c5c5cb9e841784bc821b8ebc1f00	A scarecrow\nis missing.	허수아비가 없어져 버렸어
MSG:5:298	029DA3	MSG:0:298	028392027297034a8e998211841188850af8edf45ded892c1e198510980d0aac121b828488153d3d3d00	Nobody is\npossessed\nbut a{D}\ndungeon is\nstill over\nthere...	아무도 사로잡히지 않았는데\n던전은 저기 있어{D}\n어째서일까…
MSG:5:299	029DCD	MSG:0:299	f8edf45ded890283158802fa036a9c9283850a1e1985026c9e980d0aab892c02838802fa036a8488153d3d00	Dungeons are\nbased on{D}\ndesires,but\nI wonder{D}\nwhose desires\nthese are?	던전은 누군가의 욕망을\n바탕으로 펼쳐지지{D}\n그럼 누구의 욕망일까…
MSG:5:300	029DF9	MSG:0:300	c15eedd39c015c8e1c153f0c00	See event?¶	See event?¶
MSG:5:301	029E06	MSG:0:301	849d93879d840a8ea893bc8200	I am\ndoing{D}\nsome\nthing.	Wait\nnot done yet
MSG:5:302	029E13	MSG:0:302	ac999c11a4989d933f0c00	Which one?¶	Which one?¶
MSG:5:303	029E1E	MSG:0:303	1811a3118916be12dbe6f00f0acbd4e7c4dbe6f00f0f121303570ac3c0ea8802360f0f0f0f839101b00affe7edc788c53bfc0f153c01100a9b16014888c53bfc0f0fad1803350ae2d5cf3b1a9dc6edcb0f0f02320acaedf83b8802360f0f0f0f0f0f0a93919300	Shop flag\nScenario flag\nAero Book\nBlink Card\nSpring Card\nMonitor\nThunder Book\nExit	Shop flag\nScenario flag\nAero Book\nBlink Card\nSpring Card\nMonitor OFF\nThunder Book\nExit
MSG:5:304	029E85	MSG:0:304	3030300a3130300a3135300a3230300a3235300a3330300a93919300	000\n100\n150\n200\n250\n300\nEnd	000\n100\n150\n200\n250\n300\nExit
MSG:5:305	029EA1	MSG:0:305	1a111bbf0afce810830aa811329b0aa811339b0a93919300	Start\nChip\nPart 2\nPart 3\nEnd	Start\nChip after\nPart 2\nPart 3\nExit
MSG:5:306	029EB9	MSG:0:306	30300a31300a32300a33300a34300a35300a93919300	00\n10\n20\n30\n40\n50\nEnd	00\n10\n20\n30\n40\n50\nExit
MSG:5:307	029ECF	MSG:0:307	30300a33300a35300a37300a93919300	00\n30\n50\n70\nEnd	00\n30\n50\n70\nExit
MSG:5:308	029EDF	MSG:0:308	e2d5cf3b1a9d8981159b8411ab0c00	Do not use¶	No Monitor¶
MSG:5:309	029EEE	MSG:0:309	0f30300a0f31300a0f32300a0f33300a0f34300a0f35300a0f36300a0f37300a0f38300a0f39300a3130300a93919300	00\n10\n20\n30\n40\n50\n60\n70\n80\n90\n100\nEnd	 00\n 10\n 20\n 30\n 40\n 50\n 60\n 70\n 80\n 90\n100\nExit
MSG:5:310	029F1E	MSG:0:310	9512191e210a191297bd17887fc1edd3892c023693d1e12cc7e69c0a035701ba85033282981983ab1c0ae0e79c1b8281bc198ea585d2e97fc53bfcab01ef8c0a025abc824c569c10a18e1bbf120a0f0f0f0f0f0f0f159d1bbe120f01fb01ef02cc024d0f959700	Welcome! It is\neffective to make\nsure you raise\nBooks,Talons,{100}\nSaddles. Increase\nyour level without{D}\noverdoing it by\nusing Teleport\nCards to return to\nthe village.\n-Director Nakamura\nKouichi	환영합니다!\n공략 포인트는 책,발톱,안장을\n잘 키우는 것입니다\n무리하게 파고들지 말고 텔레포 카드로\n마을에 돌아와 LV를 올립시다\n    감수 나카무라 코이치
MSG:6:0	03026E	MSG:0:0	0402cd3bff04001b8e1c153f0c00	<02>Save<00>?¶	<02>세이브<00>할까요?¶
MSG:6:1	03027C	MSG:0:1	0402cd3bff040001fbab1c0a0402e1e2e73bc53bfc04009c0a0292158411ab17a81a110c00	<02>Saving<00>...\nDo not touch the\n<02>Memory Card<00>¶	<02>세이브<00> 중입니다\n<02>메모리 카드<00>를\n빼지 마세요¶
MSG:6:2	0302A1	MSG:0:2	01c501b3015f0f0706efe80c00	GP{7:06}Gil¶	소지금 {7:06}길¶
MSG:6:3	0302AE	MSG:0:3	0f0402cd3bff0400850271028d1b8e1b1f00	<02>Save<00> failed.	 <02>세이브<00>에 실패했습니다
MSG:6:4	0302C0	MSG:0:4	0402e1e2e73bc53bfc04009e0a1a1abc82118e1d9d00	There is no\n<02>Memory\nCard<00>.	<02>메모리 카드<00>가\n꽂혀 있지 않습니다
MSG:6:5	0302D6	MSG:0:5	0f890f110a0f11111300	Yes\nNo	 예\n 아니오
MSG:6:6	0302E0	MSG:0:6	ac8802af8c019f978e1c153f0c00	Floor?¶	몇 층으로 내려갈까요?¶
MSG:6:7	0302EE	MSG:0:7	d3e6277da885bf3c9d070000	A trap!{7:00}	함정이지롱~{7:00}
MSG:6:8	0302FA	MSG:0:8	0f0f0f158eac0f0f0f0c00	Furnace¶	   용광로   ¶
MSG:6:9	030305	MSG:0:9	e7cac1c7e85f27c7cc0c00	Recycle¶	리사이클 박스¶
MSG:6:10	030310	MSG:0:10	118080800a199dac89849da83c00	Whooa<\n{D}What\nhappened?	아야야야\n이번엔 또 뭐야~
MSG:6:11	03031E	MSG:0:11	849da82c01c201768801e215950d0a9d3f0a01c201768801e2a8bc823f00	Wah!{D}\nIn front\nof the inn?{D}\nWhy?	뭐야,여관 앞이잖아{D}\n응?\n여관 앞이라고?
MSG:6:12	03033C	MSG:0:12	8eb72ca88e1a99808ebc1f929d890a1bbf129e84111500	Nothing we\ncan do about{D}\nbeing\ntricked.	뭐,속아 넘어간 건\n어쩔 수 없지
MSG:6:13	030353	MSG:0:13	ac12939610880217ebe6023301ae880ad05dc95f9e1988f8edf45ded880ad6cb961b118400	The straw\nhat chocobo\nseems to be{D}\nthe keeper\nof the\ndungeon.	아무래도 저 밀짚모자 쓴\n초코보가 이 던전의\n주인인 것 같아
MSG:6:14	030378	MSG:0:14	1e9d84191fb719881a110aac12ab92111100	We best\nmove on.	그런 건 이제 와서\n아무래도 좋아
MSG:6:15	03038A	MSG:0:15	9512892c1088f8edf45ded880a01fb8589e9c084c0c1d2e09e0aacbc80bd97109815921b999d0abc821983a89500	The main\nthing is,\nthere is\nprobably{D}\ntreasure\ninside that\ndungeon...	요컨대,저 던전\n안에는 레어 아이템이\n잔뜩 있을지도 모른다\n이거지
MSG:6:16	0303B8	MSG:0:16	1e99a4bd2cc4e98901c0911e12840a83199a9c01f81b82179815961a0d0a04040b040089f8edf45ded850a019f978211178885021e02408401e6010c0a9c01dc139a950d0a1e99a4bdb78700	Anyway,\nwhile I\nfind us a{D}\nplace to\nstay,you\nshould{D}\nprepare to\nexplore,\n<04>{B}<00>!	그럼,난 살 만한 곳을\n찾아볼 테니까{D}\n<04>{B}<00>,넌 던전에\n내려갈 준비를 해 둬{D}\n그럼 나중에 봐
MSG:6:17	030404	MSG:0:17	93b70a1196bc1bbd1100	Hello,\nthere!	여어\n어서 와
MSG:6:18	03040E	MSG:0:18	026e027c01768c9512191e0a84859c026e027c1b8e1bbf1200	Welcome\nto my{D}\nForge.\nWant to\nfuse?	합성소에 잘 왔어\n뭘 합성할까?
MSG:6:19	030427	MSG:0:19	018fa8873f0d0a1abc16881ca2170a0265025b84e23bf0e7880a02a20282bc82888900	You\nfriends\nwith{D}\nthe hypermoogle\nfrom{D}\nbefore?	너구나?{D}\n아까 그 엄청\n활기찬 모그리의\n친구라는 게
MSG:6:20	03044A	MSG:0:20	0265025b84e23bf0e784960a01ef01fe8802528c019ebc1f950d0a102c1e121e120d0a1e881280022e9bbc1f0a01c802159c1c9815960d0a1e888316850a0241821799958400	That\nenergetic{D}\nmoogle\nwent to{D}\nsee the\nmayor.{D}\nMy shop\nopens soon{D}so please\ncome by{D}\nthen!	활기찬 모그리라면\n촌장님 댁에 갔어{D}\n아,맞다 맞다{D}\n조만간 색다른\n장사를 시작할 테니까{D}\n그때\n와 줘
MSG:6:21	030490	MSG:0:21	01ef01fe88025215113f0d0a5fc78819880252881ca00a01a5880252a8950d0a1e19880404db2627c704001a9d9e0a198801ef8801ef01fe1a00	The mayor?{D}\nGo left\nfrom here!{D}\nThe villagemayor,{D}\n<04>Fawkes<00>\nis there.	촌장님 댁 말이야?{D}\n우리 집 바로\n왼쪽 집이야{D}\n거기 <04>포크<00> 씨가\n이 마을 촌장이지
MSG:6:22	0304CA	MSG:0:22	8ea81988025902549e0a020a1584119da800	My\nmachine{D}\nis not\nrunning.	아직 이 기계가\n안 움직여
MSG:6:23	0304DC	MSG:0:23	1988025902541ca0850acafe821b8e129da80d0a8485151111c0c1d2e09e0a84111584b700	My machine\nis rusty.{D}\nIf there\nwas an{D}\nitem to\nhelp...	이 기계는 금방\n녹이 슬어 버려{D}\n뭔가 좋은 아이템\n없으려나
MSG:6:24	030501	MSG:0:24	101010102c100a1e1e2c1e88c53bfc890a84842c849da8113f00	Ahhhh,\nthat!{D}\nThat\ncard! Whatis that?	아아아아,아\n그그,그 카드는\n뭐,뭐야?
MSG:6:25	03051B	MSG:0:25	024c12950a1999a4bd841100	Not\nthis.	아니야\n이게 아니야
MSG:6:26	030527	MSG:0:26	1414210a1999892100	Ah,\nthis!	오오!\n이건!
MSG:6:27	030530	MSG:0:27	93bcb2971e12a80a1999a82100	This\nwill{D}\ndo it!	역시 그렇군\n이거야!
MSG:6:28	03053D	MSG:0:28	018f210a1ca2119519992100	You!\nAmazing!	너!\n이거 굉장해!
MSG:6:29	030549	MSG:0:29	10bc210af2e1ed00	Ah!	앗!\n미안
MSG:6:30	030551	MSG:0:30	c53bfc2c15bc82850a0153bc80bdbc1f9500	Sorry!{D}\nI ended\nup{D}\nusing thecard.	카드,멋대로\n써 버렸어
MSG:6:31	030563	MSG:0:31	ab922c025902549e020a111f15960a03401b821799958400	But now,\nit runs!{D}\nForgive\nme!	그래도 기계가 움직였으니\n용서해 줘
MSG:6:32	03057B	MSG:0:32	1e88159b97850a31017da818ca3bfecc1c98159600	As an\napology{D}\nuse it\nonce,free.	그 대신\n1번은 공짜로 해 줄게
MSG:6:33	030590	MSG:0:33	102c19880259025488031a012a9c0a1b828415bc1f958400	Ah,I\nnever{D}\nexplained\nit...	아,이 기계 설명을\n안 했지
MSG:6:34	0305A8	MSG:0:34	1e122c198802590254191e9e0ac7eb83c7eb9c01a4a6820a02b51b11c7eb851c9802590254a800	This\nmachine can\nfuse{D}\ntogether\ntwo of\nyour tools.	그래,이 기계야말로\n도구와 도구를 섞어서\n새 도구로 만드는 기계야
MSG:6:35	0305CF	MSG:0:35	133f0a95179b159684113f00	Eh?\nTell you{D}\nmore?	응?\n잘 모르겠다고?
MSG:6:36	0305DB	MSG:0:36	133c832c0339035f8502661283a88400	How to say...	음~ 간단히 말하자면
MSG:6:37	0305EB	MSG:0:37	1e88018f8801b3bc821198d1e10a1e122cd1e19c328111991f960a02b51b11d1e18501de8e99022e9b9800	Those\nTalons you\nhold. Put{D}\ntwo of\nthem in to\ncreate a{D}\nnew one.	네가 가진 그 발톱\n그래,발톱을 2개 넣으면\n새 발톱으로 다시 태어나지
MSG:6:38	030616	MSG:0:38	1e88018f8801b3bc821198c7e60a1e122cc7e69c328111991f960a02b51b11c7e68501de8e99022e9b9800	Those\nSaddles you\nhold. Put{D}\ntwo of\nthem in to\ncreate a{D}\nnew one.	네가 가진 그 안장\n그래,안장을 2개 넣으면\n새 안장으로 다시 태어나지
MSG:6:39	030641	MSG:0:39	01e6010cab169892889c328111991f960a02b51b11e2d88501de8e99022e9b989da800	Put two\nequippable{D}\nitems in to\nmake a new\none.	장비품을 2개 넣으면\n새 물건으로 다시 태어나지
MSG:6:40	030664	MSG:0:40	3d3dd1e13f0a018f2c1e88d1e189ac19ab0a01ba850210991f9da83f00	...\nTalons?\nWhere did{D}\nyou find\nthose\nTalons?	…발톱?\n너,그 발톱은 어디서\n손에 넣은 거야?
MSG:6:41	030681	MSG:0:41	3d3dc7e63f0a018f2c1e88c7e689ac19ab0a01ba850210991f9da83f00	...\nSaddle?\nWhere did{D}\nyou find\nthose\nTalons?	…안장?\n너,그 안장은 어디서\n손에 넣은 거야?
MSG:6:42	03069E	MSG:0:42	1e121113ad2c018f0a1e99892c849da8113f0aac19ab01ba850210991f9da83f00	Speaking\nof which\nwhat is{D}\nthat?Where\nis it\nfrom?	그러고 보니,너\n그건 뭐야?\n어디서 손에 넣었어?
MSG:6:43	0306BF	MSG:0:43	1e9989dadfd13f00	Secret?	그건 비밀?
MSG:6:44	0306C7	MSG:0:44	025b858498a4bd8411150a025f138217999500	Curious!\nTell me!	궁금하잖아\n알려 줘
MSG:6:45	0306DA	MSG:0:45	f8e13f00	No?	안 돼?
MSG:6:46	0306DE	MSG:0:46	123c9d0a025b858498a73c00	Hm...{D}\nHow\nodd.	으음~\n궁금하다~
MSG:6:47	0306EA	MSG:0:47	849da8bc823f0af8edf45deda8bc823f00	What?\nA dungeon?	뭐라고?\n던전이라고?
MSG:6:48	0306FB	MSG:0:48	123c9d0a0404c5dfe67b7b04001a9d92027b0364a818ac0af8edf45ded92025b85849884b700	I worry for\n<04>Camillas Dad<00>\nbut also{D}\nthe dungeon\n...	으음~\n<04>카미라 아빠<00>도 걱정이지만\n던전도 궁금하네
MSG:6:49	030721	MSG:0:49	31017dca3bfecc1c98bc820a036f035ba8bc1f8700	You were\npromised{D}\none free\ntry.	1번 공짜로 해 주기로\n약속했었지
MSG:6:50	030736	MSG:0:50	1988070081ab111115113f0f0c00	{7:00}	이거 {7:00}개면 될까?¶
MSG:6:51	030744	MSG:0:51	0700efe80a021e0240a818ac111115843f0f0f0c00	{7:00}	{7:00}길\n필요한데 괜찮겠어?¶
MSG:6:52	030759	MSG:0:52	01a802c92c8e1001fd01ae9e024a119da80a1088c53bfc88019a1601289e0a841784bc82161f8815843f00	Lately it\nhas not\nworked.{D}\nPerhaps the\nCard has\nworn off?	요즘 또 상태가 안 좋아\n그 카드의 효과가\n다 떨어졌나?
MSG:6:53	030784	MSG:0:53	1ab72cac9dac9d0241821799950a92bc8314015f9c02e691820d0a0404cad5c004009c19198c01979dab0a11bc1bbf850369961c9da800	You keep\ncoming{D}\nback! After\nsaving more{D}\nmoney,I\nwill ask{D}\n<04>Sania<00> to\nlive here.	자,계속 찾아와 줘\n돈을 더 모아서{D}\n<04>사니아<00>를 여기로 불러\n함께 살 거야
MSG:6:54	0307BB	MSG:0:54	93bc832c0404cad5c004009e02418217991f950a19991596922c1988140287ab0a026e027c1b8217999500	<04>Sania<00> is\nfinally here!\nKeep fusing{D}\nhere from\nnow on!	드디어 <04>사니아<00>가 와 줬어\n앞으로도 이 가게에서\n합성해 줘
MSG:6:55	0307E6	MSG:0:55	89a4918e1b820a0404cad5c004008311118e1c00	Hello!{D}\nI am\n<04>Sania<00>.	처음 뵙겠습니다\n<04>사니아<00>라고 해요
MSG:6:56	0307FA	MSG:0:56	1181920404e6ccc704009e0a141d9b8584bc828e1c00	<04>Rask<00> is\nalways{D}\nhelping\nme.	늘 <04>라스크<00>가\n신세 지고 있어요
MSG:6:57	030810	MSG:0:57	9b1f1b929e9dad978e1c15960a10841f922c9e9dadbc8217a81a118700	I am doing\nmy best,so{D}\nyou do the\nsame!	저도 열심히 할 테니\n당신도 힘내세요
MSG:6:58	03082D	MSG:0:58	ac121c983f0a328188026e027c15113f0a1e9983922c338115113f0c00	So,want\nto fuse 2?\nOr 3?¶	어떻게 할래?\n2개 합성?\n아니면 3개?¶
MSG:6:59	03084A	MSG:0:59	3281880a3381880a939182141700	2\n3\nQuit	2개\n3개\n그만둔다
MSG:6:60	030858	MSG:0:60	14933f0a1e88c53bfc89849da83f0a80bfbc83015c1d8217999500	Oh? What\nis that\ncard?{D}\nCould I\nsee?	어라?\n그 카드는 뭐야?\n잠깐 보여 줘
MSG:6:61	030873	MSG:0:61	192c1999892100	What?	이,이건!
MSG:6:62	03087A	MSG:0:62	10210ff2e1ed0a8e1f93bc1f9500	Sorry!\nI did{D}\nit\nagain!	앗!미안\n또 저질렀어
MSG:6:63	030888	MSG:0:63	19999c10a19815960a03401b8217999500	Please\nforgive{D}\nme.\nHere.	이걸 줄 테니까\n용서해 줘
MSG:6:64	030899	MSG:0:64	81110154bc1f9da818ac0a1faf9d015313988301af1200	This was\nmade.{D}\nYou can\nuse it.	그냥 만들어 본 건데\n아마 쓸 만할 거야
MSG:6:65	0308B0	MSG:0:65	1faf9dc0c1d2e09c31810a01fa035788ac19158c010d9dab1799980d0a02a60202ab892c018f8802528c0a036dbc8217989500	This item\ncan return{D}\nan item to\nyour home.	아마 아이템을 1개\n지상 어딘가로 옮겨 줄 거야{D}\n예정대로라면 너희 집으로\n돌아올 거야
MSG:6:66	0308E3	MSG:0:66	ac121b1f3f0a8e1fd2e97f5f27c7cc9e119888153f00	What is\nit? Another{D}\nTeleport Box?	무슨 일이야?\n또 텔레포 박스가 필요해?
MSG:6:67	0308F9	MSG:0:67	89112c1999ab111100	Yes,\nhello.	자,이거면 됐어
MSG:6:68	030902	MSG:0:68	01b7892c025902549c0a7beb3bc0277d1b1f9da800	I powered\nthe{D}\nmachine.	실은,기계를\n파워업했어
MSG:6:69	030917	MSG:0:69	026e027c1c988316852ccfd79301b79c0a11bc1bbf8501a4a69819839eab16989da800	When fusing\nyou can also{D}\nadd a seed or\nnut.	합성할 때 씨앗이나 열매를\n같이 섞을 수 있게 됐어
MSG:6:70	03093A	MSG:0:70	0404c2c1f504009e0adaedd39c17991f9da800	<04>Wiz<00> gave\na hint.	<04>위즈<00>가\n힌트를 줬거든
MSG:6:71	03094D	MSG:0:71	026e027c1c9883168511bc1bbf8502109998830ad1e193c7e6882c0211011d9c026e01f3ab16980acfd79e1098961b1100	When fusing\nthere is a\nseed to{D}\ncombine abilitiesof Talons and\nSaddles.	합성할 때 같이 넣으면\n발톱이나 안장의 능력을\n합칠 수 있는 씨앗이\n있다나 봐
MSG:6:72	03097E	MSG:0:72	92bc83920211011d8932811b150a026e027cab16841118ac8400	At most\nup to 2{D}\nabilities\ncan fuse.	다만 능력은 2개까지만\n합성할 수 있지만
MSG:6:73	030998	MSG:0:73	015c81181f888496849dab920a1f911b828f989da88400	If you\nfind it,{D}\ntry it\nwith many{D}\nthings.	찾으면 뭐든지\n시험해 보라고
MSG:6:74	0309AF	MSG:0:74	01b78992121ca00252035c9e0a0280131e12848800	Seems my\nfamily{D}\nwill\ngrow soon.	실은 곧 가족이\n늘 것 같아요
MSG:6:75	0309C4	MSG:0:75	1bad9617af97870a01ae0341bc821ca08501f616178498889500	The children\nwill soon be{D}\nall grown\nup.	오랜만이에요\n아이들은 금방 자라네요
MSG:6:76	0309DE	MSG:0:76	0404c5c6c00400210d0a19bc808c0241820aa210111a811b841a1100	<04>Kakia<00>!{D}\nCome\nintroduce{D}\nyourself!	<04>카키아<00>!{D}\n이리 와서\n인사드리렴
MSG:6:77	0309FA	MSG:0:77	192c199d85808900	H...{D}\nhello.	아,안녕하세요
MSG:6:78	030A02	MSG:0:78	b0ba3c00	...	메롱~
MSG:6:79	030A06	MSG:0:79	1996210a0404c5c6c004008e80841a112100	Hey!{D}\n<04>Kakia<00>,\nwait!	요 녀석!\n<04>카키아<00>,거기 서!
MSG:6:80	030A18	MSG:0:80	923c210aa8998503511f88151b9600	Hmph!\nHe takes\nafter...	정말~!\n누굴 닮았담
MSG:6:81	030A27	MSG:0:81	c4e9153d3d00	Me...	나인가…
MSG:6:82	030A2D	MSG:0:82	01ae033282bc821f118c9d950aab921f881b119b00	It is\nhard,but{D}\nfun to\nraise{D}\nkids.	아이 키우기는 힘들어요\n그래도 즐거워요
MSG:6:83	030A42	MSG:0:83	8f9d84027715bc1f18ac0af8edf45ded89030fbc1f8400	Everyone\nis safe.{D}\nThe\ndungeon{D}\nstayed.	모두 무사했지만\n던전은 남았네
MSG:6:84	030A59	MSG:0:84	f8edf45ded9e109815960a1402879e01ed189699989da800	My store\nstays open{D}\nusing the\ndungeon.	던전이 있으니까\n가게를 계속할 수 있어
MSG:6:85	030A71	MSG:0:85	8f9d84023901b1ab0a9515bc1f9b00	Glad\nevery{D}\none\nis OK.	모두 무사해서\n다행이에요
MSG:6:86	030A80	MSG:0:86	f8edf45ded9e841784968417820a9515bc1f88152c9b9815bc1f88150d0a9b1f1b85892c9b159684119b00	I am not\nsure if it{D}\nis good or\nbad that the{D}\ndungeon\nstayed.	던전이 사라지지 않은 게\n잘된 건지,잘못된 건지{D}\n저는 모르겠어요
MSG:6:87	030AAB	MSG:0:87	f8edf45dedbc8284853f00	What is{D}\na dungeon?{D}\nIs it	던전이 뭐야?
MSG:6:88	030AB6	MSG:0:88	14921b9a11883f0c00	...cool?¶	재밌어?¶
MSG:6:89	030ABF	MSG:0:89	a4bd105fc7920a8911bc828f9500	I will\ntry to{D}\ngo in\ntoo!	그럼 나도\n들어가 볼래
MSG:6:90	030ACD	MSG:0:90	849da80a818e9d84118800	Oh!{D}\nIs it\nboring?	뭐야\n시시해
MSG:6:91	030AD8	MSG:0:91	3d3d3d3d00	...	……
MSG:6:92	030ADD	MSG:0:92	f8e1a8950a14015f92bc828416bd00	How{D}\nbad! I\nneed{D}\nmoney!	안 돼\n돈이 없으면
MSG:6:93	030AEC	MSG:0:93	5fc7892c027f02670176880a0404c2c1f50400bc821112881a00	I am <04>Wiz<00>!{D}\nI run the\nstorage.	나는 창고지기\n<04>위즈<00>라고 해
MSG:6:94	030B06	MSG:0:94	c6df9e0f0f0f0f0f0f0a04040b0400a8873f00	Are you\n<04>{B}<00>?	혹시 네가\n<04>{B}<00>?
MSG:6:95	030B19	MSG:0:95	1abc16e23bf0e7880a0404c0d3e604009e161f9500	A moogle,<04>Atla<00>,{D}\ncame by.	아까 모그리\n<04>아트라<00>가 왔었어
MSG:6:96	030B2E	MSG:0:96	1e881280851f171a9d0ac0c1d2e09c01b3bc820a179815960d0a027f02679c018e188311820a1799bc820266bc821f9500	He said\nsince he\nwill be{D}\nbringing\nitems\nsoon,he{D}\nwanted\nto rent a\nstoreroom.	조만간 아이템을\n잔뜩 가지고\n올 테니까{D}\n창고를 비워 달라고\n하더라고
MSG:6:97	030B5F	MSG:0:97	921b151b820af8edf45dedab920a015c81181f8815843f00	Maybe\nit is\nitems{D}\nfound in\ndungeons?	혹시\n던전이라도\n찾은 걸까?
MSG:6:98	030B77	MSG:0:98	14015f9e1f8ebc1f960a8e1f1411ab9500	You need\nmoney!	돈이 모이면\n또 와
MSG:6:99	030B88	MSG:0:99	1e121e122c5fc7890a027f0267017684881a0d0aac12a8112c027f02679c0a1597828f841115113f00	Right. I\nmanage{D}\nthe store-house.{D}\nNeed some\nstorage?	그래그래,나는\n창고지기야{D}\n어때,창고를\n빌려 보지 않을래?
MSG:6:100	030BB1	MSG:0:100	318188027f0267852c3130c90ac0c1d2e09e021098881a00	One\nstoreroom{D}\nholds 10\nitems.	창고 1개에 아이템이\n10개 들어가
MSG:6:101	030BC9	MSG:0:101	ac12a8112c027f026731810a0700efe81a0a15979815113f0c00	Rent one?\n{7:00}	어때,창고 1개\n{7:00}길이야\n빌릴래?¶
MSG:6:102	030BE3	MSG:0:102	021e02408584bc1f960a168217991f9611111a00	I will\nbe here{D}\nif you\nneed me.	필요해지면\n오면 돼
MSG:6:103	030BF7	MSG:0:103	8e11ac10973c00	Thanks!	매번 고마워~
MSG:6:104	030BFE	MSG:0:104	02f918980a02729701c41c0a93919800	Give\nTake\nEnd	맡긴다\n꺼낸다\n그만둔다
MSG:6:105	030C0E	MSG:0:105	0fc2c1f588027f02670f0c00	Storage¶	 위즈의 창고 ¶
MSG:6:106	030C1A	MSG:0:106	9212dbc7ea9e11bcb211a89500	Your bag is\nalready full.	이제 주머니가 가득 찼어
MSG:6:107	030C27	MSG:0:107	108e9790971b8411ab0a94bc17979399ad11111a00	Working\ntoo hard{D}\nis bad.\nRelax\nsome!	너무 무리하지 말고\n천천히 하면 돼
MSG:6:108	030C3C	MSG:0:108	fce8018f9e198801ef8802b51b1101c00149850a84bc1f881a00	<04>Chip<00> is new\nto living in{D}\nthe village.	도르가 이 마을의\n새 주민이 됐어
MSG:6:109	030C56	MSG:0:109	159b111101c001499e8b13820a12991b11159f971a00	Glad to\nsee more{D}\ncute new\nresidents!	귀여운 주민이 늘어서\n기쁘기 그지없어
MSG:6:110	030C6C	MSG:0:110	1e99851b82920404c5dfe67b7b0400890aa811a4bf12af848815b700	I really\nhope that{D}\n<04>Camillas Dad<00>\nis OK.	그나저나 <04>카미라 아빠<00>는\n괜찮은 걸까
MSG:6:111	030C88	MSG:0:111	0404c5dfe67b7b04009e0a027715bc1f8301afbc1f88850d0a199dac892c0404c0d3e604001500	Just after\n<04>Camillas{D}\nDad<00> was\nsaved,now{D}\n<04>Atla<00>...	<04>카미라 아빠<00>가\n살았다 싶었더니{D}\n이번엔 <04>아트라<00>인가
MSG:6:112	030CAF	MSG:0:112	102c1e9989029101d013a8870a029101d013932c140336881983890a0404c5dfe604009e179b1b11881a00	Ah,your\nPlant.\n<04>Camilla<00>{D}\nknows\nabout\nplant pots{D}\nand flowers.	아,그건 화분이구나\n화분이나 꽃에 대해선\n<04>카미라<00>가 잘 알아
MSG:6:113	030CDA	MSG:0:113	0404dfe804001a9d892c0404fce80400018f830a11bc1bbf8517961c9da8bc821a00	<04>Mill<00> is\nliving with{D}\n<04>Chip<00>!	<04>미르<00> 씨는 <04>도르<00> 군과\n함께 산대
MSG:6:114	030CFC	MSG:0:114	0404fce80400018f922c12991b1e12a89500	<04>Chip<00> seems{D}\nhappy!	<04>도르<00> 군도 기뻐 보여
MSG:6:115	030D0E	MSG:0:115	0404fce80400018f832c0404dfe804001a9d850a01ae03419e01de8e991f881a0d0a1e9992360297921a00	<04>Mill<00> and\n<04>Chip<00> had{D}\nbabies!{D}\n6 of\nthem!	<04>도르<00> 군과 <04>미르<00> 씨에게\n아이가 태어났어{D}\n그것도 6마리나
MSG:6:116	030D39	MSG:0:116	1e99851b82920404c0d3e60400890aa811a4bf12af848815b700	I hope\n<04>Atla<00>{D}\nis all\nright.	그나저나 <04>아트라<00>는\n괜찮은 걸까
MSG:6:117	030D53	MSG:0:117	123c9d0a8e1ff8edf45ded9eab1f9500	Now,\nanother{D}\ndungeon is\nmade.	으음~\n또 던전이 나타났어
MSG:6:118	030D63	MSG:0:118	ac129396027297034a8e991f88890a029088c5c5cb961b11881a00	This time\na farm{D}\nscarecrow\nwas taken.	아무래도 사로잡힌 건\n밭의 허수아비인가 봐
MSG:6:119	030D7E	MSG:0:119	318188027b15969b16ab1f0a02fa036aa4bd8411159200	Not just\nthe{D}\ndesire of\none heart.	마음 하나에서 솟아난\n욕망이 아닐지도 몰라
MSG:6:120	030D95	MSG:0:120	1f171a9d8801c91a8402fa036a9e0a02758ebc82989512840ac1e13bf484881a00	Rather\nit seems\nmany{D}\nsmall\ndesires\ntogether.	수많은 작은 욕망이\n모여 있는 듯한\n느낌이야
MSG:6:121	030DB6	MSG:0:121	849d8384179b15bc1f881a0d0a1088f8edf45ded890ac5c5cb9c02e91b8202889bbc1f0d0a01ef888f9d8488027b84881a00	Somehow I\nsee. The{D}\nscarecrow\nis a vessel{D}\nfor the\ndungeon to{D}\ntransmit\nour desires.	어쩐지 알 것 같아{D}\n저 던전은\n허수아비를 통해 전해진{D}\n마을 모두의 마음이야
MSG:6:122	030DE8	MSG:0:122	1e122cf8edf45ded9e0a10bc1f8d129e01ef9e0a01f6161784981b0d0a02e40165920280139815968700	While\na dungeon\nexists,{D}\nthe\ntown grows{D}\nand more\nfriends\narrive.	그래,던전이\n있는 편이 마을이\n커지고{D}\n동료도 늘어나니까
MSG:6:123	030E12	MSG:0:123	123c9d0a849da8152c02d3014802d8850aa88e1a998211989512843d3d00	It seems\nthe Tyrian\nCrystal is{D}\ndeceiving\nthem.	으음~\n어쩐지 자수정에\n속고 있는 것 같은데…
MSG:6:124	030E30	MSG:0:124	1196bc1bbd1100	Hello.	어서 오세요
MSG:6:125	030E37	MSG:0:125	10962c111102a1aa93880ad05dc95fa8198300	Oh,a\nchocobo!{D}\nWhat fine\nfeathers!	어머,깃털이 참 고운\n초코보네요
MSG:6:126	030E4A	MSG:0:126	dede210a7b7b2cac1985920a1184119b9500	Mom!\nDad is\nmissing!	엄마!\n아빠가 어디에도\n없어
MSG:6:127	030E5C	MSG:0:127	10963c0aac198c11bc1f880a151b963f00	Oh,wherecould\nhe be?	어머~\n어디 가셨을까?
MSG:6:128	030E6D	MSG:0:128	029085920a118415bc1f8800	He was\nnot in{D}\nthe\nfield!	밭에도\n없었어
MSG:6:129	030E79	MSG:0:129	10962c1e121113ad0a10841f7b7b9c015c8e0a1d9dab1b1f3f00	How aboutyou?{D}\nHave you\nseen him?	어머,그러고 보니\n혹시 아이 아빠를\n못 보셨나요?
MSG:6:130	030E93	MSG:0:130	dffce7880217ebe60a023301ae9c15afbc1f0ad05dc95f8488ab1c9e00	He is a\nchocobo\nwearing{D}\na green\nstraw\nhat.	초록색 밀짚\n모자를 쓴\n초코보인데요
MSG:6:131	030EB0	MSG:0:131	13210aac19ab015c1f883f00	Oh!\nWhere?	어!\n어디서 봤어?
MSG:6:132	030EBC	MSG:0:132	10963f0a01c20176ab1c153f0c00	Oh,the\ninn?¶	어머?\n여관이요?¶
MSG:6:133	030ECA	MSG:0:133	13210a01c2017684883f00	Oh!Theinn?	어!\n여관이라고?
MSG:6:134	030ED5	MSG:0:134	dede2c8485150a8c9da89b00	Some-\nthing{D}\nis\nfishy,{D}\nMom.	엄마,뭔가\n이상해
MSG:6:135	030EE1	MSG:0:135	8ea801539b99821184110a01c201768488853d3d00	The inn isnot in{D}\nbusiness\nyet.	아직 영업도 안 하는\n여관인데…
MSG:6:136	030EF6	MSG:0:136	1e1287ba2c0404c5dfe604000a80bfbc8302a891983f00	Can I\nask a{D}\nfavor,\n<04>Camilla<00>?	그래,<04>카미라<00>\n부탁 좀 해도 될까?
MSG:6:137	030F0D	MSG:0:137	0404db2627c704001a9d850a1402ac1b821411820a1799983f00	Can you\ntalk to\n<04>Fawkes<00>?	<04>포크<00> 씨께\n이야기 좀\n전해 줄래?
MSG:6:138	030F27	MSG:0:138	9b15bc1f9b210a019ebc8217989b8700	Got it!\n{D}I will\nbe back!	알았어!\n다녀올게
MSG:6:139	030F37	MSG:0:139	10960aa2919d841a11870d0a1dbc15170241820a111fa8111f888500	Oh,\nsorry.{D}\nAfter\nyou{D}\ncame all\nthis way.	어머\n미안해요{D}\n모처럼 와\n주셨는데
MSG:6:140	030F53	MSG:0:140	7b7bbc1f960aac121b1f88151b9600	My,where\nis my{D}\nhusband?	아이 아빠도 참\n어떻게 된 걸까
MSG:6:141	030F62	MSG:0:141	10960aa2919d841a11870d0a14028788012302ad0a1b8284118800	Oh,sorry.Nothing{D}\nis for\nsale.	어머\n미안해요{D}\n가게 준비를\n못 했어요
MSG:6:142	030F7D	MSG:0:142	7b7b9e118411830a02159892889e84118800	Papa is\ngone and{D}\nwe have\nnothing{D}\nto sell\neither.	남편이 없으면\n팔 물건이 없어요
MSG:6:143	030F8F	MSG:0:143	10962c10841f0a84859c92bc8298883f00	Oh,what\nis this?	어머,당신\n뭘 가지고 있어요?
MSG:6:144	030FA0	MSG:0:144	10962c199911119b9500	How nice.	어머,이거 좋네요
MSG:6:145	030FAA	MSG:0:145	ac19159601b3bc82161f88150a014096841118ac0a9b1f1b850215bc8217998e1d9d3f00	Not sure\nwhere\nyou bought{D}\nit from,but\nwill you{D}\nsell it?	어디서 가져왔는지\n모르겠지만\n저한테 팔지 않을래요?
MSG:6:146	030FCE	MSG:0:146	7b7b9e11841115960a02159702299e8417820a198ebc821f8800	We have\nno wares\nwith my{D}\nhusband\ngone.	남편이 없어서\n팔 물건이 없어\n곤란했거든요
MSG:6:147	030FE8	MSG:0:147	92bc832c119a119a8492889c0a01b3bc82168201781a118700	Please\nbring even{D}\nmore items\nfor us.	앞으로도 여러 가지\n가져와 주세요
MSG:6:148	031001	MSG:0:148	7b7b89ac198c0a11bc1f88151b963f00	Oh,where\ncould he{D}\nhave\ngone?	아이 아빠는 어디\n간 걸까?
MSG:6:149	031011	MSG:0:149	8ebc1f177b7bbc1f960aac198c11bc1f88151b960d0a92122c14028785a81c92889e0a841784bc1f888500	Geez,Dad.{D}\nWhere in\nthe world{D}\ndid you\ngo to?{D}\nWe have no\ninventory...	정말 이이도 참\n어디 간 걸까{D}\n이제 가게에 낼 물건도\n다 떨어졌는데
MSG:6:150	03103C	MSG:0:150	10841f9e2c119a119a8492889c0a92bc82168217999815960a14028792128e1711bc8211989b00	Because you\nhave brought\nmany things{D}\nback,the\nshop is\ndoing well.	당신이 이것저것\n가져다준 덕분에\n가게도 잘되고 있어요
MSG:6:151	031063	MSG:0:151	0404db2627c704001a9d15960a0324168e1b1f00	<04>Fawkes<00>\ntold me.	<04>포크<00> 씨한테\n들었어요
MSG:6:152	031077	MSG:0:152	10841f9e01b3bc8217980ac0c1d2e0890d0af8edf45ded159601b3bc820a025abc82161f9288ab0d0a1e88f8edf45ded9c0154bc1f889e0a7b7ba8bc8200	The items you\nbrought were{D}\nfrom the\ndungeon my{D}\nhusband built.	당신이 가져오는\n아이템은{D}\n던전에서 가지고\n돌아온 거고{D}\n그 던전을 만든 게\n남편이라고요
MSG:6:153	0310B5	MSG:0:153	14033a11ab1c0a9b1f1b1f80887b7b9c0d0a7b7b9c0277188201781a1100	Please,my\nhusband!{D}\n...Please\nsave him!	부탁이에요\n우리 남편을{D}\n남편을 구해 주세요
MSG:6:154	0310D3	MSG:0:154	3d3d3d3d0a7b7b9c0277188210a1822100	...Save my\nPapa!	……\n아빠를 구해 줘!
MSG:6:155	0310E4	MSG:0:155	109d84851483841b17820a14a89315847b7b9e3d3d00	My calm,\nmature{D}\npapa...	그렇게 얌전하고\n온화한 아빠가…
MSG:6:156	0310FA	MSG:0:156	034f892c1403368819831b159b1596841118ac0a848515036e851f829819839e1099ad3d3d00	I really only\nknow about{D}\nflowers. If you\nthink I can{D}\nhelp...	난 꽃밖에 모르지만\n뭔가 도울 일이 있다면…
MSG:6:157	031120	MSG:0:157	14033a119500	...	부탁해
MSG:6:158	031126	MSG:0:158	10979e8312870a10841f881415a19500	It is all\nthanks to{D}\nyou!	고마워요\n당신 덕분이에요
MSG:6:159	031136	MSG:0:159	93bc837b7b92017d01321b82161f9b00	My husband{D}\nis healing.	드디어 남편도 회복됐어요
MSG:6:160	031146	MSG:0:160	10960a7b7b849602908c01c415181f9b9500	He left\nfor the{D}\nfields.	어머\n남편이라면 밭에 나갔어요
MSG:6:161	031158	MSG:0:161	0404c0d3e6040080bd9d0aac1284bc80bd1288151b963d3d00	But what\nhappened to{D}\n<04>Atla<00>?	<04>아트라<00>는\n어떻게 되는 걸까…
MSG:6:162	031171	MSG:0:162	7b7b9c3d3d3d0a10979e831200	Thank\nyou...\nfor my\ndad...	아빠를…\n고마워
MSG:6:163	03117E	MSG:0:163	9b1f1b85928485150a1401ba0288111a1d8200	Please,\nlet me{D}\nhelp\nsomehow.	나도 뭔가\n돕게 해 줘
MSG:6:164	031191	MSG:0:164	159bbc1f02918700	Odd{D}\nPlant!	특이한 화분이네
MSG:6:165	031199	MSG:0:165	f8edf45ded8801fbab0a015c81181f88ab1bbf3f00	Did you\nfind it{D}\nin the\ndungeon?	던전 안에서\n찾은 거지?
MSG:6:166	0311AE	MSG:0:166	cfd7152c01b79c92bc8284113f0a1e9985023e13980127922c92bc8284113f00	Do you have\nSeeds,Nuts{D}\nor Tonics to\nuse on it?	씨앗이나 열매 없어?\n거기 줄 약도 없어?
MSG:6:167	0311CE	MSG:0:167	cfd7832c0127ab0a033282828f8e1bbf129500	Try\nusing a{D}\nSeed and\nTonic.	씨앗이랑 약으로\n키워 보자
MSG:6:168	0311E1	MSG:0:168	0291892c036302081f97880a111183199a8c02e311828300	Place the\nPlant in{D}\nthe\nsunlight.	화분은 햇볕이\n잘 드는 곳에 두고…
MSG:6:169	0311F9	MSG:0:169	84859c01d01398150190911f960a029101d0138c02109982870d0a019988919dac12899b1f1b9e0a015c82141715968700	Once you\nhave{D}\nchosen what\nto grow{D}\ninsert\nyour Plant.{D}\nLeave the\nrest to me.	뭘 심을지 정하면\n화분에 넣어 줘{D}\n그다음 돌보는 건 내가\n맡을게
MSG:6:170	03122A	MSG:0:170	8ea82c033789ab8284119b00	Not yet!	아직 싹이 안 났어
MSG:6:171	031236	MSG:0:171	03379e01c41f9b8700	It grew!	싹이 났네
MSG:6:172	03123F	MSG:0:172	1699118403368700	Pretty!	예쁜 꽃이네
MSG:6:173	031247	MSG:0:173	1999bc822cac9d8401b78488151b960a92122c01b3bc82019e17883f0c00	Take this\nnut?¶	이건 어떤 열매일까\n벌써 가져갈 거야?¶
MSG:6:174	031265	MSG:0:174	03541b82989b950a01b3bc82019e17883f0c00	Ripe!\nTake?¶	잘 익었어\n가져갈 거야?¶
MSG:6:175	031278	MSG:0:175	92122c027297850241841115960a171abc80bdbc1f9b9500	Darn. It\nrotted.	가지러 안 와서\n썩어 버렸어
MSG:6:176	031290	MSG:0:176	a2919d870a921202e31701cd01c59e84118800	Sorry\nthere is{D}\nno room.	미안\n더 둘 곳이 없어
MSG:6:177	0312A3	MSG:0:177	0f0f0f029101d0130f0f0f0c00	Plant¶	   화분    ¶
MSG:6:178	0312B0	MSG:0:178	ac999c01d01398883f0c00	Seed?¶	뭘 심을래?¶
MSG:6:179	0312BB	MSG:0:179	ac8801279c023e1398883f0c00	Tonic?¶	어떤 약을 줄래?¶
MSG:6:180	0312C8	MSG:0:180	1999ab0332829888873f0c00	Grow here?¶	이걸로 키우는 거지?¶
MSG:6:181	0312D4	MSG:0:181	9b15bc1f9b0a01f601b185033282989b8700	I see.\nI will{D}\ncare\nfor it.	알았어\n소중히 키울게
MSG:6:182	0312E6	MSG:0:182	dbc7ea9e11bcb211870a02f91882161f963f00	The bag\nis full.{D}\nStore\nitems?	주머니가 가득 찼네\n맡기고 오는 게 어때?
MSG:6:183	0312F9	MSG:0:183	10979e831200	...	고마워
MSG:6:184	0312FF	MSG:0:184	8ea82c01b5022a888415ab0a84859e1419bc1f88153d3d00	Still... I\nwonder{D}\nwhat came\nover me...	아직도 내 안에서\n무슨 일이 있었는지…
MSG:6:185	031317	MSG:0:185	c6c8ed84012885109b1d821b8ebc820a1c8e8415bc1f00	Sorry for\ncausing so{D}\nmuch danger.	위험한 일을 겪게 해서\n미안하네
MSG:6:186	03132E	MSG:0:186	018f02828502bd9c025f131f01990a02d3024988014802d89c8d97a81b1f9da800	I found a\npurple{D}\ncrystal after\nguiding you.	자네들에게 길을 알려 준 뒤\n보라색 수정을 캐냈다네
MSG:6:187	03134F	MSG:0:187	01b5022a8801fb852c01b5022aab84110179159e0a01b5022a8801fbab01f6161784bc8211bc1f00	Inside...\nSomething{D}\nthat was not\nme grew{D}\nbigger.	내 안에서,내가 아닌 무언가가\n점점 커져 갔지
MSG:6:188	031377	MSG:0:188	1e19159602dd892cc6df9e024d021b0a0140bc821198a89a1200	After that\nyou know{D}\nwhat\nhappened.	그다음은 자네가 제일\n잘 알겠지
MSG:6:189	031391	MSG:0:189	01b5022a88027b888415852c10889512840a027b9e10bc1f8389843d3d3d00	Something\nlike that was{D}\ndeep in my\nheart...	내 마음속에 그런\n마음이 있었다니…
MSG:6:190	0313B0	MSG:0:190	ac9d84027b85922c02b98303719e10980a1b151b2c03719e02b985849819839e0a10bc82898496841100	The heart\nhas light\nand dark.{D}\nThe most\nimportant\nthing is to{D}\nlighten\ndarkness.	어떤 마음에도 겉과 속이 있지\n하지만 속이 겉이 되는 일은\n있어서는 안 되네
MSG:6:191	0313DA	MSG:0:191	1b151b2c1088014802d889027b880a02b98303719c02109915139800	The\ncrystal made{D}\nlight\nbecome{D}\ndarkness.	하지만 그 수정은 마음의\n겉과 속을 뒤바꾼다네
MSG:6:192	0313F6	MSG:0:192	9517027715bc1f9288a80a1e1b822c1c8e841100	You did\nwell to{D}\nhelp. I\nam\nsorry.	용케 살아났군\n그리고,미안하네
MSG:6:193	03140A	MSG:0:193	018f8802a202829e2c027297034a8e99821b8ebc1f00	Now your\nfriend was{D}\npossessed.	자네 친구가 사로잡히고 말았네
MSG:6:194	031420	MSG:0:194	01f39e020a1795128584bc1f960a108802909c92bc8301fdb0828f98950d0a0179159b159815921b99841115968400	When I can\nmove,I will\nsearch the{D}\nfield more!\nMaybe I will\nfind something.	몸이 움직이게 되면\n그 밭을 더 조사해 보겠네{D}\n뭔가 알아낼지도 모르니
MSG:6:195	03144F	MSG:0:195	0404c0d3e6040080bd9d920a04047b7b040092023901b1a8bc1f9b8700	So <04>Atla<00>\nand my{D}\nhusband\nare OK...	<04>아트라<00>도\n<04>남편<00>도 무사했네요
MSG:6:196	03146C	MSG:0:196	ab922cf8edf45ded898ea80a10989b8700	But the\ndungeon{D}\nstill\nexists.	그래도 던전은 아직\n있네요
MSG:6:197	03147D	MSG:0:197	01a802c9892cf8edf45ded9e1098889e0a101f978e138501af1382161f9b00	Lately\ndungeons{D}\nexisting\nseems to be{D}\nthe norm.	요즘은 던전이 있는 게\n당연하게 느껴져요
MSG:6:198	03149C	MSG:0:198	1088f8edf45dedbc82ac121b820a101e1985109888151b96873f00	I wonder\nwhy that{D}\ndungeon is\nover there?	저 던전은 왜\n저기 있는 걸까요?
MSG:6:199	0314B7	MSG:0:199	0404c0d3e6040080bd9d920a023901b1ab9515bc1f9b8700	I am\nglad <04>Atla<00>{D}\nis OK\ntoo.	<04>아트라<00>도\n무사해서 다행이에요
MSG:6:200	0314CF	MSG:0:200	0249016d84033693cfd79e0a03328296998214921b9a119b00	Growing\nflowers and{D}\nseeds is\nso neat.	여러 꽃이랑 씨앗을\n키울 수 있어서 재밌어
MSG:6:201	0314E8	MSG:0:201	a8999211841784bc82841188850af8edf45ded9e109888bc820a022101af025c958700	Nobody is gonebut the\ndungeon is{D}\nstill there.\nMysterious.	아무도 사라지지 않았는데\n던전이 있다니\n신기해
MSG:6:202	03150B	MSG:0:202	95120a8415841511110252a89500	Man,nice\nhouse.	여어\n꽤 좋은 집이야
MSG:6:203	031519	MSG:0:203	a899922c01c201768801fb850af8edf45ded9e1098889c0a01409684119512a89500	We should\nensure\nnobody{D}\nelse finds\nthe inn\ndungeon!	아무도 여관 안에\n던전이 있다는 걸\n모르는 것 같아
MSG:6:204	03153B	MSG:0:204	849da8159b1596841118ac0a1111159da4a89500	No clue why.{D}I have a\ngood{D}\nfeeling.	뭔지 모르겠지만\n느낌이 좋아
MSG:6:205	03154F	MSG:0:205	a83c0a0283920140968411bc82198389840d0a14023089c4e91f8088e2d8bc820a1983a89500	The reason\nnobody has{D}\nheard of\nthe treasure{D}\nis because\nit is{D}\nwaiting for\nme to{D}\nclaim it!	에휴~\n아무도 모른다는 건{D}\n보물은 우리 차지라는\n거라고
MSG:6:206	031575	MSG:0:206	8d9d83853c0a9b15bc829d88153f00	Yeeep.{D}\nGet the\npicture?	정말~\n알아듣고 있는 거야?
MSG:6:207	031584	MSG:0:207	8ebc2c11111500	Bah.	뭐,됐어
MSG:6:208	03158B	MSG:0:208	19bc808504040b0400880a022501769c012302ad1b8214111f9500	Whatever.\nI had a{D}\nhome set\nup for you,{D}\n<04>{B}<00>!	여기에 <04>{B}<00>의\n방을 마련해 뒀어
MSG:6:209	0315A6	MSG:0:209	f8edf45ded1596025abc82161f960a1919ab2c025d908311119500	You can use\nit to rest{D}\nafter a\ndungeon.	던전에서 돌아오면\n여기서 쉬면 돼
MSG:6:210	0315C1	MSG:0:210	83971013a50a025d9dab14111f96ac12a800	Speaking\nof,need{D}\na break?	일단\n쉬어 두는 게 어때
MSG:6:211	0315D3	MSG:0:211	a4bd1001c201768801e2ab0a8ebc829815968400	I will\nwait{D}\noutside.	그럼 여관 앞에서\n기다릴게
MSG:6:212	0315E7	MSG:0:212	1e121e122c02e3118214161f110ac0c1d2e0898411153f00	Right.{D}\nNeed me to\nhold items?	맞다,맡겨 두고 싶은\n아이템은 없어?
MSG:6:213	0315FF	MSG:0:213	1988cfedcc8801fb850ac4e99e02f915bc8214179500	I can keep\nitems in{D}\nthis\ndresser.	이 옷장 안에\n내가 맡아 둘게
MSG:6:214	031615	MSG:0:214	ab922ccfedcc85890a3130c91b1502109684119500	But only\n10 items{D}\ncan fit\nin here.	하지만 옷장에는\n10개밖에 안 들어가
MSG:6:215	03162A	MSG:0:215	1f171a9d02e3118214178884960a027f026701768c02ac9c1b8214111f15960a1ebc808c02f918988311119500	If you have\nlots of\nitems,head{D}\nover to the\nstorehouse\nto store them.	많이 맡기려면\n창고지기한테 말해 뒀으니까\n거기 맡기면 돼
MSG:6:216	031657	MSG:0:216	8485152c02f915bc82141912153f0a1e9983922c01b3bc82019e178815113f00	Wanna deposit\nsomething?{D}\nOr perhaps\nwithdraw?	뭔가 맡아 둘까?\n아니면 가져갈 거야?
MSG:6:217	031677	MSG:0:217	02f9188214170a01b3bc82019e170a939182141700	Store\nTake\nQuit	맡긴다\n가져간다\n그만둔다
MSG:6:218	03168C	MSG:0:218	0fc0d3e688cfedcc0f0c00	Dresser¶	 아트라의 옷장 ¶
MSG:6:219	031697	MSG:0:219	cfedcc8801fb8911bcb211ab1c00	The dresser{D}\nis full.	옷장 안이 가득 찼습니다
MSG:6:220	0316A5	MSG:0:220	dbc7ea8801fb8911bcb211ab1c00	The bag{D}\nis full.	주머니 안이 가득 찼습니다
MSG:6:221	0316B3	MSG:0:221	14210a1415139700	Hey!	오!\n어서 와
MSG:6:222	0316BB	MSG:0:222	ac12a8110a84851510bc1f153f00	So then,\nanything{D}\nhappen?	어때\n뭔가 있었어?
MSG:6:223	0316C9	MSG:0:223	8b9d8b9d00	Hm!	흠흠
MSG:6:224	0316CE	MSG:0:224	02db1101bb850a01471101461500	Is\nthat?	빨간 구슬에\n파란 돌이라
MSG:6:225	0316DC	MSG:0:225	841584150a951a1e12a88400	Magic-\nite?{D}\nSeems\nnice.	꽤\n좋아 보이는데
MSG:6:226	0316E8	MSG:0:226	93bc83e9c0c0c1d2e0830a0197b09892888501c402be130a1e12a8958400	You have\nfinally\ncome{D}\nacross a\nrare item\ntreasure!	드디어 레어 아이템이라고\n부를 만한 걸 만날\n것 같아
MSG:6:227	031706	MSG:0:227	8b3c903d3d3d0a01a802d78502bebc1f8316890a0404c5dfe67b7b0400ab0d0a81160243831a991f831685890a0404f45bd5cf3b0400849da800	We met\n<04>Camillas\nDad<00> first.{D}\nBut it\nwas <04>Janita<00>\nat the inn{D}\ninstead.	흐음…\n처음 만났을 때는\n<04>카미라 아빠<00>였고{D}\n떠밀렸을 때는\n<04>자니타<00>였단 말이지
MSG:6:228	031740	MSG:0:228	8ebc210f111115210ac0c1d2e0119a119a10981b00	What! How isthat? So{D}\nmany items!	뭐!됐어!\n아이템이 잔뜩 있으니까
MSG:6:229	031755	MSG:0:229	01f6026a16840404c0d3e60400890a0606063d060606063d060606063d060606063d060606063d0a11841100	He is\ngone...{D}\nMy dear\nfriend{D}\n<04>Atla<00>...	사랑하는 <04>아트라<00>는\n{6:06}{6:3D}{6:06}{6:06}·{6:06}{6:06}·{6:06}{6:06}·{6:06}{6:06}·\n이제 없다
MSG:6:230	031781	MSG:0:230	3d06063d06063d06063d06063d06060d0af2e1ed210f0f00	.{6:06}.{6:06}.{6:06}.{6:06}.{D}\n	·{6:06}·{6:06}·{6:06}·{6:06}·{6:06}{D}\n미안!
MSG:6:231	031799	MSG:0:231	108e9785014802d89e0a169911a8bc1f15960d0a849da89a128301afbc1f960a9b189b159d841784bc82168200	Sorry! The\ncrystal was{D}\nso pretty,\nI wondered{D}\nwhat it\nwas. No{D}\nclue why.	수정이 너무\n예뻐서{D}\n뭘까 하고 생각했더니\n머리가 이상해져 버렸어
MSG:6:232	0317C6	MSG:0:232	1a822c10938ebc1f1b0d0a01b789027297034a8e9982988316850a1ca211c1e13bf49c015c1f9da800	That was a\nmistake. I{D}\nsaw an\nincredible{D}\nimage as I\nwas{D}\npossessed.	자,사과는 했으니까{D}\n실은 사로잡혀 있을 때\n굉장한 걸 봤어
MSG:6:233	0317EF	MSG:0:233	1088014802d8880140014f8801fb850ac4e90282880140968411c0c1d2e00a9e11bcb21110bc1f9da800	The mind\nof the\ncrystal had{D}\nmany items\nI had not\nseen!	그 수정의 지식 속에\n우리가 모르는 아이템이\n잔뜩 있었어
MSG:6:234	031819	MSG:0:234	1088f8edf45ded8801fb850af627cfc18510989da800	Those are\ndefinitely{D}\nin that\ndungeon!	저 던전 안에\n틀림없이 있어
MSG:6:235	03182F	MSG:0:235	849da815014096841118ac0a01ef01fe9e1a9e1b821fa700	Not sure\nbut they{D}\nseek the\nmayor.	뭔지 모르겠지만\n촌장이 찾던데
MSG:6:236	031847	MSG:0:236	838497880404e6ccc70400a818ac0a5fea5fea88025902549c84141b82980a8f1f11a88400	Seems <04>Rask<00> to\nthe left is\nfixing up{D}\nan old\nmachine.	옆집 <04>라스크<00> 말인데\n낡아 빠진 기계를 고치는\n모양이야
MSG:6:237	03186C	MSG:0:237	c4c1e8ab928699ad0a111188858400	Oil wouldhelp.	기름이라도 바르면\n될 텐데
MSG:6:238	03187B	MSG:0:238	838497880404e6ccc70400a818ac0a8e1f022d88c53bfc9c01f81b8211980a8f1f11a800	<04>Rask<00> to the\nleft seeks\na different{D}\nCard.	옆집 <04>라스크<00> 말인데\n또 다른 카드를 찾는\n모양이야
MSG:6:239	03189F	MSG:0:239	849dab922cc0c1d2e09c0a01b5022a8802528c01e89819839e0aab1698961b1100	Seems\nlike no\nmatter{D}\nwhere,it\ncan send\nitems\nhome.	뭐든지 아이템을\n자기 집으로 보낼 수\n있대
MSG:6:240	0318C0	MSG:0:240	04040b04009e01b3bc820a025abc82161fc0c1d2e09c015c820a8f9d849e2c14ac9a1182989500	<04>{B}<00>,\neveryone is\nsurprised{D}\nto see the\nitems you\nbring back.	<04>{B}<00>,네가 가지고\n돌아온 아이템을 보고\n다들 놀라고 있어
MSG:6:241	0318E7	MSG:0:241	91a5961b1188832c5eede78488ab0a8f9d848801de018492022e9bbc82161e12a800	They are rare\nand useful,so{D}\nit changed\nthe way of life.	신기하고 편리하니까\n다들 생활도 바뀌겠어
MSG:6:242	031909	MSG:0:242	ac9dac9dc0c1d2e09c021599ad0ac4e9028288023a01e292021599821798a700	At this\nrate,we{D}\nneed to\nmarket our{D}\nnames,too.	아이템을 척척 팔면\n우리 이름도 알려질 거야
MSG:6:243	031929	MSG:0:243	ac9dac9dc0c1d2e09c021599ad0a01f6015f01b3801a00	If we keep\nselling,we{D}\nwill be rich!	아이템을 척척 팔면\n큰 부자야
MSG:6:244	031940	MSG:0:244	01a3020588f8edf45ded3d3d3d0a109989023901958501ed118211983d3d3d00	The next\ndungeon...{D}\nwill go on\nforever...	이번 던전은…\n끝없이 이어져 있어…
MSG:6:245	031960	MSG:0:245	03129b979e0239113d3d3d0a1e9d84d5c4c19e1c9800	It seems...\nendless.	끝이 없어…\n그런 냄새가 나
MSG:6:246	031976	MSG:0:246	1e99a4bd100a019ebc828f95121500	Well,whynot take{D}a look?	그럼\n가 볼까
MSG:6:247	031985	MSG:0:247	8c3c0a1997bd11119300	! This\nis all?	헤에~\n이거 좋은데
MSG:6:248	03198F	MSG:0:248	023602088501c201768801fb9e0af8edf45ded1e8892880a8584bc82989da800	The\ninside of\nthe inn{D}\nreally IS\na dungeon!	정말로 여관 안이\n던전 그 자체가\n돼 버렸어
MSG:6:249	0319AF	MSG:0:249	a4bd101f889da8950a04040b04002100	It is up\nto you,{D}\n<04>{B}<00>!	그럼 부탁해\n<04>{B}<00>!
MSG:6:250	0319BF	MSG:0:250	c4e9892c01ef8801fb9c017dbc820a0279029a9c02759183179500	I will\ngather{D}\ninfo around\nthe village.	난 마을을 돌면서\n정보를 모아 둘게
MSG:6:251	0319DA	MSG:0:251	ac121b1f3f0d0aa811a4bf12afa8bc82210a849d83158498bc822100	What? Are\nyou OK?{D}\nSomething\nhappen?	왜 그래?{D}\n괜찮다니까!\n어떻게든 될 거야!
MSG:6:252	0319F6	MSG:0:252	951b951b0a9e9dadbc8217999500	OK,then!{D}\nDo your\nbest!	좋아좋아\n힘내라고
MSG:6:253	031A04	MSG:0:253	14112ca811a4bf12af153f00	Hey,you\nall right?	이봐,괜찮아?
MSG:6:254	031A10	MSG:0:254	025b9c0271bc1f960a19198c02f0ad1a991fbc823f00	You fainted\nand ended{D}\nup here?	정신을 잃었더니\n여기로 날아왔다고?
MSG:6:255	031A26	MSG:0:255	ac1284bc829da83f00	What\nhappened?	어떻게 된 거야?
MSG:6:256	031A2F	MSG:0:256	3d3d3d3d8ebc1111150aa811a4bf12af1e12a81b8400	...Well.{D}\nAt least\nyou are OK.	……뭐,됐어\n괜찮아 보이니까
MSG:6:257	031A45	MSG:0:257	1e99ab11119288890a10bc1f88153f00	So,did\nyou{D}\nfind any-thing?	그래서 좋은 건\n있었어?
MSG:6:258	031A55	MSG:0:258	84210f849da8bc82213f0a01b38002299e841784bc8298a8bc822100	What!\nReally!? Your{D}\nitems are\ngone!	뭐!뭐라고!?\n소지품이 없어졌다고!
MSG:6:259	031A71	MSG:0:259	849d8219bc1f0aac1297ab2ca811a4bf12af849da800	What the\nhey? At least{D}\nyou are OK!	이런 세상에\n그래서 멀쩡했구나
MSG:6:260	031A87	MSG:0:260	04040b04002c819f890a849d83151b8201b5011dab0f0d0a025abc8217989da89500	<04>{B}<00>.{D}\nNext time,\ntry to{D}\nget back\non your\nown.	<04>{B}<00>,다음엔\n어떻게든 혼자 힘으로{D}\n돌아오라고
MSG:6:261	031AA9	MSG:0:261	1e12a4bd8411833d3d00	Counting{D}\non you!	안 그러면…
MSG:6:262	031AB3	MSG:0:262	1f889da89500	Bye!	부탁해
MSG:6:263	031AB9	MSG:0:263	199d85808900	Hello.	안녕하세요
MSG:6:264	031ABF	MSG:0:264	01b789cfedcc88121b9a850aa811a484e4feeb9e024380820a1b8ebc1f88ab1c00	I dropped myimportant\nring.	실은 옷장 뒤에\n소중한 반지를 떨어뜨리고\n말았어요
MSG:6:265	031AE0	MSG:0:265	8485152c1111c0c1d2e0890a84119288ab1bbf12153f00	Would you\nhappen to{D}\nhave any\ngood items?	뭔가 좋은 아이템은\n없을까요?
MSG:6:266	031AF7	MSG:0:266	1988c0c1d2e0ab890a0272991e128510978e1d9d8700	Seems this\nitem can{D}\nnot be\ntaken.	이 아이템으로는\n못 꺼낼 것 같네요
MSG:6:267	031B0D	MSG:0:267	102c1999892100	This!	아,이건!
MSG:6:268	031B14	MSG:0:268	10979e8312a2a3118e1c0a93bc8302729819839eab168e1b1f00	Thank you\nmuch. Now{D}\nit could be\ntaken.	고맙습니다\n드디어 꺼낼 수 있었어요
MSG:6:269	031B2E	MSG:0:269	1a1a9315ab1c9e0a1403729c121883bc8217a81a1100	It is not\nmuch but{D}\nhave this\nas thanks.	약소하지만\n답례를 받아 주세요
MSG:6:270	031B44	MSG:0:270	11933c0f109915960a171d8584bc821b8ebc823d3d00	No,from\nthere. It{D}\nbecame a\nhabit...	아니~ 그 뒤로\n버릇이 돼 버려서…
MSG:6:271	031B5A	MSG:0:271	84158415111101efab1c0a1999159692bc8301f616170a84971e12ab1c8700	This nice\nvillage\nwill keep{D}\ngrowing.	꽤 좋은 마을이에요\n앞으로 더 커질\n것 같네요
MSG:6:272	031B79	MSG:0:272	83199aab2c1988c53bfc890a01a801a0ab1c00	By the\nway,Doom{D}\nCard is\ngreat!	그런데 이 카드는\n최고예요
MSG:6:273	031B8C	MSG:0:273	3202af15962c3102af8c159d1f9d850a14979819839eab169888ab1c159600	Using it\nyou can{D}\neasily go\nfrom 2F to{D}\n1F!	2층에서 1층으로 간단히\n내려갈 수 있으니까요
MSG:6:274	031BAB	MSG:0:274	ab922c01a802d7853202af85118411830a01fa023b859197199dab1b8e118e1c00	But if\nyou are not on{D}\n2F you\nend up in{D}\nthe ground!	하지만 처음에 2층에 없으면\n땅에 파묻혀 버려요
MSG:6:275	031BCC	MSG:0:275	198801ef8591a5961b11c0c1d2e09e0a0215969982119883032411820a8abc191b82168e1b1f8800	I heard\nthere were\nrare items{D}\nso I moved\nhere!	이 마을에서 신기한 아이템을\n판다고 들어서\n이사 왔어요
MSG:6:276	031BF4	MSG:0:276	108801ae852c16161e12840ac0c1d2e09e015c811599ad111188ab1c9e00	I want\nto find an{D}\nitem to help\nmy child.	우리 아이에게 들을 만한\n아이템을 찾으면 좋겠는데요
MSG:6:277	031C12	MSG:0:277	1988fce9c1ed880236ab0a198801ae858015969c0a9b188217a81a1100	Use the\nDrain\nbook to{D}\ngive\npower to\nmy{D}\nchild.	이 드레인의 책으로\n이 아이에게 힘을\n나눠 주세요
MSG:6:278	031C2F	MSG:0:278	108301ca1bab0265025b850a849888ab1c00	They are\nnearly{D}\nbetter.	조금만 더 있으면\n기운을 차릴 거예요
MSG:6:279	031C41	MSG:0:279	10b73d3d3d00	Ah...	아아…
MSG:6:280	031C47	MSG:0:280	0265025b840249853d3d00	Better!	혈색이 돌아와요…
MSG:6:281	031C52	MSG:0:281	10979e8312a2a3118e1c00	Thank you.	고맙습니다
MSG:6:282	031C5D	MSG:0:282	ac121403729c1b82111188939600	How can I{D}\nrepay you?	뭐라고 감사드려야 할지
MSG:6:283	031C6B	MSG:0:283	108801aebc1f960a0144abd33bfc8584bc820a023d9dab11989dab1c00	My\nchild\nbecame a{D}\ntoad to\nplay in a\nfountain.	우리 애가 글쎄\n샘에서 두꺼비가 돼서\n놀고 있지 뭐예요
MSG:6:284	031C88	MSG:0:284	140338ab2c023dae1f1184b700	I want{D}\nto go play.	밖에서 놀고 싶다~
MSG:6:285	031C95	MSG:0:285	14034380bd9d890a022101af025c84c0c1d2e09e02438082980af8edf45ded8c023dae85111788ab1bbf3f00	Maybe my\nbrother went\nto check the{D}\ndungeon with\nthe mysterious\nitems?	오빠는\n신기한 아이템이 떨어져 있는\n던전에 놀러 가는 거지?
MSG:6:286	031CC1	MSG:0:286	101f1b92019e161f1184b700	I want{D}\nto go!	나도 가고 싶다~
MSG:6:287	031CCD	MSG:0:287	9bb7110a14034380bd9d10979e831200	Wah!{D}\nThanks,\nbrother!	와아\n오빠 고마워
MSG:6:288	031CDD	MSG:0:288	1415101a9d9e870a109d8e97d33bfc8584bc82023daf84bc8200	Mom said less\nplaying as a{D}\ntoad in\nfountains.	엄마가 말이야\n두꺼비가 돼서 너무 놀지 말래
MSG:6:289	031CF7	MSG:0:289	15849701f6168401ef850a84bc1f9b8700	This\nvillage{D}\nwill\nkeep{D}\ngrowing.	꽤 큰 마을이\n됐네요
MSG:6:290	031D08	MSG:0:290	8ea88ea80a159b989b8700	I willknow{D}\nsome\nday.	아직도\n변할 거예요
MSG:6:291	031D13	MSG:0:291	8ea82c159b9883199a9e0a10989b9500	I am\ncloser to{D}\nknowing!	아직 변할 곳이\n있어요
MSG:6:292	031D23	MSG:0:292	921201ca1b8485150a159b989b9500	Soon,\nI will{D}\nunder-\nstand!	조금 더 뭔가\n변할 거예요
MSG:6:293	031D32	MSG:0:293	1ca2119b0a1cad961b1101ef8700	The\nvillage{D}\nis\ngreat,no?	굉장해요\n멋진 마을이네요
MSG:6:294	031D40	MSG:0:294	0181152c018f1f808502bebc1f88890a1919a8bc1f8400	This is\nwhere we{D}\nmet,yes?	분명,자네들을 만난 게\n여기였지
MSG:6:295	031D57	MSG:0:295	0404c0d3e60400018f890a023901b1a89a12153d3d3d00	Will <04>Atla<00>\nbe OK...?	<04>아트라<00> 군은\n무사할까…
MSG:6:296	031D6E	MSG:0:296	9b1f1b892c198802909c0a92bc8301f616171b820d0a198801ef9c941f15850a1b1f1188a89500	I want to\nexpand thefield for\nour{D}\nvillage!	나는 이 밭을\n더 넓혀서{D}\n이 마을을 풍요롭게\n만들고 싶다네
MSG:6:297	031D95	MSG:0:297	c5c5cb9e841784bc821b8ebc1f00	A scarecrow\nis missing.	허수아비가 없어져 버렸어
MSG:6:298	031DA3	MSG:0:298	028392027297034a8e998211841188850af8edf45ded892c1e198510980d0aac121b828488153d3d3d00	Nobody is\npossessed\nbut a{D}\ndungeon is\nstill over\nthere...	아무도 사로잡히지 않았는데\n던전은 저기 있어{D}\n어째서일까…
MSG:6:299	031DCD	MSG:0:299	f8edf45ded890283158802fa036a9c9283850a1e1985026c9e980d0aab892c02838802fa036a8488153d3d00	Dungeons are\nbased on{D}\ndesires,but\nI wonder{D}\nwhose desires\nthese are?	던전은 누군가의 욕망을\n바탕으로 펼쳐지지{D}\n그럼 누구의 욕망일까…
MSG:6:300	031DF9	MSG:0:300	c15eedd39c015c8e1c153f0c00	See event?¶	See event?¶
MSG:6:301	031E06	MSG:0:301	849d93879d840a8ea893bc8200	I am\ndoing{D}\nsome\nthing.	Wait\nnot done yet
MSG:6:302	031E13	MSG:0:302	ac999c11a4989d933f0c00	Which one?¶	Which one?¶
MSG:6:303	031E1E	MSG:0:303	1811a3118916be12dbe6f00f0acbd4e7c4dbe6f00f0f121303570ac3c0ea8802360f0f0f0f839101b00affe7edc788c53bfc0f153c01100a9b16014888c53bfc0f0fad1803350ae2d5cf3b1a9dc6edcb0f0f02320acaedf83b8802360f0f0f0f0f0f0a93919300	Shop flag\nScenario flag\nAero Book\nBlink Card\nSpring Card\nMonitor\nThunder Book\nExit	Shop flag\nScenario flag\nAero Book\nBlink Card\nSpring Card\nMonitor OFF\nThunder Book\nExit
MSG:6:304	031E85	MSG:0:304	3030300a3130300a3135300a3230300a3235300a3330300a93919300	000\n100\n150\n200\n250\n300\nEnd	000\n100\n150\n200\n250\n300\nExit
MSG:6:305	031EA1	MSG:0:305	1a111bbf0afce810830aa811329b0aa811339b0a93919300	Start\nChip\nPart 2\nPart 3\nEnd	Start\nChip after\nPart 2\nPart 3\nExit
MSG:6:306	031EB9	MSG:0:306	30300a31300a32300a33300a34300a35300a93919300	00\n10\n20\n30\n40\n50\nEnd	00\n10\n20\n30\n40\n50\nExit
MSG:6:307	031ECF	MSG:0:307	30300a33300a35300a37300a93919300	00\n30\n50\n70\nEnd	00\n30\n50\n70\nExit
MSG:6:308	031EDF	MSG:0:308	e2d5cf3b1a9d8981159b8411ab0c00	Do not use¶	No Monitor¶
MSG:6:309	031EEE	MSG:0:309	0f30300a0f31300a0f32300a0f33300a0f34300a0f35300a0f36300a0f37300a0f38300a0f39300a3130300a93919300	00\n10\n20\n30\n40\n50\n60\n70\n80\n90\n100\nEnd	 00\n 10\n 20\n 30\n 40\n 50\n 60\n 70\n 80\n 90\n100\nExit
MSG:6:310	031F1E	MSG:0:310	9512191e210a191297bd17887fc1edd3892c023693d1e12cc7e69c0a035701ba85033282981983ab1c0ae0e79c1b8281bc198ea585d2e97fc53bfcab01ef8c0a025abc824c569c10a18e1bbf120a0f0f0f0f0f0f0f159d1bbe120f01fb01ef02cc024d0f959700	Welcome! It is\neffective to make\nsure you raise\nBooks,Talons,{100}\nSaddles. Increase\nyour level without{D}\noverdoing it by\nusing Teleport\nCards to return to\nthe village.\n-Director Nakamura\nKouichi	환영합니다!\n공략 포인트는 책,발톱,안장을\n잘 키우는 것입니다\n무리하게 파고들지 말고 텔레포 카드로\n마을에 돌아와 LV를 올립시다\n    감수 나카무라 코이치
MSG:7:0	03826E	MSG:0:0	0402cd3bff04001b8e1c153f0c00	<02>Save<00>?¶	<02>세이브<00>할까요?¶
MSG:7:1	03827C	MSG:0:1	0402cd3bff040001fbab1c0a0402e1e2e73bc53bfc04009c0a0292158411ab17a81a110c00	<02>Saving<00>...\nDo not touch the\n<02>Memory Card<00>¶	<02>세이브<00> 중입니다\n<02>메모리 카드<00>를\n빼지 마세요¶
MSG:7:2	0382A1	MSG:0:2	01c501b3015f0f0706efe80c00	GP{7:06}Gil¶	소지금 {7:06}길¶
MSG:7:3	0382AE	MSG:0:3	0f0402cd3bff0400850271028d1b8e1b1f00	<02>Save<00> failed.	 <02>세이브<00>에 실패했습니다
MSG:7:4	0382C0	MSG:0:4	0402e1e2e73bc53bfc04009e0a1a1abc82118e1d9d00	There is no\n<02>Memory\nCard<00>.	<02>메모리 카드<00>가\n꽂혀 있지 않습니다
MSG:7:5	0382D6	MSG:0:5	0f890f110a0f11111300	Yes\nNo	 예\n 아니오
MSG:7:6	0382E0	MSG:0:6	ac8802af8c019f978e1c153f0c00	Floor?¶	몇 층으로 내려갈까요?¶
MSG:7:7	0382EE	MSG:0:7	d3e6277da885bf3c9d070000	A trap!{7:00}	함정이지롱~{7:00}
MSG:7:8	0382FA	MSG:0:8	0f0f0f158eac0f0f0f0c00	Furnace¶	   용광로   ¶
MSG:7:9	038305	MSG:0:9	e7cac1c7e85f27c7cc0c00	Recycle¶	리사이클 박스¶
MSG:7:10	038310	MSG:0:10	118080800a199dac89849da83c00	Whooa<\n{D}What\nhappened?	아야야야\n이번엔 또 뭐야~
MSG:7:11	03831E	MSG:0:11	849da82c01c201768801e215950d0a9d3f0a01c201768801e2a8bc823f00	Wah!{D}\nIn front\nof the inn?{D}\nWhy?	뭐야,여관 앞이잖아{D}\n응?\n여관 앞이라고?
MSG:7:12	03833C	MSG:0:12	8eb72ca88e1a99808ebc1f929d890a1bbf129e84111500	Nothing we\ncan do about{D}\nbeing\ntricked.	뭐,속아 넘어간 건\n어쩔 수 없지
MSG:7:13	038353	MSG:0:13	ac12939610880217ebe6023301ae880ad05dc95f9e1988f8edf45ded880ad6cb961b118400	The straw\nhat chocobo\nseems to be{D}\nthe keeper\nof the\ndungeon.	아무래도 저 밀짚모자 쓴\n초코보가 이 던전의\n주인인 것 같아
MSG:7:14	038378	MSG:0:14	1e9d84191fb719881a110aac12ab92111100	We best\nmove on.	그런 건 이제 와서\n아무래도 좋아
MSG:7:15	03838A	MSG:0:15	9512892c1088f8edf45ded880a01fb8589e9c084c0c1d2e09e0aacbc80bd97109815921b999d0abc821983a89500	The main\nthing is,\nthere is\nprobably{D}\ntreasure\ninside that\ndungeon...	요컨대,저 던전\n안에는 레어 아이템이\n잔뜩 있을지도 모른다\n이거지
MSG:7:16	0383B8	MSG:0:16	1e99a4bd2cc4e98901c0911e12840a83199a9c01f81b82179815961a0d0a04040b040089f8edf45ded850a019f978211178885021e02408401e6010c0a9c01dc139a950d0a1e99a4bdb78700	Anyway,\nwhile I\nfind us a{D}\nplace to\nstay,you\nshould{D}\nprepare to\nexplore,\n<04>{B}<00>!	그럼,난 살 만한 곳을\n찾아볼 테니까{D}\n<04>{B}<00>,넌 던전에\n내려갈 준비를 해 둬{D}\n그럼 나중에 봐
MSG:7:17	038404	MSG:0:17	93b70a1196bc1bbd1100	Hello,\nthere!	여어\n어서 와
MSG:7:18	03840E	MSG:0:18	026e027c01768c9512191e0a84859c026e027c1b8e1bbf1200	Welcome\nto my{D}\nForge.\nWant to\nfuse?	합성소에 잘 왔어\n뭘 합성할까?
MSG:7:19	038427	MSG:0:19	018fa8873f0d0a1abc16881ca2170a0265025b84e23bf0e7880a02a20282bc82888900	You\nfriends\nwith{D}\nthe hypermoogle\nfrom{D}\nbefore?	너구나?{D}\n아까 그 엄청\n활기찬 모그리의\n친구라는 게
MSG:7:20	03844A	MSG:0:20	0265025b84e23bf0e784960a01ef01fe8802528c019ebc1f950d0a102c1e121e120d0a1e881280022e9bbc1f0a01c802159c1c9815960d0a1e888316850a0241821799958400	That\nenergetic{D}\nmoogle\nwent to{D}\nsee the\nmayor.{D}\nMy shop\nopens soon{D}so please\ncome by{D}\nthen!	활기찬 모그리라면\n촌장님 댁에 갔어{D}\n아,맞다 맞다{D}\n조만간 색다른\n장사를 시작할 테니까{D}\n그때\n와 줘
MSG:7:21	038490	MSG:0:21	01ef01fe88025215113f0d0a5fc78819880252881ca00a01a5880252a8950d0a1e19880404db2627c704001a9d9e0a198801ef8801ef01fe1a00	The mayor?{D}\nGo left\nfrom here!{D}\nThe villagemayor,{D}\n<04>Fawkes<00>\nis there.	촌장님 댁 말이야?{D}\n우리 집 바로\n왼쪽 집이야{D}\n거기 <04>포크<00> 씨가\n이 마을 촌장이지
MSG:7:22	0384CA	MSG:0:22	8ea81988025902549e0a020a1584119da800	My\nmachine{D}\nis not\nrunning.	아직 이 기계가\n안 움직여
MSG:7:23	0384DC	MSG:0:23	1988025902541ca0850acafe821b8e129da80d0a8485151111c0c1d2e09e0a84111584b700	My machine\nis rusty.{D}\nIf there\nwas an{D}\nitem to\nhelp...	이 기계는 금방\n녹이 슬어 버려{D}\n뭔가 좋은 아이템\n없으려나
MSG:7:24	038501	MSG:0:24	101010102c100a1e1e2c1e88c53bfc890a84842c849da8113f00	Ahhhh,\nthat!{D}\nThat\ncard! Whatis that?	아아아아,아\n그그,그 카드는\n뭐,뭐야?
MSG:7:25	03851B	MSG:0:25	024c12950a1999a4bd841100	Not\nthis.	아니야\n이게 아니야
MSG:7:26	038527	MSG:0:26	1414210a1999892100	Ah,\nthis!	오오!\n이건!
MSG:7:27	038530	MSG:0:27	93bcb2971e12a80a1999a82100	This\nwill{D}\ndo it!	역시 그렇군\n이거야!
MSG:7:28	03853D	MSG:0:28	018f210a1ca2119519992100	You!\nAmazing!	너!\n이거 굉장해!
MSG:7:29	038549	MSG:0:29	10bc210af2e1ed00	Ah!	앗!\n미안
MSG:7:30	038551	MSG:0:30	c53bfc2c15bc82850a0153bc80bdbc1f9500	Sorry!{D}\nI ended\nup{D}\nusing thecard.	카드,멋대로\n써 버렸어
MSG:7:31	038563	MSG:0:31	ab922c025902549e020a111f15960a03401b821799958400	But now,\nit runs!{D}\nForgive\nme!	그래도 기계가 움직였으니\n용서해 줘
MSG:7:32	03857B	MSG:0:32	1e88159b97850a31017da818ca3bfecc1c98159600	As an\napology{D}\nuse it\nonce,free.	그 대신\n1번은 공짜로 해 줄게
MSG:7:33	038590	MSG:0:33	102c19880259025488031a012a9c0a1b828415bc1f958400	Ah,I\nnever{D}\nexplained\nit...	아,이 기계 설명을\n안 했지
MSG:7:34	0385A8	MSG:0:34	1e122c198802590254191e9e0ac7eb83c7eb9c01a4a6820a02b51b11c7eb851c9802590254a800	This\nmachine can\nfuse{D}\ntogether\ntwo of\nyour tools.	그래,이 기계야말로\n도구와 도구를 섞어서\n새 도구로 만드는 기계야
MSG:7:35	0385CF	MSG:0:35	133f0a95179b159684113f00	Eh?\nTell you{D}\nmore?	응?\n잘 모르겠다고?
MSG:7:36	0385DB	MSG:0:36	133c832c0339035f8502661283a88400	How to say...	음~ 간단히 말하자면
MSG:7:37	0385EB	MSG:0:37	1e88018f8801b3bc821198d1e10a1e122cd1e19c328111991f960a02b51b11d1e18501de8e99022e9b9800	Those\nTalons you\nhold. Put{D}\ntwo of\nthem in to\ncreate a{D}\nnew one.	네가 가진 그 발톱\n그래,발톱을 2개 넣으면\n새 발톱으로 다시 태어나지
MSG:7:38	038616	MSG:0:38	1e88018f8801b3bc821198c7e60a1e122cc7e69c328111991f960a02b51b11c7e68501de8e99022e9b9800	Those\nSaddles you\nhold. Put{D}\ntwo of\nthem in to\ncreate a{D}\nnew one.	네가 가진 그 안장\n그래,안장을 2개 넣으면\n새 안장으로 다시 태어나지
MSG:7:39	038641	MSG:0:39	01e6010cab169892889c328111991f960a02b51b11e2d88501de8e99022e9b989da800	Put two\nequippable{D}\nitems in to\nmake a new\none.	장비품을 2개 넣으면\n새 물건으로 다시 태어나지
MSG:7:40	038664	MSG:0:40	3d3dd1e13f0a018f2c1e88d1e189ac19ab0a01ba850210991f9da83f00	...\nTalons?\nWhere did{D}\nyou find\nthose\nTalons?	…발톱?\n너,그 발톱은 어디서\n손에 넣은 거야?
MSG:7:41	038681	MSG:0:41	3d3dc7e63f0a018f2c1e88c7e689ac19ab0a01ba850210991f9da83f00	...\nSaddle?\nWhere did{D}\nyou find\nthose\nTalons?	…안장?\n너,그 안장은 어디서\n손에 넣은 거야?
MSG:7:42	03869E	MSG:0:42	1e121113ad2c018f0a1e99892c849da8113f0aac19ab01ba850210991f9da83f00	Speaking\nof which\nwhat is{D}\nthat?Where\nis it\nfrom?	그러고 보니,너\n그건 뭐야?\n어디서 손에 넣었어?
MSG:7:43	0386BF	MSG:0:43	1e9989dadfd13f00	Secret?	그건 비밀?
MSG:7:44	0386C7	MSG:0:44	025b858498a4bd8411150a025f138217999500	Curious!\nTell me!	궁금하잖아\n알려 줘
MSG:7:45	0386DA	MSG:0:45	f8e13f00	No?	안 돼?
MSG:7:46	0386DE	MSG:0:46	123c9d0a025b858498a73c00	Hm...{D}\nHow\nodd.	으음~\n궁금하다~
MSG:7:47	0386EA	MSG:0:47	849da8bc823f0af8edf45deda8bc823f00	What?\nA dungeon?	뭐라고?\n던전이라고?
MSG:7:48	0386FB	MSG:0:48	123c9d0a0404c5dfe67b7b04001a9d92027b0364a818ac0af8edf45ded92025b85849884b700	I worry for\n<04>Camillas Dad<00>\nbut also{D}\nthe dungeon\n...	으음~\n<04>카미라 아빠<00>도 걱정이지만\n던전도 궁금하네
MSG:7:49	038721	MSG:0:49	31017dca3bfecc1c98bc820a036f035ba8bc1f8700	You were\npromised{D}\none free\ntry.	1번 공짜로 해 주기로\n약속했었지
MSG:7:50	038736	MSG:0:50	1988070081ab111115113f0f0c00	{7:00}	이거 {7:00}개면 될까?¶
MSG:7:51	038744	MSG:0:51	0700efe80a021e0240a818ac111115843f0f0f0c00	{7:00}	{7:00}길\n필요한데 괜찮겠어?¶
MSG:7:52	038759	MSG:0:52	01a802c92c8e1001fd01ae9e024a119da80a1088c53bfc88019a1601289e0a841784bc82161f8815843f00	Lately it\nhas not\nworked.{D}\nPerhaps the\nCard has\nworn off?	요즘 또 상태가 안 좋아\n그 카드의 효과가\n다 떨어졌나?
MSG:7:53	038784	MSG:0:53	1ab72cac9dac9d0241821799950a92bc8314015f9c02e691820d0a0404cad5c004009c19198c01979dab0a11bc1bbf850369961c9da800	You keep\ncoming{D}\nback! After\nsaving more{D}\nmoney,I\nwill ask{D}\n<04>Sania<00> to\nlive here.	자,계속 찾아와 줘\n돈을 더 모아서{D}\n<04>사니아<00>를 여기로 불러\n함께 살 거야
MSG:7:54	0387BB	MSG:0:54	93bc832c0404cad5c004009e02418217991f950a19991596922c1988140287ab0a026e027c1b8217999500	<04>Sania<00> is\nfinally here!\nKeep fusing{D}\nhere from\nnow on!	드디어 <04>사니아<00>가 와 줬어\n앞으로도 이 가게에서\n합성해 줘
MSG:7:55	0387E6	MSG:0:55	89a4918e1b820a0404cad5c004008311118e1c00	Hello!{D}\nI am\n<04>Sania<00>.	처음 뵙겠습니다\n<04>사니아<00>라고 해요
MSG:7:56	0387FA	MSG:0:56	1181920404e6ccc704009e0a141d9b8584bc828e1c00	<04>Rask<00> is\nalways{D}\nhelping\nme.	늘 <04>라스크<00>가\n신세 지고 있어요
MSG:7:57	038810	MSG:0:57	9b1f1b929e9dad978e1c15960a10841f922c9e9dadbc8217a81a118700	I am doing\nmy best,so{D}\nyou do the\nsame!	저도 열심히 할 테니\n당신도 힘내세요
MSG:7:58	03882D	MSG:0:58	ac121c983f0a328188026e027c15113f0a1e9983922c338115113f0c00	So,want\nto fuse 2?\nOr 3?¶	어떻게 할래?\n2개 합성?\n아니면 3개?¶
MSG:7:59	03884A	MSG:0:59	3281880a3381880a939182141700	2\n3\nQuit	2개\n3개\n그만둔다
MSG:7:60	038858	MSG:0:60	14933f0a1e88c53bfc89849da83f0a80bfbc83015c1d8217999500	Oh? What\nis that\ncard?{D}\nCould I\nsee?	어라?\n그 카드는 뭐야?\n잠깐 보여 줘
MSG:7:61	038873	MSG:0:61	192c1999892100	What?	이,이건!
MSG:7:62	03887A	MSG:0:62	10210ff2e1ed0a8e1f93bc1f9500	Sorry!\nI did{D}\nit\nagain!	앗!미안\n또 저질렀어
MSG:7:63	038888	MSG:0:63	19999c10a19815960a03401b8217999500	Please\nforgive{D}\nme.\nHere.	이걸 줄 테니까\n용서해 줘
MSG:7:64	038899	MSG:0:64	81110154bc1f9da818ac0a1faf9d015313988301af1200	This was\nmade.{D}\nYou can\nuse it.	그냥 만들어 본 건데\n아마 쓸 만할 거야
MSG:7:65	0388B0	MSG:0:65	1faf9dc0c1d2e09c31810a01fa035788ac19158c010d9dab1799980d0a02a60202ab892c018f8802528c0a036dbc8217989500	This item\ncan return{D}\nan item to\nyour home.	아마 아이템을 1개\n지상 어딘가로 옮겨 줄 거야{D}\n예정대로라면 너희 집으로\n돌아올 거야
MSG:7:66	0388E3	MSG:0:66	ac121b1f3f0a8e1fd2e97f5f27c7cc9e119888153f00	What is\nit? Another{D}\nTeleport Box?	무슨 일이야?\n또 텔레포 박스가 필요해?
MSG:7:67	0388F9	MSG:0:67	89112c1999ab111100	Yes,\nhello.	자,이거면 됐어
MSG:7:68	038902	MSG:0:68	01b7892c025902549c0a7beb3bc0277d1b1f9da800	I powered\nthe{D}\nmachine.	실은,기계를\n파워업했어
MSG:7:69	038917	MSG:0:69	026e027c1c988316852ccfd79301b79c0a11bc1bbf8501a4a69819839eab16989da800	When fusing\nyou can also{D}\nadd a seed or\nnut.	합성할 때 씨앗이나 열매를\n같이 섞을 수 있게 됐어
MSG:7:70	03893A	MSG:0:70	0404c2c1f504009e0adaedd39c17991f9da800	<04>Wiz<00> gave\na hint.	<04>위즈<00>가\n힌트를 줬거든
MSG:7:71	03894D	MSG:0:71	026e027c1c9883168511bc1bbf8502109998830ad1e193c7e6882c0211011d9c026e01f3ab16980acfd79e1098961b1100	When fusing\nthere is a\nseed to{D}\ncombine abilitiesof Talons and\nSaddles.	합성할 때 같이 넣으면\n발톱이나 안장의 능력을\n합칠 수 있는 씨앗이\n있다나 봐
MSG:7:72	03897E	MSG:0:72	92bc83920211011d8932811b150a026e027cab16841118ac8400	At most\nup to 2{D}\nabilities\ncan fuse.	다만 능력은 2개까지만\n합성할 수 있지만
MSG:7:73	038998	MSG:0:73	015c81181f888496849dab920a1f911b828f989da88400	If you\nfind it,{D}\ntry it\nwith many{D}\nthings.	찾으면 뭐든지\n시험해 보라고
MSG:7:74	0389AF	MSG:0:74	01b78992121ca00252035c9e0a0280131e12848800	Seems my\nfamily{D}\nwill\ngrow soon.	실은 곧 가족이\n늘 것 같아요
MSG:7:75	0389C4	MSG:0:75	1bad9617af97870a01ae0341bc821ca08501f616178498889500	The children\nwill soon be{D}\nall grown\nup.	오랜만이에요\n아이들은 금방 자라네요
MSG:7:76	0389DE	MSG:0:76	0404c5c6c00400210d0a19bc808c0241820aa210111a811b841a1100	<04>Kakia<00>!{D}\nCome\nintroduce{D}\nyourself!	<04>카키아<00>!{D}\n이리 와서\n인사드리렴
MSG:7:77	0389FA	MSG:0:77	192c199d85808900	H...{D}\nhello.	아,안녕하세요
MSG:7:78	038A02	MSG:0:78	b0ba3c00	...	메롱~
MSG:7:79	038A06	MSG:0:79	1996210a0404c5c6c004008e80841a112100	Hey!{D}\n<04>Kakia<00>,\nwait!	요 녀석!\n<04>카키아<00>,거기 서!
MSG:7:80	038A18	MSG:0:80	923c210aa8998503511f88151b9600	Hmph!\nHe takes\nafter...	정말~!\n누굴 닮았담
MSG:7:81	038A27	MSG:0:81	c4e9153d3d00	Me...	나인가…
MSG:7:82	038A2D	MSG:0:82	01ae033282bc821f118c9d950aab921f881b119b00	It is\nhard,but{D}\nfun to\nraise{D}\nkids.	아이 키우기는 힘들어요\n그래도 즐거워요
MSG:7:83	038A42	MSG:0:83	8f9d84027715bc1f18ac0af8edf45ded89030fbc1f8400	Everyone\nis safe.{D}\nThe\ndungeon{D}\nstayed.	모두 무사했지만\n던전은 남았네
MSG:7:84	038A59	MSG:0:84	f8edf45ded9e109815960a1402879e01ed189699989da800	My store\nstays open{D}\nusing the\ndungeon.	던전이 있으니까\n가게를 계속할 수 있어
MSG:7:85	038A71	MSG:0:85	8f9d84023901b1ab0a9515bc1f9b00	Glad\nevery{D}\none\nis OK.	모두 무사해서\n다행이에요
MSG:7:86	038A80	MSG:0:86	f8edf45ded9e841784968417820a9515bc1f88152c9b9815bc1f88150d0a9b1f1b85892c9b159684119b00	I am not\nsure if it{D}\nis good or\nbad that the{D}\ndungeon\nstayed.	던전이 사라지지 않은 게\n잘된 건지,잘못된 건지{D}\n저는 모르겠어요
MSG:7:87	038AAB	MSG:0:87	f8edf45dedbc8284853f00	What is{D}\na dungeon?{D}\nIs it	던전이 뭐야?
MSG:7:88	038AB6	MSG:0:88	14921b9a11883f0c00	...cool?¶	재밌어?¶
MSG:7:89	038ABF	MSG:0:89	a4bd105fc7920a8911bc828f9500	I will\ntry to{D}\ngo in\ntoo!	그럼 나도\n들어가 볼래
MSG:7:90	038ACD	MSG:0:90	849da80a818e9d84118800	Oh!{D}\nIs it\nboring?	뭐야\n시시해
MSG:7:91	038AD8	MSG:0:91	3d3d3d3d00	...	……
MSG:7:92	038ADD	MSG:0:92	f8e1a8950a14015f92bc828416bd00	How{D}\nbad! I\nneed{D}\nmoney!	안 돼\n돈이 없으면
MSG:7:93	038AEC	MSG:0:93	5fc7892c027f02670176880a0404c2c1f50400bc821112881a00	I am <04>Wiz<00>!{D}\nI run the\nstorage.	나는 창고지기\n<04>위즈<00>라고 해
MSG:7:94	038B06	MSG:0:94	c6df9e0f0f0f0f0f0f0a04040b0400a8873f00	Are you\n<04>{B}<00>?	혹시 네가\n<04>{B}<00>?
MSG:7:95	038B19	MSG:0:95	1abc16e23bf0e7880a0404c0d3e604009e161f9500	A moogle,<04>Atla<00>,{D}\ncame by.	아까 모그리\n<04>아트라<00>가 왔었어
MSG:7:96	038B2E	MSG:0:96	1e881280851f171a9d0ac0c1d2e09c01b3bc820a179815960d0a027f02679c018e188311820a1799bc820266bc821f9500	He said\nsince he\nwill be{D}\nbringing\nitems\nsoon,he{D}\nwanted\nto rent a\nstoreroom.	조만간 아이템을\n잔뜩 가지고\n올 테니까{D}\n창고를 비워 달라고\n하더라고
MSG:7:97	038B5F	MSG:0:97	921b151b820af8edf45dedab920a015c81181f8815843f00	Maybe\nit is\nitems{D}\nfound in\ndungeons?	혹시\n던전이라도\n찾은 걸까?
MSG:7:98	038B77	MSG:0:98	14015f9e1f8ebc1f960a8e1f1411ab9500	You need\nmoney!	돈이 모이면\n또 와
MSG:7:99	038B88	MSG:0:99	1e121e122c5fc7890a027f0267017684881a0d0aac12a8112c027f02679c0a1597828f841115113f00	Right. I\nmanage{D}\nthe store-house.{D}\nNeed some\nstorage?	그래그래,나는\n창고지기야{D}\n어때,창고를\n빌려 보지 않을래?
MSG:7:100	038BB1	MSG:0:100	318188027f0267852c3130c90ac0c1d2e09e021098881a00	One\nstoreroom{D}\nholds 10\nitems.	창고 1개에 아이템이\n10개 들어가
MSG:7:101	038BC9	MSG:0:101	ac12a8112c027f026731810a0700efe81a0a15979815113f0c00	Rent one?\n{7:00}	어때,창고 1개\n{7:00}길이야\n빌릴래?¶
MSG:7:102	038BE3	MSG:0:102	021e02408584bc1f960a168217991f9611111a00	I will\nbe here{D}\nif you\nneed me.	필요해지면\n오면 돼
MSG:7:103	038BF7	MSG:0:103	8e11ac10973c00	Thanks!	매번 고마워~
MSG:7:104	038BFE	MSG:0:104	02f918980a02729701c41c0a93919800	Give\nTake\nEnd	맡긴다\n꺼낸다\n그만둔다
MSG:7:105	038C0E	MSG:0:105	0fc2c1f588027f02670f0c00	Storage¶	 위즈의 창고 ¶
MSG:7:106	038C1A	MSG:0:106	9212dbc7ea9e11bcb211a89500	Your bag is\nalready full.	이제 주머니가 가득 찼어
MSG:7:107	038C27	MSG:0:107	108e9790971b8411ab0a94bc17979399ad11111a00	Working\ntoo hard{D}\nis bad.\nRelax\nsome!	너무 무리하지 말고\n천천히 하면 돼
MSG:7:108	038C3C	MSG:0:108	fce8018f9e198801ef8802b51b1101c00149850a84bc1f881a00	<04>Chip<00> is new\nto living in{D}\nthe village.	도르가 이 마을의\n새 주민이 됐어
MSG:7:109	038C56	MSG:0:109	159b111101c001499e8b13820a12991b11159f971a00	Glad to\nsee more{D}\ncute new\nresidents!	귀여운 주민이 늘어서\n기쁘기 그지없어
MSG:7:110	038C6C	MSG:0:110	1e99851b82920404c5dfe67b7b0400890aa811a4bf12af848815b700	I really\nhope that{D}\n<04>Camillas Dad<00>\nis OK.	그나저나 <04>카미라 아빠<00>는\n괜찮은 걸까
MSG:7:111	038C88	MSG:0:111	0404c5dfe67b7b04009e0a027715bc1f8301afbc1f88850d0a199dac892c0404c0d3e604001500	Just after\n<04>Camillas{D}\nDad<00> was\nsaved,now{D}\n<04>Atla<00>...	<04>카미라 아빠<00>가\n살았다 싶었더니{D}\n이번엔 <04>아트라<00>인가
MSG:7:112	038CAF	MSG:0:112	102c1e9989029101d013a8870a029101d013932c140336881983890a0404c5dfe604009e179b1b11881a00	Ah,your\nPlant.\n<04>Camilla<00>{D}\nknows\nabout\nplant pots{D}\nand flowers.	아,그건 화분이구나\n화분이나 꽃에 대해선\n<04>카미라<00>가 잘 알아
MSG:7:113	038CDA	MSG:0:113	0404dfe804001a9d892c0404fce80400018f830a11bc1bbf8517961c9da8bc821a00	<04>Mill<00> is\nliving with{D}\n<04>Chip<00>!	<04>미르<00> 씨는 <04>도르<00> 군과\n함께 산대
MSG:7:114	038CFC	MSG:0:114	0404fce80400018f922c12991b1e12a89500	<04>Chip<00> seems{D}\nhappy!	<04>도르<00> 군도 기뻐 보여
MSG:7:115	038D0E	MSG:0:115	0404fce80400018f832c0404dfe804001a9d850a01ae03419e01de8e991f881a0d0a1e9992360297921a00	<04>Mill<00> and\n<04>Chip<00> had{D}\nbabies!{D}\n6 of\nthem!	<04>도르<00> 군과 <04>미르<00> 씨에게\n아이가 태어났어{D}\n그것도 6마리나
MSG:7:116	038D39	MSG:0:116	1e99851b82920404c0d3e60400890aa811a4bf12af848815b700	I hope\n<04>Atla<00>{D}\nis all\nright.	그나저나 <04>아트라<00>는\n괜찮은 걸까
MSG:7:117	038D53	MSG:0:117	123c9d0a8e1ff8edf45ded9eab1f9500	Now,\nanother{D}\ndungeon is\nmade.	으음~\n또 던전이 나타났어
MSG:7:118	038D63	MSG:0:118	ac129396027297034a8e991f88890a029088c5c5cb961b11881a00	This time\na farm{D}\nscarecrow\nwas taken.	아무래도 사로잡힌 건\n밭의 허수아비인가 봐
MSG:7:119	038D7E	MSG:0:119	318188027b15969b16ab1f0a02fa036aa4bd8411159200	Not just\nthe{D}\ndesire of\none heart.	마음 하나에서 솟아난\n욕망이 아닐지도 몰라
MSG:7:120	038D95	MSG:0:120	1f171a9d8801c91a8402fa036a9e0a02758ebc82989512840ac1e13bf484881a00	Rather\nit seems\nmany{D}\nsmall\ndesires\ntogether.	수많은 작은 욕망이\n모여 있는 듯한\n느낌이야
MSG:7:121	038DB6	MSG:0:121	849d8384179b15bc1f881a0d0a1088f8edf45ded890ac5c5cb9c02e91b8202889bbc1f0d0a01ef888f9d8488027b84881a00	Somehow I\nsee. The{D}\nscarecrow\nis a vessel{D}\nfor the\ndungeon to{D}\ntransmit\nour desires.	어쩐지 알 것 같아{D}\n저 던전은\n허수아비를 통해 전해진{D}\n마을 모두의 마음이야
MSG:7:122	038DE8	MSG:0:122	1e122cf8edf45ded9e0a10bc1f8d129e01ef9e0a01f6161784981b0d0a02e40165920280139815968700	While\na dungeon\nexists,{D}\nthe\ntown grows{D}\nand more\nfriends\narrive.	그래,던전이\n있는 편이 마을이\n커지고{D}\n동료도 늘어나니까
MSG:7:123	038E12	MSG:0:123	123c9d0a849da8152c02d3014802d8850aa88e1a998211989512843d3d00	It seems\nthe Tyrian\nCrystal is{D}\ndeceiving\nthem.	으음~\n어쩐지 자수정에\n속고 있는 것 같은데…
MSG:7:124	038E30	MSG:0:124	1196bc1bbd1100	Hello.	어서 오세요
MSG:7:125	038E37	MSG:0:125	10962c111102a1aa93880ad05dc95fa8198300	Oh,a\nchocobo!{D}\nWhat fine\nfeathers!	어머,깃털이 참 고운\n초코보네요
MSG:7:126	038E4A	MSG:0:126	dede210a7b7b2cac1985920a1184119b9500	Mom!\nDad is\nmissing!	엄마!\n아빠가 어디에도\n없어
MSG:7:127	038E5C	MSG:0:127	10963c0aac198c11bc1f880a151b963f00	Oh,wherecould\nhe be?	어머~\n어디 가셨을까?
MSG:7:128	038E6D	MSG:0:128	029085920a118415bc1f8800	He was\nnot in{D}\nthe\nfield!	밭에도\n없었어
MSG:7:129	038E79	MSG:0:129	10962c1e121113ad0a10841f7b7b9c015c8e0a1d9dab1b1f3f00	How aboutyou?{D}\nHave you\nseen him?	어머,그러고 보니\n혹시 아이 아빠를\n못 보셨나요?
MSG:7:130	038E93	MSG:0:130	dffce7880217ebe60a023301ae9c15afbc1f0ad05dc95f8488ab1c9e00	He is a\nchocobo\nwearing{D}\na green\nstraw\nhat.	초록색 밀짚\n모자를 쓴\n초코보인데요
MSG:7:131	038EB0	MSG:0:131	13210aac19ab015c1f883f00	Oh!\nWhere?	어!\n어디서 봤어?
MSG:7:132	038EBC	MSG:0:132	10963f0a01c20176ab1c153f0c00	Oh,the\ninn?¶	어머?\n여관이요?¶
MSG:7:133	038ECA	MSG:0:133	13210a01c2017684883f00	Oh!Theinn?	어!\n여관이라고?
MSG:7:134	038ED5	MSG:0:134	dede2c8485150a8c9da89b00	Some-\nthing{D}\nis\nfishy,{D}\nMom.	엄마,뭔가\n이상해
MSG:7:135	038EE1	MSG:0:135	8ea801539b99821184110a01c201768488853d3d00	The inn isnot in{D}\nbusiness\nyet.	아직 영업도 안 하는\n여관인데…
MSG:7:136	038EF6	MSG:0:136	1e1287ba2c0404c5dfe604000a80bfbc8302a891983f00	Can I\nask a{D}\nfavor,\n<04>Camilla<00>?	그래,<04>카미라<00>\n부탁 좀 해도 될까?
MSG:7:137	038F0D	MSG:0:137	0404db2627c704001a9d850a1402ac1b821411820a1799983f00	Can you\ntalk to\n<04>Fawkes<00>?	<04>포크<00> 씨께\n이야기 좀\n전해 줄래?
MSG:7:138	038F27	MSG:0:138	9b15bc1f9b210a019ebc8217989b8700	Got it!\n{D}I will\nbe back!	알았어!\n다녀올게
MSG:7:139	038F37	MSG:0:139	10960aa2919d841a11870d0a1dbc15170241820a111fa8111f888500	Oh,\nsorry.{D}\nAfter\nyou{D}\ncame all\nthis way.	어머\n미안해요{D}\n모처럼 와\n주셨는데
MSG:7:140	038F53	MSG:0:140	7b7bbc1f960aac121b1f88151b9600	My,where\nis my{D}\nhusband?	아이 아빠도 참\n어떻게 된 걸까
MSG:7:141	038F62	MSG:0:141	10960aa2919d841a11870d0a14028788012302ad0a1b8284118800	Oh,sorry.Nothing{D}\nis for\nsale.	어머\n미안해요{D}\n가게 준비를\n못 했어요
MSG:7:142	038F7D	MSG:0:142	7b7b9e118411830a02159892889e84118800	Papa is\ngone and{D}\nwe have\nnothing{D}\nto sell\neither.	남편이 없으면\n팔 물건이 없어요
MSG:7:143	038F8F	MSG:0:143	10962c10841f0a84859c92bc8298883f00	Oh,what\nis this?	어머,당신\n뭘 가지고 있어요?
MSG:7:144	038FA0	MSG:0:144	10962c199911119b9500	How nice.	어머,이거 좋네요
MSG:7:145	038FAA	MSG:0:145	ac19159601b3bc82161f88150a014096841118ac0a9b1f1b850215bc8217998e1d9d3f00	Not sure\nwhere\nyou bought{D}\nit from,but\nwill you{D}\nsell it?	어디서 가져왔는지\n모르겠지만\n저한테 팔지 않을래요?
MSG:7:146	038FCE	MSG:0:146	7b7b9e11841115960a02159702299e8417820a198ebc821f8800	We have\nno wares\nwith my{D}\nhusband\ngone.	남편이 없어서\n팔 물건이 없어\n곤란했거든요
MSG:7:147	038FE8	MSG:0:147	92bc832c119a119a8492889c0a01b3bc82168201781a118700	Please\nbring even{D}\nmore items\nfor us.	앞으로도 여러 가지\n가져와 주세요
MSG:7:148	039001	MSG:0:148	7b7b89ac198c0a11bc1f88151b963f00	Oh,where\ncould he{D}\nhave\ngone?	아이 아빠는 어디\n간 걸까?
MSG:7:149	039011	MSG:0:149	8ebc1f177b7bbc1f960aac198c11bc1f88151b960d0a92122c14028785a81c92889e0a841784bc1f888500	Geez,Dad.{D}\nWhere in\nthe world{D}\ndid you\ngo to?{D}\nWe have no\ninventory...	정말 이이도 참\n어디 간 걸까{D}\n이제 가게에 낼 물건도\n다 떨어졌는데
MSG:7:150	03903C	MSG:0:150	10841f9e2c119a119a8492889c0a92bc82168217999815960a14028792128e1711bc8211989b00	Because you\nhave brought\nmany things{D}\nback,the\nshop is\ndoing well.	당신이 이것저것\n가져다준 덕분에\n가게도 잘되고 있어요
MSG:7:151	039063	MSG:0:151	0404db2627c704001a9d15960a0324168e1b1f00	<04>Fawkes<00>\ntold me.	<04>포크<00> 씨한테\n들었어요
MSG:7:152	039077	MSG:0:152	10841f9e01b3bc8217980ac0c1d2e0890d0af8edf45ded159601b3bc820a025abc82161f9288ab0d0a1e88f8edf45ded9c0154bc1f889e0a7b7ba8bc8200	The items you\nbrought were{D}\nfrom the\ndungeon my{D}\nhusband built.	당신이 가져오는\n아이템은{D}\n던전에서 가지고\n돌아온 거고{D}\n그 던전을 만든 게\n남편이라고요
MSG:7:153	0390B5	MSG:0:153	14033a11ab1c0a9b1f1b1f80887b7b9c0d0a7b7b9c0277188201781a1100	Please,my\nhusband!{D}\n...Please\nsave him!	부탁이에요\n우리 남편을{D}\n남편을 구해 주세요
MSG:7:154	0390D3	MSG:0:154	3d3d3d3d0a7b7b9c0277188210a1822100	...Save my\nPapa!	……\n아빠를 구해 줘!
MSG:7:155	0390E4	MSG:0:155	109d84851483841b17820a14a89315847b7b9e3d3d00	My calm,\nmature{D}\npapa...	그렇게 얌전하고\n온화한 아빠가…
MSG:7:156	0390FA	MSG:0:156	034f892c1403368819831b159b1596841118ac0a848515036e851f829819839e1099ad3d3d00	I really only\nknow about{D}\nflowers. If you\nthink I can{D}\nhelp...	난 꽃밖에 모르지만\n뭔가 도울 일이 있다면…
MSG:7:157	039120	MSG:0:157	14033a119500	...	부탁해
MSG:7:158	039126	MSG:0:158	10979e8312870a10841f881415a19500	It is all\nthanks to{D}\nyou!	고마워요\n당신 덕분이에요
MSG:7:159	039136	MSG:0:159	93bc837b7b92017d01321b82161f9b00	My husband{D}\nis healing.	드디어 남편도 회복됐어요
MSG:7:160	039146	MSG:0:160	10960a7b7b849602908c01c415181f9b9500	He left\nfor the{D}\nfields.	어머\n남편이라면 밭에 나갔어요
MSG:7:161	039158	MSG:0:161	0404c0d3e6040080bd9d0aac1284bc80bd1288151b963d3d00	But what\nhappened to{D}\n<04>Atla<00>?	<04>아트라<00>는\n어떻게 되는 걸까…
MSG:7:162	039171	MSG:0:162	7b7b9c3d3d3d0a10979e831200	Thank\nyou...\nfor my\ndad...	아빠를…\n고마워
MSG:7:163	03917E	MSG:0:163	9b1f1b85928485150a1401ba0288111a1d8200	Please,\nlet me{D}\nhelp\nsomehow.	나도 뭔가\n돕게 해 줘
MSG:7:164	039191	MSG:0:164	159bbc1f02918700	Odd{D}\nPlant!	특이한 화분이네
MSG:7:165	039199	MSG:0:165	f8edf45ded8801fbab0a015c81181f88ab1bbf3f00	Did you\nfind it{D}\nin the\ndungeon?	던전 안에서\n찾은 거지?
MSG:7:166	0391AE	MSG:0:166	cfd7152c01b79c92bc8284113f0a1e9985023e13980127922c92bc8284113f00	Do you have\nSeeds,Nuts{D}\nor Tonics to\nuse on it?	씨앗이나 열매 없어?\n거기 줄 약도 없어?
MSG:7:167	0391CE	MSG:0:167	cfd7832c0127ab0a033282828f8e1bbf129500	Try\nusing a{D}\nSeed and\nTonic.	씨앗이랑 약으로\n키워 보자
MSG:7:168	0391E1	MSG:0:168	0291892c036302081f97880a111183199a8c02e311828300	Place the\nPlant in{D}\nthe\nsunlight.	화분은 햇볕이\n잘 드는 곳에 두고…
MSG:7:169	0391F9	MSG:0:169	84859c01d01398150190911f960a029101d0138c02109982870d0a019988919dac12899b1f1b9e0a015c82141715968700	Once you\nhave{D}\nchosen what\nto grow{D}\ninsert\nyour Plant.{D}\nLeave the\nrest to me.	뭘 심을지 정하면\n화분에 넣어 줘{D}\n그다음 돌보는 건 내가\n맡을게
MSG:7:170	03922A	MSG:0:170	8ea82c033789ab8284119b00	Not yet!	아직 싹이 안 났어
MSG:7:171	039236	MSG:0:171	03379e01c41f9b8700	It grew!	싹이 났네
MSG:7:172	03923F	MSG:0:172	1699118403368700	Pretty!	예쁜 꽃이네
MSG:7:173	039247	MSG:0:173	1999bc822cac9d8401b78488151b960a92122c01b3bc82019e17883f0c00	Take this\nnut?¶	이건 어떤 열매일까\n벌써 가져갈 거야?¶
MSG:7:174	039265	MSG:0:174	03541b82989b950a01b3bc82019e17883f0c00	Ripe!\nTake?¶	잘 익었어\n가져갈 거야?¶
MSG:7:175	039278	MSG:0:175	92122c027297850241841115960a171abc80bdbc1f9b9500	Darn. It\nrotted.	가지러 안 와서\n썩어 버렸어
MSG:7:176	039290	MSG:0:176	a2919d870a921202e31701cd01c59e84118800	Sorry\nthere is{D}\nno room.	미안\n더 둘 곳이 없어
MSG:7:177	0392A3	MSG:0:177	0f0f0f029101d0130f0f0f0c00	Plant¶	   화분    ¶
MSG:7:178	0392B0	MSG:0:178	ac999c01d01398883f0c00	Seed?¶	뭘 심을래?¶
MSG:7:179	0392BB	MSG:0:179	ac8801279c023e1398883f0c00	Tonic?¶	어떤 약을 줄래?¶
MSG:7:180	0392C8	MSG:0:180	1999ab0332829888873f0c00	Grow here?¶	이걸로 키우는 거지?¶
MSG:7:181	0392D4	MSG:0:181	9b15bc1f9b0a01f601b185033282989b8700	I see.\nI will{D}\ncare\nfor it.	알았어\n소중히 키울게
MSG:7:182	0392E6	MSG:0:182	dbc7ea9e11bcb211870a02f91882161f963f00	The bag\nis full.{D}\nStore\nitems?	주머니가 가득 찼네\n맡기고 오는 게 어때?
MSG:7:183	0392F9	MSG:0:183	10979e831200	...	고마워
MSG:7:184	0392FF	MSG:0:184	8ea82c01b5022a888415ab0a84859e1419bc1f88153d3d00	Still... I\nwonder{D}\nwhat came\nover me...	아직도 내 안에서\n무슨 일이 있었는지…
MSG:7:185	039317	MSG:0:185	c6c8ed84012885109b1d821b8ebc820a1c8e8415bc1f00	Sorry for\ncausing so{D}\nmuch danger.	위험한 일을 겪게 해서\n미안하네
MSG:7:186	03932E	MSG:0:186	018f02828502bd9c025f131f01990a02d3024988014802d89c8d97a81b1f9da800	I found a\npurple{D}\ncrystal after\nguiding you.	자네들에게 길을 알려 준 뒤\n보라색 수정을 캐냈다네
MSG:7:187	03934F	MSG:0:187	01b5022a8801fb852c01b5022aab84110179159e0a01b5022a8801fbab01f6161784bc8211bc1f00	Inside...\nSomething{D}\nthat was not\nme grew{D}\nbigger.	내 안에서,내가 아닌 무언가가\n점점 커져 갔지
MSG:7:188	039377	MSG:0:188	1e19159602dd892cc6df9e024d021b0a0140bc821198a89a1200	After that\nyou know{D}\nwhat\nhappened.	그다음은 자네가 제일\n잘 알겠지
MSG:7:189	039391	MSG:0:189	01b5022a88027b888415852c10889512840a027b9e10bc1f8389843d3d3d00	Something\nlike that was{D}\ndeep in my\nheart...	내 마음속에 그런\n마음이 있었다니…
MSG:7:190	0393B0	MSG:0:190	ac9d84027b85922c02b98303719e10980a1b151b2c03719e02b985849819839e0a10bc82898496841100	The heart\nhas light\nand dark.{D}\nThe most\nimportant\nthing is to{D}\nlighten\ndarkness.	어떤 마음에도 겉과 속이 있지\n하지만 속이 겉이 되는 일은\n있어서는 안 되네
MSG:7:191	0393DA	MSG:0:191	1b151b2c1088014802d889027b880a02b98303719c02109915139800	The\ncrystal made{D}\nlight\nbecome{D}\ndarkness.	하지만 그 수정은 마음의\n겉과 속을 뒤바꾼다네
MSG:7:192	0393F6	MSG:0:192	9517027715bc1f9288a80a1e1b822c1c8e841100	You did\nwell to{D}\nhelp. I\nam\nsorry.	용케 살아났군\n그리고,미안하네
MSG:7:193	03940A	MSG:0:193	018f8802a202829e2c027297034a8e99821b8ebc1f00	Now your\nfriend was{D}\npossessed.	자네 친구가 사로잡히고 말았네
MSG:7:194	039420	MSG:0:194	01f39e020a1795128584bc1f960a108802909c92bc8301fdb0828f98950d0a0179159b159815921b99841115968400	When I can\nmove,I will\nsearch the{D}\nfield more!\nMaybe I will\nfind something.	몸이 움직이게 되면\n그 밭을 더 조사해 보겠네{D}\n뭔가 알아낼지도 모르니
MSG:7:195	03944F	MSG:0:195	0404c0d3e6040080bd9d920a04047b7b040092023901b1a8bc1f9b8700	So <04>Atla<00>\nand my{D}\nhusband\nare OK...	<04>아트라<00>도\n<04>남편<00>도 무사했네요
MSG:7:196	03946C	MSG:0:196	ab922cf8edf45ded898ea80a10989b8700	But the\ndungeon{D}\nstill\nexists.	그래도 던전은 아직\n있네요
MSG:7:197	03947D	MSG:0:197	01a802c9892cf8edf45ded9e1098889e0a101f978e138501af1382161f9b00	Lately\ndungeons{D}\nexisting\nseems to be{D}\nthe norm.	요즘은 던전이 있는 게\n당연하게 느껴져요
MSG:7:198	03949C	MSG:0:198	1088f8edf45dedbc82ac121b820a101e1985109888151b96873f00	I wonder\nwhy that{D}\ndungeon is\nover there?	저 던전은 왜\n저기 있는 걸까요?
MSG:7:199	0394B7	MSG:0:199	0404c0d3e6040080bd9d920a023901b1ab9515bc1f9b8700	I am\nglad <04>Atla<00>{D}\nis OK\ntoo.	<04>아트라<00>도\n무사해서 다행이에요
MSG:7:200	0394CF	MSG:0:200	0249016d84033693cfd79e0a03328296998214921b9a119b00	Growing\nflowers and{D}\nseeds is\nso neat.	여러 꽃이랑 씨앗을\n키울 수 있어서 재밌어
MSG:7:201	0394E8	MSG:0:201	a8999211841784bc82841188850af8edf45ded9e109888bc820a022101af025c958700	Nobody is gonebut the\ndungeon is{D}\nstill there.\nMysterious.	아무도 사라지지 않았는데\n던전이 있다니\n신기해
MSG:7:202	03950B	MSG:0:202	95120a8415841511110252a89500	Man,nice\nhouse.	여어\n꽤 좋은 집이야
MSG:7:203	039519	MSG:0:203	a899922c01c201768801fb850af8edf45ded9e1098889c0a01409684119512a89500	We should\nensure\nnobody{D}\nelse finds\nthe inn\ndungeon!	아무도 여관 안에\n던전이 있다는 걸\n모르는 것 같아
MSG:7:204	03953B	MSG:0:204	849da8159b1596841118ac0a1111159da4a89500	No clue why.{D}I have a\ngood{D}\nfeeling.	뭔지 모르겠지만\n느낌이 좋아
MSG:7:205	03954F	MSG:0:205	a83c0a0283920140968411bc82198389840d0a14023089c4e91f8088e2d8bc820a1983a89500	The reason\nnobody has{D}\nheard of\nthe treasure{D}\nis because\nit is{D}\nwaiting for\nme to{D}\nclaim it!	에휴~\n아무도 모른다는 건{D}\n보물은 우리 차지라는\n거라고
MSG:7:206	039575	MSG:0:206	8d9d83853c0a9b15bc829d88153f00	Yeeep.{D}\nGet the\npicture?	정말~\n알아듣고 있는 거야?
MSG:7:207	039584	MSG:0:207	8ebc2c11111500	Bah.	뭐,됐어
MSG:7:208	03958B	MSG:0:208	19bc808504040b0400880a022501769c012302ad1b8214111f9500	Whatever.\nI had a{D}\nhome set\nup for you,{D}\n<04>{B}<00>!	여기에 <04>{B}<00>의\n방을 마련해 뒀어
MSG:7:209	0395A6	MSG:0:209	f8edf45ded1596025abc82161f960a1919ab2c025d908311119500	You can use\nit to rest{D}\nafter a\ndungeon.	던전에서 돌아오면\n여기서 쉬면 돼
MSG:7:210	0395C1	MSG:0:210	83971013a50a025d9dab14111f96ac12a800	Speaking\nof,need{D}\na break?	일단\n쉬어 두는 게 어때
MSG:7:211	0395D3	MSG:0:211	a4bd1001c201768801e2ab0a8ebc829815968400	I will\nwait{D}\noutside.	그럼 여관 앞에서\n기다릴게
MSG:7:212	0395E7	MSG:0:212	1e121e122c02e3118214161f110ac0c1d2e0898411153f00	Right.{D}\nNeed me to\nhold items?	맞다,맡겨 두고 싶은\n아이템은 없어?
MSG:7:213	0395FF	MSG:0:213	1988cfedcc8801fb850ac4e99e02f915bc8214179500	I can keep\nitems in{D}\nthis\ndresser.	이 옷장 안에\n내가 맡아 둘게
MSG:7:214	039615	MSG:0:214	ab922ccfedcc85890a3130c91b1502109684119500	But only\n10 items{D}\ncan fit\nin here.	하지만 옷장에는\n10개밖에 안 들어가
MSG:7:215	03962A	MSG:0:215	1f171a9d02e3118214178884960a027f026701768c02ac9c1b8214111f15960a1ebc808c02f918988311119500	If you have\nlots of\nitems,head{D}\nover to the\nstorehouse\nto store them.	많이 맡기려면\n창고지기한테 말해 뒀으니까\n거기 맡기면 돼
MSG:7:216	039657	MSG:0:216	8485152c02f915bc82141912153f0a1e9983922c01b3bc82019e178815113f00	Wanna deposit\nsomething?{D}\nOr perhaps\nwithdraw?	뭔가 맡아 둘까?\n아니면 가져갈 거야?
MSG:7:217	039677	MSG:0:217	02f9188214170a01b3bc82019e170a939182141700	Store\nTake\nQuit	맡긴다\n가져간다\n그만둔다
MSG:7:218	03968C	MSG:0:218	0fc0d3e688cfedcc0f0c00	Dresser¶	 아트라의 옷장 ¶
MSG:7:219	039697	MSG:0:219	cfedcc8801fb8911bcb211ab1c00	The dresser{D}\nis full.	옷장 안이 가득 찼습니다
MSG:7:220	0396A5	MSG:0:220	dbc7ea8801fb8911bcb211ab1c00	The bag{D}\nis full.	주머니 안이 가득 찼습니다
MSG:7:221	0396B3	MSG:0:221	14210a1415139700	Hey!	오!\n어서 와
MSG:7:222	0396BB	MSG:0:222	ac12a8110a84851510bc1f153f00	So then,\nanything{D}\nhappen?	어때\n뭔가 있었어?
MSG:7:223	0396C9	MSG:0:223	8b9d8b9d00	Hm!	흠흠
MSG:7:224	0396CE	MSG:0:224	02db1101bb850a01471101461500	Is\nthat?	빨간 구슬에\n파란 돌이라
MSG:7:225	0396DC	MSG:0:225	841584150a951a1e12a88400	Magic-\nite?{D}\nSeems\nnice.	꽤\n좋아 보이는데
MSG:7:226	0396E8	MSG:0:226	93bc83e9c0c0c1d2e0830a0197b09892888501c402be130a1e12a8958400	You have\nfinally\ncome{D}\nacross a\nrare item\ntreasure!	드디어 레어 아이템이라고\n부를 만한 걸 만날\n것 같아
MSG:7:227	039706	MSG:0:227	8b3c903d3d3d0a01a802d78502bebc1f8316890a0404c5dfe67b7b0400ab0d0a81160243831a991f831685890a0404f45bd5cf3b0400849da800	We met\n<04>Camillas\nDad<00> first.{D}\nBut it\nwas <04>Janita<00>\nat the inn{D}\ninstead.	흐음…\n처음 만났을 때는\n<04>카미라 아빠<00>였고{D}\n떠밀렸을 때는\n<04>자니타<00>였단 말이지
MSG:7:228	039740	MSG:0:228	8ebc210f111115210ac0c1d2e0119a119a10981b00	What! How isthat? So{D}\nmany items!	뭐!됐어!\n아이템이 잔뜩 있으니까
MSG:7:229	039755	MSG:0:229	01f6026a16840404c0d3e60400890a0606063d060606063d060606063d060606063d060606063d0a11841100	He is\ngone...{D}\nMy dear\nfriend{D}\n<04>Atla<00>...	사랑하는 <04>아트라<00>는\n{6:06}{6:3D}{6:06}{6:06}·{6:06}{6:06}·{6:06}{6:06}·{6:06}{6:06}·\n이제 없다
MSG:7:230	039781	MSG:0:230	3d06063d06063d06063d06063d06060d0af2e1ed210f0f00	.{6:06}.{6:06}.{6:06}.{6:06}.{D}\n	·{6:06}·{6:06}·{6:06}·{6:06}·{6:06}{D}\n미안!
MSG:7:231	039799	MSG:0:231	108e9785014802d89e0a169911a8bc1f15960d0a849da89a128301afbc1f960a9b189b159d841784bc82168200	Sorry! The\ncrystal was{D}\nso pretty,\nI wondered{D}\nwhat it\nwas. No{D}\nclue why.	수정이 너무\n예뻐서{D}\n뭘까 하고 생각했더니\n머리가 이상해져 버렸어
MSG:7:232	0397C6	MSG:0:232	1a822c10938ebc1f1b0d0a01b789027297034a8e9982988316850a1ca211c1e13bf49c015c1f9da800	That was a\nmistake. I{D}\nsaw an\nincredible{D}\nimage as I\nwas{D}\npossessed.	자,사과는 했으니까{D}\n실은 사로잡혀 있을 때\n굉장한 걸 봤어
MSG:7:233	0397EF	MSG:0:233	1088014802d8880140014f8801fb850ac4e90282880140968411c0c1d2e00a9e11bcb21110bc1f9da800	The mind\nof the\ncrystal had{D}\nmany items\nI had not\nseen!	그 수정의 지식 속에\n우리가 모르는 아이템이\n잔뜩 있었어
MSG:7:234	039819	MSG:0:234	1088f8edf45ded8801fb850af627cfc18510989da800	Those are\ndefinitely{D}\nin that\ndungeon!	저 던전 안에\n틀림없이 있어
MSG:7:235	03982F	MSG:0:235	849da815014096841118ac0a01ef01fe9e1a9e1b821fa700	Not sure\nbut they{D}\nseek the\nmayor.	뭔지 모르겠지만\n촌장이 찾던데
MSG:7:236	039847	MSG:0:236	838497880404e6ccc70400a818ac0a5fea5fea88025902549c84141b82980a8f1f11a88400	Seems <04>Rask<00> to\nthe left is\nfixing up{D}\nan old\nmachine.	옆집 <04>라스크<00> 말인데\n낡아 빠진 기계를 고치는\n모양이야
MSG:7:237	03986C	MSG:0:237	c4c1e8ab928699ad0a111188858400	Oil wouldhelp.	기름이라도 바르면\n될 텐데
MSG:7:238	03987B	MSG:0:238	838497880404e6ccc70400a818ac0a8e1f022d88c53bfc9c01f81b8211980a8f1f11a800	<04>Rask<00> to the\nleft seeks\na different{D}\nCard.	옆집 <04>라스크<00> 말인데\n또 다른 카드를 찾는\n모양이야
MSG:7:239	03989F	MSG:0:239	849dab922cc0c1d2e09c0a01b5022a8802528c01e89819839e0aab1698961b1100	Seems\nlike no\nmatter{D}\nwhere,it\ncan send\nitems\nhome.	뭐든지 아이템을\n자기 집으로 보낼 수\n있대
MSG:7:240	0398C0	MSG:0:240	04040b04009e01b3bc820a025abc82161fc0c1d2e09c015c820a8f9d849e2c14ac9a1182989500	<04>{B}<00>,\neveryone is\nsurprised{D}\nto see the\nitems you\nbring back.	<04>{B}<00>,네가 가지고\n돌아온 아이템을 보고\n다들 놀라고 있어
MSG:7:241	0398E7	MSG:0:241	91a5961b1188832c5eede78488ab0a8f9d848801de018492022e9bbc82161e12a800	They are rare\nand useful,so{D}\nit changed\nthe way of life.	신기하고 편리하니까\n다들 생활도 바뀌겠어
MSG:7:242	039909	MSG:0:242	ac9dac9dc0c1d2e09c021599ad0ac4e9028288023a01e292021599821798a700	At this\nrate,we{D}\nneed to\nmarket our{D}\nnames,too.	아이템을 척척 팔면\n우리 이름도 알려질 거야
MSG:7:243	039929	MSG:0:243	ac9dac9dc0c1d2e09c021599ad0a01f6015f01b3801a00	If we keep\nselling,we{D}\nwill be rich!	아이템을 척척 팔면\n큰 부자야
MSG:7:244	039940	MSG:0:244	01a3020588f8edf45ded3d3d3d0a109989023901958501ed118211983d3d3d00	The next\ndungeon...{D}\nwill go on\nforever...	이번 던전은…\n끝없이 이어져 있어…
MSG:7:245	039960	MSG:0:245	03129b979e0239113d3d3d0a1e9d84d5c4c19e1c9800	It seems...\nendless.	끝이 없어…\n그런 냄새가 나
MSG:7:246	039976	MSG:0:246	1e99a4bd100a019ebc828f95121500	Well,whynot take{D}a look?	그럼\n가 볼까
MSG:7:247	039985	MSG:0:247	8c3c0a1997bd11119300	! This\nis all?	헤에~\n이거 좋은데
MSG:7:248	03998F	MSG:0:248	023602088501c201768801fb9e0af8edf45ded1e8892880a8584bc82989da800	The\ninside of\nthe inn{D}\nreally IS\na dungeon!	정말로 여관 안이\n던전 그 자체가\n돼 버렸어
MSG:7:249	0399AF	MSG:0:249	a4bd101f889da8950a04040b04002100	It is up\nto you,{D}\n<04>{B}<00>!	그럼 부탁해\n<04>{B}<00>!
MSG:7:250	0399BF	MSG:0:250	c4e9892c01ef8801fb9c017dbc820a0279029a9c02759183179500	I will\ngather{D}\ninfo around\nthe village.	난 마을을 돌면서\n정보를 모아 둘게
MSG:7:251	0399DA	MSG:0:251	ac121b1f3f0d0aa811a4bf12afa8bc82210a849d83158498bc822100	What? Are\nyou OK?{D}\nSomething\nhappen?	왜 그래?{D}\n괜찮다니까!\n어떻게든 될 거야!
MSG:7:252	0399F6	MSG:0:252	951b951b0a9e9dadbc8217999500	OK,then!{D}\nDo your\nbest!	좋아좋아\n힘내라고
MSG:7:253	039A04	MSG:0:253	14112ca811a4bf12af153f00	Hey,you\nall right?	이봐,괜찮아?
MSG:7:254	039A10	MSG:0:254	025b9c0271bc1f960a19198c02f0ad1a991fbc823f00	You fainted\nand ended{D}\nup here?	정신을 잃었더니\n여기로 날아왔다고?
MSG:7:255	039A26	MSG:0:255	ac1284bc829da83f00	What{D}\nhappened?	어떻게 된 거야?
MSG:7:256	039A2F	MSG:0:256	3d3d3d3d8ebc1111150aa811a4bf12af1e12a81b8400	...Well.{D}\nAt least\nyou are OK.	……뭐,됐어\n괜찮아 보이니까
MSG:7:257	039A45	MSG:0:257	1e99ab11119288890a10bc1f88153f00	So,did\nyou{D}\nfind any-thing?	그래서 좋은 건\n있었어?
MSG:7:258	039A55	MSG:0:258	84210f849da8bc82213f0a01b38002299e841784bc8298a8bc822100	What!\nReally!? Your{D}\nitems are\ngone!	뭐!뭐라고!?\n소지품이 없어졌다고!
MSG:7:259	039A71	MSG:0:259	849d8219bc1f0aac1297ab2ca811a4bf12af849da800	What the\nhey? At least{D}\nyou are OK!	이런 세상에\n그래서 멀쩡했구나
MSG:7:260	039A87	MSG:0:260	04040b04002c819f890a849d83151b8201b5011dab0f0d0a025abc8217989da89500	<04>{B}<00>.{D}\nNext time,\ntry to{D}\nget back\non your\nown.	<04>{B}<00>,다음엔\n어떻게든 혼자 힘으로{D}\n돌아오라고
MSG:7:261	039AA9	MSG:0:261	1e12a4bd8411833d3d00	Counting{D}\non you!	안 그러면…
MSG:7:262	039AB3	MSG:0:262	1f889da89500	Bye!	부탁해
MSG:7:263	039AB9	MSG:0:263	199d85808900	Hello.	안녕하세요
MSG:7:264	039ABF	MSG:0:264	01b789cfedcc88121b9a850aa811a484e4feeb9e024380820a1b8ebc1f88ab1c00	I dropped myimportant\nring.	실은 옷장 뒤에\n소중한 반지를 떨어뜨리고\n말았어요
MSG:7:265	039AE0	MSG:0:265	8485152c1111c0c1d2e0890a84119288ab1bbf12153f00	Would you\nhappen to{D}\nhave any\ngood items?	뭔가 좋은 아이템은\n없을까요?
MSG:7:266	039AF7	MSG:0:266	1988c0c1d2e0ab890a0272991e128510978e1d9d8700	Seems this\nitem can{D}\nnot be\ntaken.	이 아이템으로는\n못 꺼낼 것 같네요
MSG:7:267	039B0D	MSG:0:267	102c1999892100	This!	아,이건!
MSG:7:268	039B14	MSG:0:268	10979e8312a2a3118e1c0a93bc8302729819839eab168e1b1f00	Thank you\nmuch. Now{D}\nit could be\ntaken.	고맙습니다\n드디어 꺼낼 수 있었어요
MSG:7:269	039B2E	MSG:0:269	1a1a9315ab1c9e0a1403729c121883bc8217a81a1100	It is not\nmuch but{D}\nhave this\nas thanks.	약소하지만\n답례를 받아 주세요
MSG:7:270	039B44	MSG:0:270	11933c0f109915960a171d8584bc821b8ebc823d3d00	No,from\nthere. It{D}\nbecame a\nhabit...	아니~ 그 뒤로\n버릇이 돼 버려서…
MSG:7:271	039B5A	MSG:0:271	84158415111101efab1c0a1999159692bc8301f616170a84971e12ab1c8700	This nice\nvillage\nwill keep{D}\ngrowing.	꽤 좋은 마을이에요\n앞으로 더 커질\n것 같네요
MSG:7:272	039B79	MSG:0:272	83199aab2c1988c53bfc890a01a801a0ab1c00	By the\nway,Doom{D}\nCard is\ngreat!	그런데 이 카드는\n최고예요
MSG:7:273	039B8C	MSG:0:273	3202af15962c3102af8c159d1f9d850a14979819839eab169888ab1c159600	Using it\nyou can{D}\neasily go\nfrom 2F to{D}\n1F!	2층에서 1층으로 간단히\n내려갈 수 있으니까요
MSG:7:274	039BAB	MSG:0:274	ab922c01a802d7853202af85118411830a01fa023b859197199dab1b8e118e1c00	But if\nyou are not on{D}\n2F you\nend up in{D}\nthe ground!	하지만 처음에 2층에 없으면\n땅에 파묻혀 버려요
MSG:7:275	039BCC	MSG:0:275	198801ef8591a5961b11c0c1d2e09e0a0215969982119883032411820a8abc191b82168e1b1f8800	I heard\nthere were\nrare items{D}\nso I moved\nhere!	이 마을에서 신기한 아이템을\n판다고 들어서\n이사 왔어요
MSG:7:276	039BF4	MSG:0:276	108801ae852c16161e12840ac0c1d2e09e015c811599ad111188ab1c9e00	I want\nto find an{D}\nitem to help\nmy child.	우리 아이에게 들을 만한\n아이템을 찾으면 좋겠는데요
MSG:7:277	039C12	MSG:0:277	1988fce9c1ed880236ab0a198801ae858015969c0a9b188217a81a1100	Use the\nDrain\nbook to{D}\ngive\npower to\nmy{D}\nchild.	이 드레인의 책으로\n이 아이에게 힘을\n나눠 주세요
MSG:7:278	039C2F	MSG:0:278	108301ca1bab0265025b850a849888ab1c00	They are\nnearly{D}\nbetter.	조금만 더 있으면\n기운을 차릴 거예요
MSG:7:279	039C41	MSG:0:279	10b73d3d3d00	Ah...	아아…
MSG:7:280	039C47	MSG:0:280	0265025b840249853d3d00	Better!	혈색이 돌아와요…
MSG:7:281	039C52	MSG:0:281	10979e8312a2a3118e1c00	Thank you.	고맙습니다
MSG:7:282	039C5D	MSG:0:282	ac121403729c1b82111188939600	How can I{D}\nrepay you?	뭐라고 감사드려야 할지
MSG:7:283	039C6B	MSG:0:283	108801aebc1f960a0144abd33bfc8584bc820a023d9dab11989dab1c00	My\nchild\nbecame a{D}\ntoad to\nplay in a\nfountain.	우리 애가 글쎄\n샘에서 두꺼비가 돼서\n놀고 있지 뭐예요
MSG:7:284	039C88	MSG:0:284	140338ab2c023dae1f1184b700	I want{D}\nto go play.	밖에서 놀고 싶다~
MSG:7:285	039C95	MSG:0:285	14034380bd9d890a022101af025c84c0c1d2e09e02438082980af8edf45ded8c023dae85111788ab1bbf3f00	Maybe my\nbrother went\nto check the{D}\ndungeon with\nthe mysterious\nitems?	오빠는\n신기한 아이템이 떨어져 있는\n던전에 놀러 가는 거지?
MSG:7:286	039CC1	MSG:0:286	101f1b92019e161f1184b700	I want{D}\nto go!	나도 가고 싶다~
MSG:7:287	039CCD	MSG:0:287	9bb7110a14034380bd9d10979e831200	Wah!{D}\nThanks,\nbrother!	와아\n오빠 고마워
MSG:7:288	039CDD	MSG:0:288	1415101a9d9e870a109d8e97d33bfc8584bc82023daf84bc8200	Mom said less\nplaying as a{D}\ntoad in\nfountains.	엄마가 말이야\n두꺼비가 돼서 너무 놀지 말래
MSG:7:289	039CF7	MSG:0:289	15849701f6168401ef850a84bc1f9b8700	This\nvillage{D}\nwill\nkeep{D}\ngrowing.	꽤 큰 마을이\n됐네요
MSG:7:290	039D08	MSG:0:290	8ea88ea80a159b989b8700	I willknow{D}\nsome\nday.	아직도\n변할 거예요
MSG:7:291	039D13	MSG:0:291	8ea82c159b9883199a9e0a10989b9500	I am\ncloser to{D}\nknowing!	아직 변할 곳이\n있어요
MSG:7:292	039D23	MSG:0:292	921201ca1b8485150a159b989b9500	Soon,\nI will{D}\nunder-\nstand!	조금 더 뭔가\n변할 거예요
MSG:7:293	039D32	MSG:0:293	1ca2119b0a1cad961b1101ef8700	The\nvillage{D}\nis\ngreat,no?	굉장해요\n멋진 마을이네요
MSG:7:294	039D40	MSG:0:294	0181152c018f1f808502bebc1f88890a1919a8bc1f8400	This is\nwhere we{D}\nmet,yes?	분명,자네들을 만난 게\n여기였지
MSG:7:295	039D57	MSG:0:295	0404c0d3e60400018f890a023901b1a89a12153d3d3d00	Will <04>Atla<00>\nbe OK...?	<04>아트라<00> 군은\n무사할까…
MSG:7:296	039D6E	MSG:0:296	9b1f1b892c198802909c0a92bc8301f616171b820d0a198801ef9c941f15850a1b1f1188a89500	I want to\nexpand thefield for\nour{D}\nvillage!	나는 이 밭을\n더 넓혀서{D}\n이 마을을 풍요롭게\n만들고 싶다네
MSG:7:297	039D95	MSG:0:297	c5c5cb9e841784bc821b8ebc1f00	A scarecrow\nis missing.	허수아비가 없어져 버렸어
MSG:7:298	039DA3	MSG:0:298	028392027297034a8e998211841188850af8edf45ded892c1e198510980d0aac121b828488153d3d3d00	Nobody is\npossessed\nbut a{D}\ndungeon is\nstill over\nthere...	아무도 사로잡히지 않았는데\n던전은 저기 있어{D}\n어째서일까…
MSG:7:299	039DCD	MSG:0:299	f8edf45ded890283158802fa036a9c9283850a1e1985026c9e980d0aab892c02838802fa036a8488153d3d00	Dungeons are\nbased on{D}\ndesires,but\nI wonder{D}\nwhose desires\nthese are?	던전은 누군가의 욕망을\n바탕으로 펼쳐지지{D}\n그럼 누구의 욕망일까…
MSG:7:300	039DF9	MSG:0:300	c15eedd39c015c8e1c153f0c00	See event?¶	See event?¶
MSG:7:301	039E06	MSG:0:301	849d93879d840a8ea893bc8200	I am\ndoing{D}\nsome\nthing.	Wait\nnot done yet
MSG:7:302	039E13	MSG:0:302	ac999c11a4989d933f0c00	Which one?¶	Which one?¶
MSG:7:303	039E1E	MSG:0:303	1811a3118916be12dbe6f00f0acbd4e7c4dbe6f00f0f121303570ac3c0ea8802360f0f0f0f839101b00affe7edc788c53bfc0f153c01100a9b16014888c53bfc0f0fad1803350ae2d5cf3b1a9dc6edcb0f0f02320acaedf83b8802360f0f0f0f0f0f0a93919300	Shop flag\nScenario flag\nAero Book\nBlink Card\nSpring Card\nMonitor\nThunder Book\nExit	Shop flag\nScenario flag\nAero Book\nBlink Card\nSpring Card\nMonitor OFF\nThunder Book\nExit
MSG:7:304	039E85	MSG:0:304	3030300a3130300a3135300a3230300a3235300a3330300a93919300	000\n100\n150\n200\n250\n300\nEnd	000\n100\n150\n200\n250\n300\nExit
MSG:7:305	039EA1	MSG:0:305	1a111bbf0afce810830aa811329b0aa811339b0a93919300	Start\nChip\nPart 2\nPart 3\nEnd	Start\nChip after\nPart 2\nPart 3\nExit
MSG:7:306	039EB9	MSG:0:306	30300a31300a32300a33300a34300a35300a93919300	00\n10\n20\n30\n40\n50\nEnd	00\n10\n20\n30\n40\n50\nExit
MSG:7:307	039ECF	MSG:0:307	30300a33300a35300a37300a93919300	00\n30\n50\n70\nEnd	00\n30\n50\n70\nExit
MSG:7:308	039EDF	MSG:0:308	e2d5cf3b1a9d8981159b8411ab0c00	Do not use¶	No Monitor¶
MSG:7:309	039EEE	MSG:0:309	0f30300a0f31300a0f32300a0f33300a0f34300a0f35300a0f36300a0f37300a0f38300a0f39300a3130300a93919300	00\n10\n20\n30\n40\n50\n60\n70\n80\n90\n100\nEnd	 00\n 10\n 20\n 30\n 40\n 50\n 60\n 70\n 80\n 90\n100\nExit
MSG:7:310	039F1E	MSG:0:310	9512191e210a191297bd17887fc1edd3892c023693d1e12cc7e69c0a035701ba85033282981983ab1c0ae0e79c1b8281bc198ea585d2e97fc53bfcab01ef8c0a025abc824c569c10a18e1bbf120a0f0f0f0f0f0f0f159d1bbe120f01fb01ef02cc024d0f959700	Welcome! It is\neffective to make\nsure you raise\nBooks,Talons,{100}\nSaddles. Increase\nyour level without{D}\noverdoing it by\nusing Teleport\nCards to return to\nthe village.\n-Director Nakamura\nKouichi	환영합니다!\n공략 포인트는 책,발톱,안장을\n잘 키우는 것입니다\n무리하게 파고들지 말고 텔레포 카드로\n마을에 돌아와 LV를 올립시다\n    감수 나카무라 코이치
SLPS:0	06CB04		7d3be900	Poulet	
SLPS:1	06CB08		00		
SLPS:2	06CB0A		891100	OK	
SLPS:3	06CB0D		11111300	No 	
SLPS:4	06CB11		0190020200	OK	
SLPS:5	06CB16		022e019d00	OK	
SLPS:6	06CB1B		93919800	End	
SLPS:7	06CB1F		10111213149b0f9c0f9d15161718199e9fa0a1a21a1b1c1d1ea3a4a5a6a71f80818283a8a9aaabac8485868788adaeafb0b1898a8b8c8db2b3b4b5b68e8f909192b7b8b9babb930f940f95bd0fbe0fbf969798999a3b0fbc0808c0c1c2c3c4eb0fec0fedc5c6c7c8c9eeeff0f1f2cacbcccdcef3f4f5f6f7cfd0d1d2d3f8f9fafbfcd4d5d6d7d8fdfeff5e5fd9dadbdcdd7b7c7d7e7fdedfe0e1e22223242526e30fe40fe55b0f5c0f5de6e7e8e9ea3b20270808303132333435363738394142434445464748494a4b4c4d4e4f505152535455565758595a0f0f0f0f6162636465666768696a6b6c6d6e6f707172737475767778797a0f0f0f0f213f2b2d2f3c28292c2a2e3d3e3a40600f0f080800	{10}{11}{12}{13}{14}{9B} {9C} {9D}{15}{16}{17}{18}{19}{9E}{9F}{A0}{A1}{A2}{1A}{1B}{1C}{1D}{1E}{A3}{A4}{A5}{A6}{A7}{1F}{80}{81}{82}{83}{A8}{A9}{AA}{AB}{AC}{84}{85}{86}{87}{88}{AD}{AE}{AF}{B0}{B1}{89}{8A}{8B}{8C}{8D}{B2}{B3}{B4}{B5}{B6}{8E}{8F}{90}{91}{92}{B7}{B8}{B9}{BA}{BB}{93} {94} {95}{BD} {BE} {BF}{96}{97}{98}{99}{9A}; {BC}{8:08}{C0}{C1}{C2}{C3}{C4}{EB} {EC} {ED}{C5}{C6}{C7}{C8}{C9}{EE}{EF}{F0}{F1}{F2}{CA}{CB}{CC}{CD}{CE}{F3}{F4}{F5}{F6}{F7}{CF}{D0}{D1}{D2}{D3}{F8}{F9}{FA}{FB}{FC}{D4}{D5}{D6}{D7}{D8}{FD}{FE}{FF}^_{D9}{DA}{DB}{DC}{DD}{|}~{7F}{DE}{DF}{E0}{E1}{E2}"#$%&{E3} {E4} {E5}[ \ ]{E6}{E7}{E8}{E9}{EA}; '{8:08}0123456789ABCDEFGHIJKLMNOPQRSTUVWXYZ    abcdefghijklmnopqrstuvwxyz    !?+-/<(),*.=>:@`  {8:08}	
SLPS:8	06CC2E		01a801f636022b01b200	6 max	
SLPS:9	06CC38		023a01e200	Name	
SLPS:10	06CC3D		141700	Drop	
SLPS:11	06CC40		189800	Kick	
SLPS:12	06CC43		81151200	Use	
SLPS:13	06CC47		889000	Drink	
SLPS:14	06CC4A		1fb09800	Eat	
SLPS:15	06CC4E		01e6010c00	Equip	
SLPS:16	06CC53		89a51c00	Remove	
SLPS:17	06CC57		959000	Read	
SLPS:18	06CC5A		1b15189800	Use?	
SLPS:19	06CC5F		11999800	Put	
SLPS:20	06CC63		8a9a1200	Get	
SLPS:21	06CC67		0268025700	Swap	
SLPS:22	06CC6C		d1e100	Talons	
SLPS:23	06CC6F		c7e600	Saddle	
SLPS:24	06CC72		014b011f00	Collars	
SLPS:25	06CC77		023600	Books	
SLPS:26	06CC7A		012c014600	Magicit	
SLPS:27	06CC7F		01bb00	Pearls	
SLPS:28	06CC82		171c9700	Drinks	
SLPS:29	06CC86		01b783cfd700	Seeds 	
SLPS:30	06CC8C		c53bfc00	Cards 	
SLPS:31	06CC90		1e8802b700	Misc. 	
SLPS:32	06CC95		e1e2e73bc53bfc9c0153bc8288cd3bff89ab168e1d9d028b01fbabe1e2e73bc53bfc9c1a1b8292cd3bff890f0fab16841188aba202e502ad17a81a110f0f0f0f0f0f0f0f023601f388028901949c0145bc1f972ce7cd27d39c1c98830f0f02ba026488020f02bb8901cb13821b8e118e1c00	Without a Memory Card\n\ndata will be \nlost if the game is reset or  powered of\nf.        Please use a card.       	
SLPS:33	06CD07		e1e2e73bc53bfc85018e16ffea27c79e10978e1d9d00	No free blocks	
SLPS:34	06CD1D		101f961b1702ba02649c02b3919800	New Game	
SLPS:35	06CD2C		02ba02648881aa169c1c9800	Continue	
SLPS:36	06CD38		02ba02649c12811c00	Copy	
SLPS:37	06CD41		02ba02649c181c00	Erase	
SLPS:38	06CD49		ccea27d331ab02ba02649c02b3919800	Slot 1	
SLPS:39	06CD59		ccea27d332ab02ba02649c02b3919800	Slot 2	
SLPS:40	06CD69		e1e2e73bc53bfc9c01539b841100	No card	
SLPS:41	06CD77		ccea27d331159681aa169c1c9800	Slot 1	
SLPS:42	06CD85		ccea27d332159681aa169c1c9800	Slot 2	
SLPS:43	06CD93		ccea27d3318802ba02649c12811c00	Slot 1	
SLPS:44	06CDA2		ccea27d3328802ba02649c12811c00	Slot 2	
SLPS:45	06CDB1		ccea27d3318802ba02649c181c00	Slot 1	
SLPS:46	06CDBF		ccea27d3328802ba02649c181c00	Slot 2	
SLPS:47	06CDCD		e95ee855508eab00	Next Lv	
SLPS:48	06CDD5		01a801d402af00	 	
SLPS:49	06CDDC		01c501b3015f00		
SLPS:50	06CDE3		efe800	GP	
SLPS:51	06CDE6		01150116011d00	ATK	
SLPS:52	06CDED		0235011c011d00	DEF	
SLPS:53	06CDF4		41544200	ATB	
SLPS:54	06CDF8		108300	to	
SLPS:55	06CDFB		02ed0235011c00	SDF	
SLPS:56	06CE02		d827c7c0c2d300	K.O.  	
SLPS:57	06CE09		c0c1d2e000	Item	
SLPS:58	06CE0E		01e0020200	Setup	
SLPS:59	06CE13		101b928300	Foot	
SLPS:60	06CE18		013801694c5600	ReadLv	
SLPS:61	06CE1F		01788802af8c14979800	Go down	
SLPS:62	06CE29		cd3bff1b8214979800	Save{100}Go	
SLPS:63	06CE32		939182141700	Exit	
SLPS:64	06CE38		02f9189800	Give	
SLPS:65	06CE3D		02729701c41c00	Take	
SLPS:66	06CE44		027f026700	Wiz	
SLPS:67	06CE49		dfd5de277d02b902b400	Map Fill	
SLPS:68	06CE53		dfd5de277d01f6161a00	Map Size	
SLPS:69	06CE5D		415442fd3b02b902b400	Fade ATB	
SLPS:70	06CE67		415442fd3b02ae019e00	Foe ATB 	
SLPS:71	06CE71		e127cd3bf4cc7c3bfc00	TextSpeed	
SLPS:72	06CE7B		c223edfcc2028f026100	Window	
SLPS:73	06CE85		028f02610219013b012a00	WindowFade	
SLPS:74	06CE90		cac2edfc00	SFX.	
SLPS:75	06CE95		0117111f83199a00	Step	
SLPS:76	06CE9D		0210bc1f83199a00	Room	
SLPS:77	06CEA5		1414161100	Big	
SLPS:78	06CEAA		80111a1100	Tiny	
SLPS:79	06CEAF		1c189800	Yes	
SLPS:80	06CEB3		1c18841100	No	
SLPS:81	06CEB8		828e1300	 No	
SLPS:82	06CEBC		121b9a00	Yes	
SLPS:83	06CEC0		89931100	Fst	
SLPS:84	06CEC4		8b811200	Mid	
SLPS:85	06CEC8		141e1100	Slo	
SLPS:86	06CECC		0f0f3100	  1	
SLPS:87	06CED0		0f0f3200	  2	
SLPS:88	06CED4		0f0f3300	  3	
SLPS:89	06CED8		0f0f3400	  4	
SLPS:90	06CEDC		0f0f3500	  5	
SLPS:91	06CEE0		0f0f3600	  6	
SLPS:92	06CEE4		0f0f3700	  7	
SLPS:93	06CEE8		0f0f3800	  8	
SLPS:94	06CEEC		4f4e00	ON	
SLPS:95	06CEEF		4f464600	OFF	
SLPS:96	06CEF3		ccd2e9c400	Ster	
SLPS:97	06CEF8		e2d8e6e800	Mono	
SLPS:98	06CEFD		ebc1fc00	Sur	
SLPS:99	06CF01		02141200	Buy	
SLPS:100	06CF05		02159800	Sel	
SLPS:101	06CF09		02af02b800	Setup	
SLPS:102	06CF0E		cd3bff00	Sav	
SLPS:103	06CF12		01fdb09800	Look	
SLPS:104	06CF17		c0c1d2e002b602b000	ItemFile	
SLPS:105	06CF20		e2edcccf3b02b602b000	BeastFile	
SLPS:106	06CF2A		ccea27d300	Slot	
SLPS:107	06CF2F		01539b9982118e1d9d00	No Data	
SLPS:108	06CF39		43449e017f1896991f00	CD error	
SLPS:109	06CF43		809e12fb23ccc79e119996991f00	Disk changed.	
SLPS:110	06CF51		fb3bcfdb22c1e89ccd3bff1b82118e1c0fe1e2e73bc53bfc83c9edd3ea3be69c0f0f0292161a1b0f1b8411ab17a81a1100	Saving data...   Do not touch the memory card.  	
SLPS:111	06CF82		c3e63b3400	{C3}{E6};4	
SLPS:112	06CF87		c3e63b3500	{C3}{E6};5	
SLPS:113	06CF8C		c3e63b3600	{C3}{E6};6	
SLPS:114	06CF91		c3e63b3700	{C3}{E6};7	
SLPS:115	06CF96		fb3bcfdb22c1e8ea3bfc01fb0f0f0f0f0f0fe1e2e73bc53bfc83c9edd3ea3be69c0f0f0292161a1b0f1b8411ab17a81a1100	Loading data      Do not touch the memory card.	
SLPS:116	06CFC8		fb3bcfdb22c1e8cd3bff01fb0f0f0f0f0f0fe1e2e73bc53bfc83c9edd3ea3be69c0f0f0292161a1b0f1b8411ab17a81a1100	Saving data...    Do not touch the memory card.	
SLPS:117	06CFFA		e1e2e73bc53bfcd02527c701fb0f0f0f0f0fe1e2e73bc53bfc83c9edd3ea3be69c0f0f0292161a1b0f1b8411ab17a81a1100	Reading data...   Do not touch the memory card.	
SLPS:118	06D02C		fb3bcfdb22c1e8c97c3b01fb0f0f0f0f0f0fe1e2e73bc53bfc83c9edd3ea3be69c0f0f0292161a1b0f1b8411ab17a81a1100	Copying data...   Do not touch the memory card.	
SLPS:119	06D05E		fb3bcfdb22c1e8034e035501fb0f0f0f0f0f0f0fe1e2e73bc53bfc83c9edd3ea3be69c0f0f0292161a1b0f1b8411ab17a81a1100	Erasing data...     Do not touch the memory card.	
SLPS:120	06D092		fb3bcfdb22c1e80154027c01fb0f0f0f0f0f0f0fe1e2e73bc53bfc83c9edd3ea3be69c0f0f0292161a1b0f1b8411ab17a81a1100	Do not touch        the memory card. 	
SLPS:121	06D0C6		e1e2e73bc53bfc9e029ddb263bde27d3ab1cdb263bde27d39c019e118e1c153f00	Format thememory card?          	
SLPS:122	06D0E7		e1e2e73bc53bfcdb263bde27d301fb0f0f0fe1e2e73bc53bfc83c9edd3ea3be69c0f0f0292161a1b0f1b8411ab17a81a1100	Formatting data...Do not touch the memory card.  	
SLPS:123	06D119		021b8502b51b1102ba02649c02b102bc1b8e1c153f00	:New Game?	
SLPS:124	06D12F		021b8802ba02649c01cb1b8e1c153f00	:Erase data?	
SLPS:125	06D13F		021b8802ba02648801ed169c1b8e1c153f00	:Continue?	
SLPS:126	06D151		021b8502ba02649c12811b8e1c153f00	:Copy Data?	
SLPS:127	06D161		fb3bcfdb22c1e88903570276161a998e1c0ffb3bcfdb22c1e89ccd3bff1b8e1c153f00	{FB};{CF}{DB}"{C1}{E8}{89}{357}{276}{16}{1A}{99}{8E}{1C} {FB};{CF}{DB}"{C1}{E8}{9C}{CD};{FF}{1B}{8E}{1C}{15}?	
SLPS:128	06D184		e1e2e73bc53bfc85db22c1e89e10978e1d9d00	{E1}{E2}{E7};{C5};{FC}{85}{DB}"{C1}{E8}{9E}{10}{97}{8E}{1D}{9D}	
SLPS:129	06D197		e1e2e73bc53bfc9e1a1abc828e1d9d00	{E1}{E2}{E7};{C5};{FC}{9E}{1A}{1A}{BC}{82}{8E}{1D}{9D}	
SLPS:130	06D1A7		e1e2e73bc53bfc9edb263bde27d31a99828e1d9d00	Card not formatted. 	
SLPS:131	06D1BC		03570276161b8e1c153f00	{357}{276}{16}{1B}{8E}{1C}{15}?	
SLPS:132	06D1C7		fb3bcfdb22c1e89e10978e1d9d00	No data file.	
SLPS:133	06D1D5		fb3bcfdb22c1e89e0154027cab168e1d9dab1b1f00	Data not saved.	
SLPS:134	06D1EA		fb3bcfdb22c1e89eea3bfcab168e1d9dab1b1f00	Data not loaded	
SLPS:135	06D1FE		fb3bcfdb22c1e89e034e0355ab168e1d9dab1b1f00	{FB};{CF}{DB}"{C1}{E8}{9E}{34E}{355}{AB}{16}{8E}{1D}{9D}{AB}{1B}{1F}	
SLPS:136	06D1FE	SLPS:135	fb3bcfdb22c1e89e034e0355ab168e1d9dab1b1f00	{FB};{CF}{DB}"{C1}{E8}{9E}{34E}{355}{AB}{16}{8E}{1D}{9D}{AB}{1B}{1F}	
SLPS:137	06D213		fb3bcfdb22c1e89ec97c3bab168e1d9dab1b1f00	Data was not copied	
